#Province id 0 is ignored, hard coded.
0;0;0;0;x;x;
1;42;3;128;VESTFIRDIR;x;
2;84;6;1;REYKJAVIK;x;
3;126;9;129;STOKKSEYRI;x;
4;168;12;2;REYDARFJALL;x;
5;0;15;130;HUSAVIK;x;
6;168;45;177;TORSHAVN;x;
7;84;21;131;SCALLOWAY;x;
8;126;24;4;KIRKWALL;x;
9;168;27;132;DONEGAL;x;
10;0;30;5;RAPHOE;x;
11;42;33;133;FAHAN;x;
12;84;36;6;DERRY;x;
13;126;39;134;SLEMISH;x;
14;168;42;7;CARRICKFERGUS;x;
15;0;45;135;DOWNPATRICK;x;
16;42;48;8;BALTIMORE;x;
17;84;51;136;ARMAGH;x;
18;126;54;9;DUNDALK;x;
19;168;57;137;ARDEE;x;
20;0;60;10;GALWAY;x;
21;42;63;138;CASTLEBAR;x;
22;84;66;11;SLIGO;x;
23;126;69;139;ATHENRY;x;
24;168;72;12;DROMAHAIR;x;
25;0;75;140;BELCOO;x;
26;42;78;13;LONGFORD;x;
27;126;84;14;CAVAN;x;
28;84;81;141;DUBLIN;x;
29;168;87;142;WICKLOW;x;
30;0;90;15;KILDARE;x;
31;42;93;143;TRIM;x;
32;84;96;16;DROGHEDA;x;
33;126;99;144;BIRR;x;
34;168;102;17;ATHLONE;x;
35;0;105;145;ARDNAMURCHON;x;
36;42;108;18;UISNEACH;x;
37;84;111;146;WEXFORD;x;
38;126;114;19;ENNISCORTHY;x;
39;168;117;147;FERNS;x;
40;0;120;20;CARLOW;x;
41;42;123;148;KILKENNY;x;
42;84;126;21;ATHY;x;
43;126;129;149;GOWRAN;x;
44;168;132;22;CARRICK;x;
45;0;135;150;LIMERICK;x;
46;42;138;23;ENNIS;x;
47;84;141;151;NENAGH;x;
48;126;144;24;ROSCREA;x;
49;168;147;152;WATERFORD;x;
50;0;150;25;EMLY;x;
51;42;153;153;CLONMEL;x;
52;84;156;26;TRALEE;x;
53;126;159;154;CORK;x;
54;168;162;27;KINSALE;x;
55;0;165;155;LINDHOLM;x;
56;42;168;28;VIBORG;x;
57;84;171;156;AARHUS;x;
58;126;174;29;JELLING;x;
59;168;177;157;VORBASSE;x;
60;0;180;30;RIBE;x;
61;42;183;158;AABENRAA;x;
62;84;186;31;HEDEBY;x;
63;126;189;159;ROSKILDE;x;
64;168;192;32;NAESTVED;x;
65;0;195;160;ODENSE;x;
66;42;198;33;SVENDBORG;x;
67;84;201;161;NYKOBING;x;
68;126;204;34;NAKSKOV;x;
69;168;207;162;SLAGELSE;x;
70;0;210;35;LUND;x;
71;42;0;163;TRELLEBORG;x;
72;84;3;36;TOMMERUP;x;
73;126;6;164;HELSINGBORG;x;
74;168;9;37;HALMSTAD;x;
75;0;12;165;ONSALA;x;
76;42;15;38;LAHOLM;x;
77;84;18;166;RONNE;x;
78;126;21;39;BREGNE;x;
79;168;24;167;RONNEBY;x;
80;0;27;40;AVASKAR;x;
81;42;30;168;AALBORG;x;
82;84;33;41;RINGKOBING;x;
83;126;36;169;VARDE;x;
84;168;39;42;HUSUMBRO;x;
85;0;42;170;HAFN;x;
86;42;45;43;GOINGE;x;
87;84;48;171;LISTER;x;
88;126;51;44;ARENSBURG;x;
89;168;54;172;SONEBURG;x;
90;0;57;45;MUHU;x;
91;42;60;173;DAGO;x;
92;84;63;46;HAPSAL;x;
93;126;66;174;LEAL;x;
94;168;69;47;REVAL;x;
95;0;72;175;HARJUMAA;x;
96;42;75;48;JARVA;x;
97;84;78;176;WESENBURG;x;
98;126;81;49;NARVA;x;
99;168;84;177;PARNU;x;
100;0;87;50;VILJANDI;x;
101;42;90;178;LEMISELE;x;
102;84;93;51;VALMIERA;x;
103;126;96;179;KOKENOIS;x;
104;168;99;52;RIGA;x;
105;0;102;180;BAUSKA;x;
106;42;105;53;DOBELE;x;
107;84;108;181;MITAU;x;
108;126;111;54;UXKULL;x;
109;168;114;182;VENDEN;x;
110;0;117;55;PILTENE;x;
111;42;120;183;CEKLIS;x;
112;84;123;56;KANDAVA;x;
113;126;126;184;BANDAVA;x;
114;168;129;57;GROBIN;x;
115;0;132;185;PALANGA;x;
116;42;135;58;DUVZARE;x;
117;84;138;186;DUNDAGA;x;
118;126;141;59;MEMEL;x;
119;168;144;187;TILSIT;x;
120;0;147;60;RAGNIT;x;
121;42;150;188;NEUENBURG;x;
122;84;153;61;LABIAU;x;
123;126;156;189;JURBARKAS;x;
124;168;159;62;RASEINIAI;x;
125;0;162;190;TAURAGE;x;
126;42;165;63;MEDENIKEN;x;
127;84;168;191;SIAULIAI;x;
128;126;171;64;TELSIAI;x;
129;168;174;192;VELIUONA;x;
130;0;177;65;KAUNAS;x;
131;42;180;193;KEDAINIAI;x;
132;84;183;66;UPYTE;x;
133;126;186;194;SELPILS;x;
134;168;189;67;LENNEWARDEN;x;
135;0;192;195;JEKABPILS;x;
136;42;195;68;JERSIKA;x;
137;84;198;196;DAUGAVPILS;x;
138;126;201;69;REZEKNE;x;
139;168;204;197;CESVAINE;x;
140;0;207;70;GULBENE;x;
141;42;210;198;ALUKSNE;x;
142;84;0;71;RAUNA;x;
143;126;3;199;VASTSELIINA;x;
144;168;6;72;VALGA;x;
145;0;9;200;TARTU;x;
146;42;12;73;POLTSAMAA;x;
147;84;15;201;ALISTEGUNDE;x;
148;126;18;74;SALACGRIVA;x;
149;168;21;202;VILKMERGE;x;
150;0;24;75;OKNIST;x;
151;42;27;203;UTENA;x;
152;84;30;76;BIRZAI;x;
153;126;33;204;TRAKAI;x;
154;168;36;77;KERNAVE;x;
155;0;39;205;VILNIUS;x;
156;42;42;78;PANEMUNE;x;
157;84;45;206;SUVALKAI;x;
158;126;48;79;VILKAVISKIS;x;
159;168;51;207;VALKININKAI;x;
160;0;54;80;MERKINE;x;
161;42;57;208;GRODNO;x;
162;84;60;81;ALITEN;x;
163;126;63;209;SEJNY;x;
164;168;66;82;LIDA;x;
165;0;69;210;KREVA;x;
166;42;72;83;BRASLAU;x;
167;84;75;211;YAMA;x;
168;126;78;84;KOPORYE;x;
169;168;81;212;NYEN;x;
170;0;84;85;NOTEBORG;x;
171;42;87;213;RAUTU;x;
172;84;90;86;KAKISALMI;x;
173;126;93;214;KOIVISTO;x;
174;168;96;87;SORTAVALA;x;
175;0;99;215;PORVOO;x;
176;42;102;88;ESPOO;x;
177;84;105;216;RASEBORG;x;
178;126;108;89;RIKALA;x;
179;168;111;217;TURKU;x;
180;0;114;90;RAUMA;x;
181;42;117;218;PARIKKALA;x;
182;84;120;91;VIIPURI;x;
183;126;123;219;LIINMAA;x;
184;168;126;92;TELJA;x;
185;0;129;220;ULVILA;x;
186;42;132;93;PIRKKALA;x;
187;84;135;221;SAVITAIPALE;x;
188;126;138;94;MIKKELI;x;
189;168;141;222;SULKAVA;x;
190;0;144;95;OLAVINLINNA;x;
191;42;147;223;KIDILA;x;
192;84;150;96;SALINIS;x;
193;126;153;224;AUNUS;x;
194;168;156;97;SEESJARVI;x;
195;0;159;225;ONEGABORG;x;
196;42;162;98;SOUTJARVI;x;
197;84;165;226;VEHKALAHTI;x;
198;126;168;99;KONTUPOHJA;x;
199;168;171;227;LIZMAJARVI;x;
200;0;174;0;TOVAJARVI;x;
201;42;177;128;SUOJARVI;x;
202;84;180;1;VATSELANJARVI;x;
203;126;183;129;SUOPARSAARI;x;
204;168;186;2;TOHMAJARVI;x;
205;0;189;130;HAMEENLINNA;x;
206;42;192;3;SOMERO;x;
207;84;195;131;SYSMA;x;
208;126;198;4;LAHTI;x;
209;168;201;132;PAIJALA;x;
210;0;204;5;VUOHIJARVI;x;
211;42;207;133;MESSUKYLA;x;
212;84;210;6;RUOVESI;x;
213;126;0;134;MUSTASAARI;x;
214;168;3;7;MERIKARVIA;x;
215;0;6;135;LEVANLUHTA;x;
216;42;9;8;SUND;x;
217;84;12;136;JOMALA;x;
218;126;15;9;SOMA;x;
219;168;18;137;KEM;x;
220;0;21;10;STRAND;x;
221;42;24;138;HOLSTEBRO;x;
222;84;27;11;ORMSTRUP;x;
223;126;30;139;YCOST;x;
224;168;33;12;RANDROS;x;
225;0;36;140;TARM;x;
226;42;39;13;DJURSLAND;x;
227;84;42;141;TAULOV;x;
228;126;45;14;MIDDELFART;x;
229;168;48;142;BAGAHUS;x;
230;0;51;15;RANIRIKI;x;
231;42;54;143;AUSTFOLD;x;
232;84;57;16;ROMERIKI;x;
233;126;60;144;RINGARIKI;x;
234;168;63;17;OSLOSYSLAR;x;
235;0;66;145;VALDRES;x;
236;42;69;18;HEDMARK;x;
237;84;72;146;NORTHRI GUDBRANDSDALI;x;
238;126;75;19;SUTHRI GUDBRANDSDALI;x;
239;168;78;147;NORTHRI EYSTRIDALI;x;
240;0;81;20;SUTHRI EYSTRIDALI;x;
241;42;84;148;GAULDALA;x;
242;84;87;21;STJORDALA;x;
243;126;138;49;VERDALA;x;
244;168;93;22;INNAN NAMDALFYLKI;x;
245;0;96;150;UTAN NAMDALFYLKI;x;
246;42;99;23;DRAFN;x;
247;84;102;151;NUMEDAL;x;
248;126;105;24;TELEMARK;x;
249;168;108;152;ARENDALL;x;
250;0;111;25;RAABOIGDE;x;
251;42;114;153;LISTER;x;
252;84;117;26;JATHARR;x;
253;126;120;154;RYFYLKI;x;
254;168;123;27;HAUGELAND;x;
255;0;126;155;HARDANGER;x;
256;42;129;28;SUNNHORDALAND;x;
257;84;132;156;MITHRHORDALAND;x;
258;126;135;29;NORTHRIHORDALAND;x;
259;168;138;157;VOSS;x;
260;0;141;30;SOGNFYLKI;x;
261;42;144;158;BREMANGER;x;
262;84;147;31;STOLSHEIMEN;x;
263;126;150;159;FJARLAND;x;
264;168;153;32;DALE;x;
265;0;156;160;FIRDAFYLKI;x;
266;42;159;33;JOLSTER;x;
267;84;162;161;SUNNMORE;x;
268;126;165;34;ROMSDALI;x;
269;168;168;162;NORTHRIMORE;x;
270;0;171;35;STRIND;x;
271;42;174;163;ORKDALA;x;
272;84;177;36;HITRAR;x;
273;126;180;164;EYNAFYLKI;x;
274;168;183;37;TORGAR;x;
275;0;186;165;RODOY;x;
276;42;189;38;SANDNES;x;
277;84;192;166;BODIN;x;
278;126;195;39;VAGAN;x;
279;168;198;167;BJARKOY;x;
280;0;201;40;VESTVAGBORG;x;
281;42;204;168;NORWEGIAN IMPASSABLE 1;x;
282;84;207;41;GRAFTAVALLEN;x;
283;126;210;169;GRONG;x;
284;168;0;42;AARBORTE;x;
285;0;3;170;BORGARSYSLAR;x;
286;42;6;43;TUNSBERG;x;
287;84;9;171;SKIRINGSSAL;x;
288;126;12;44;HEDDALI;x;
289;168;15;172;OTTRUNES;x;
290;0;18;45;HEIANE;x;
291;42;21;173;TANNA;x;
292;84;24;46;ARAK;x;
293;126;27;174;DOVRE;x;
294;168;30;47;ARDDA;x;
295;0;33;175;KROKAR;x;
296;42;36;48;SKALSTUGAN;x;
297;84;39;176;STORSJO;x;
298;126;42;49;SVEG;x;
299;43;81;138;NORWEGIAN IMPASSABLE 9;x;
300;0;48;50;LIONGBY;x;
301;42;51;178;WANNAMO;x;
302;84;54;51;VAXJO;x;
303;126;57;179;ALLBO;x;
304;168;60;52;KINNEVALD;x;
305;0;63;180;NORRVIDINGE;x;
306;42;66;53;UPPVIDINGE;x;
307;84;69;181;KALMAR;x;
308;126;72;54;HOGSBY;x;
309;168;75;182;HULINGSRYD;x;
310;0;78;55;VIMMERBY;x;
311;42;81;183;HULTABY;x;
312;84;84;56;JONKOPING;x;
313;126;87;184;EKSJO;x;
314;168;90;57;BORGHOLM;x;
315;0;93;185;EKETORP;x;
316;42;96;58;SKARA;x;
317;84;99;186;LODOSE;x;
318;126;102;59;KUNGAHALLA;x;
319;168;105;187;FALKÖPING;x;
320;0;108;60;VARNHEM;x;
321;42;111;188;DALABORG;x;
322;84;114;61;TISSELSKOG;x;
323;126;117;189;TINGVALLA;x;
324;168;120;62;FRISKDAL;x;
325;0;123;190;GILLBERG;x;
326;42;126;63;VASE;x;
327;84;129;191;ORABRO;x;
328;126;132;64;RISEBERGA;x;
329;168;135;192;NORASKOG;x;
330;0;138;65;SUDHERKOPUNG;x;
331;42;141;193;HAMARKINDA;x;
332;84;144;66;LIUNGA;x;
333;126;147;194;SKAENNINGE;x;
334;168;150;67;VRETA;x;
335;0;153;195;WISINGHNO;x;
336;42;156;68;TALJE;x;
337;84;159;196;NYKOPUNG;x;
338;126;162;69;SUNDBY;x;
339;168;165;197;STRIGINES;x;
340;0;168;70;BIRKEVIK;x;
341;42;171;198;SIGTUNA;x;
342;84;174;71;UPPSALA;x;
343;126;177;199;ENESCOPINGE;x;
344;168;180;72;OSTHAMMAR;x;
345;0;183;200;HENAMORUM;x;
346;42;186;73;VAESTRAAROS;x;
347;84;189;201;ARBUGAE;x;
348;126;192;74;SKYNZEKKEBERGE;x;
349;168;195;202;FERNABO;x;
350;0;198;75;FALENE;x;
351;42;201;203;MOR;x;
352;84;204;76;MOLUNGR;x;
353;126;207;204;NORRBARKE;x;
354;168;210;77;GAVLE;x;
355;0;0;205;OKLABO;x;
356;42;3;78;ODMARDEN;x;
357;84;6;206;BALDANAS;x;
358;126;9;79;FARILA;x;
359;168;12;207;DILSBO;x;
360;0;15;80;NORALE;x;
361;42;18;208;SEILANGER;x;
362;84;21;81;HAFRA;x;
363;126;24;209;LIDH;x;
364;168;27;82;HEDANGER;x;
365;0;30;210;SIOBORADH;x;
366;42;33;83;SOLATUMUM;x;
367;84;36;211;NETERU;x;
368;126;39;84;GRUNDASUND;x;
369;168;42;212;WYSBU;x;
370;0;45;85;GARNAE;x;
371;42;48;213;BURSS;x;
372;84;51;86;FAROO;x;
373;126;54;214;JAHKAMAKKE;x;
374;168;57;87;LUOKTA;x;
375;0;60;215;ARVIESJAVRRIE;x;
376;42;63;88;TUORPON;x;
377;84;66;216;SEMISJAUR;x;
378;126;69;89;SJOKKSJOKK;x;
379;168;72;217;SIRKAS;x;
380;0;75;90;SIGGEVARA;x;
381;42;78;218;LAIS;x;
382;84;81;91;UBMEJE;x;
383;126;84;219;TINGEVARA;x;
384;168;87;92;SUONDAVARA;x;
385;0;90;220;KITTAL;x;
386;42;93;93;FROSO;x;
387;84;96;221;SUADIGIL;x;
388;126;99;94;KEMIJAVRI;x;
389;168;102;222;MORARNA;x;
390;0;105;95;SOMBIO;x;
391;42;108;223;AANAARJAVRI;x;
392;84;111;96;PELDOJAVRI;x;
393;126;114;224;ROUNALA;x;
394;168;117;97;GUOVDAGEAIDNU;x;
395;0;120;225;IESJAVRI;x;
396;42;123;98;KARASJOHKA;x;
397;84;126;226;AVIOVARA;x;
398;126;129;99;LAGGUJAKKA;x;
399;168;132;227;OHCEJOHKA;x;
400;0;135;0;PEACCAM;x;
401;42;138;128;SUONNJEL;x;
402;84;141;1;MUETKK;x;
403;126;144;129;NUOTTJAURR;x;
404;168;147;2;KIILT;x;
405;0;150;130;KOARDEGK;x;
406;42;153;3;MASELK;x;
407;84;156;131;CUKKSUAL;x;
408;126;159;4;SAARVESJAURR;x;
409;168;162;132;AKKEL;x;
410;0;165;5;LUJAVVR;x;
411;42;168;133;LEJJAVVR;x;
412;84;171;6;ARSJOGK;x;
413;126;174;134;GUODDEMJAVVR;x;
414;168;177;7;KINTUS;x;
415;0;180;135;JOVVKUJ;x;
416;42;183;8;PENNE;x;
417;84;186;136;SOSNEVKE;x;
418;126;189;9;KOULAJARVI;x;
419;168;192;137;KITKA;x;
420;0;195;10;MAANSELKA;x;
421;42;198;138;JULEVU;x;
422;84;201;11;BITON;x;
423;126;204;139;GALASEATNU;x;
424;168;207;12;DUORTNUS;x;
425;0;210;140;GIEPMA;x;
426;42;0;13;IIJOKI;x;
427;84;3;141;ARJEPLUOVVE;x;
428;126;6;14;UDDJAUR;x;
429;168;9;142;LUSSPIE;x;
430;0;12;15;SJELTIE;x;
431;42;15;143;GAALTOE;x;
432;84;18;16;VUALTJERE;x;
433;42;87;63;HELSINGORA;x;
434;168;24;17;KOLDING;x;
435;0;27;145;OSTAVALL;x;
436;42;30;18;RAGUNDA;x;
437;84;33;146;FOLLINGE;x;
438;126;36;19;FINNFORSAR;x;
439;168;39;147;HELGUM;x;
440;0;42;20;Olsztyn;x;
441;42;45;148;INDAL;x;
442;84;48;21;PEDERSORE;x;
443;126;51;149;VETELI;x;
444;168;54;22;OULU;x;
445;0;57;150;LIMINKA;x;
446;42;60;23;PUOLANKA;x;
447;84;63;151;KONNEVESI;x;
448;126;66;24;KEITELE;x;
449;168;69;152;PIELINEN;x;
450;0;72;25;KAJAANI;x;
451;42;75;153;NUOKKIJARVI;x;
452;84;78;26;TUNGUT;x;
453;126;81;154;KUUSEMA;x;
454;168;84;27;KOUTAJOKI;x;
455;0;87;155;TIIKSJARVI;x;
456;42;90;28;river_hooghly;x;
457;84;93;156;river_ichamati;x;
458;126;96;29;Istria;x;
459;168;99;157;Veglia;x;
460;0;102;30;Varadzin;x;
461;42;105;158;Zagreb;x;
462;84;108;31;Krizevci;x;
463;126;111;159;Usora;x;
464;168;114;32;Senj;x;
465;0;117;160;Zadar;x;
466;42;120;33;Zachlumia;x;
467;84;123;161;Split;x;
468;126;126;34;Ragusa;x;
469;168;129;162;Zeta;x;
470;0;132;35;Dyrrachion;x;
471;42;135;163;Ochrid;x;
472;84;138;36;Epeiros;x;
473;126;141;164;Arta;x;
474;168;144;37;Cephalonia;x;
475;0;147;165;Hellas;x;
476;42;150;38;Achaia;x;
477;84;153;166;Methone;x;
478;126;156;39;Monemvasia;x;
479;168;159;167;Kaneia;x;
480;0;162;40;Chandax;x;
481;42;165;168;Korinthos;x;
482;84;168;41;Atheniai;x;
483;126;171;169;Rhodos;x;
484;168;174;42;Naxos;x;
485;0;177;170;Euboia;x;
486;42;180;43;Chios;x;
487;84;183;171;Lesbos;x;
488;126;186;44;Demetrias;x;
489;168;189;172;Thessalia;x;
490;0;192;45;Thessalonike;x;
491;42;195;173;Chalkidike;x;
492;84;198;46;Strymon;x;
493;126;201;174;Philippopolis;x;
494;168;204;47;Adrianopolis;x;
495;0;207;175;Kaliopolis;x;
496;42;210;48;Byzantion;x;
497;84;0;176;Thrake;x;
498;126;3;49;Mesembria;x;
499;168;6;177;Tyrnovo;x;
500;0;9;50;Serdica;x;
501;42;12;178;Naissus;x;
502;84;15;51;Rashka;x;
503;126;18;179;Hum;x;
504;168;21;52;Rama;x;
505;0;24;180;Belgrade;x;
506;42;27;53;Vidin;x;
507;84;30;181;Nikopolis;x;
508;126;33;54;Dorostotum;x;
509;168;36;182;Karvuna;x;
510;0;39;55;Constantia;x;
511;42;42;183;Galati;x;
512;84;45;56;Cetatea Alba;x;
513;126;48;184;Barlad;x;
514;168;51;57;Turnu;x;
515;0;54;185;Targoviste;x;
516;42;57;58;Severin;x;
517;84;60;186;Temes;x;
518;126;63;59;Bacs;x;
519;168;66;187;Feher;x;
520;0;69;60;Bihar;x;
521;42;72;188;Csanad;x;
522;84;75;61;Pest;x;
523;126;78;189;Hewes;x;
524;168;81;62;Gemer;x;
525;0;84;190;Orava;x;
526;126;21;144;Czestochowa;x;
527;84;90;191;Krakow;x;
528;126;93;64;Sieradz;x;
529;168;96;192;Plock;x;
530;0;99;65;Czersk;x;
531;42;102;193;Sandomierz;x;
532;84;105;66;Sacz;x;
533;126;108;194;Saris;x;
534;168;111;67;Peremyshl;x;
535;0;114;195;Volodymyr;x;
536;42;117;68;Halych;x;
537;84;120;196;Bereg;x;
538;126;123;69;Abauj;x;
539;168;126;197;Marmaros;x;
540;0;129;70;Szekelyfold;x;
541;42;132;198;Iasi;x;
542;84;135;71;Olbia_ETEL;x;
543;126;138;199;Okachiv;x;
544;168;141;72;Korsun;x;
545;0;144;200;Suceava;x;
546;42;147;73;Terebovl;x;
547;84;150;201;Kiev;x;
548;126;153;74;Pinsk;x;
549;168;156;202;Berestye;x;
550;0;159;75;Minsk;x;
551;42;162;203;Mstislavl;x;
552;84;165;76;Turov;x;
553;126;168;204;Lyubech;x;
554;168;171;77;Chernigov;x;
555;0;174;205;Pereyaslavl;x;
556;42;177;78;Samar;x;
557;84;180;206;Khortytsia;x;
558;126;183;79;Oleshye;x;
559;168;186;207;Kalos Limen;x;
560;0;189;80;Chersonesus;x;
561;42;192;208;Theodosia;x;
562;84;195;81;Kerch;x;
563;126;198;209;Taganrog;x;
564;168;201;82;Bakhmut;x;
565;0;204;210;Kharka;x;
566;42;207;83;Oskol;x;
567;84;210;211;Novgorod Seversky;x;
568;126;0;84;Smolensk;x;
569;168;3;212;Vyazma;x;
570;0;6;85;Dmitrov;x;
571;42;9;213;Uglich;x;
572;84;12;86;Yaroslavl;x;
573;126;15;214;Pereyaslavl Zalessky;x;
574;168;18;87;Rostov;x;
575;0;21;215;Moskva;x;
576;42;24;88;Debryansk;x;
577;84;27;216;Pronsk;x;
578;126;30;89;Kolomna;x;
579;168;33;217;Saransk;x;
580;0;36;90;Ryazan;x;
581;42;39;218;Murom;x;
582;84;42;91;Vladimir;x;
583;126;45;219;Starodub-on-the-klyazma;x;
584;168;48;92;Nizhny Novgorod;x;
585;0;51;220;Gorodets;x;
586;42;54;93;Galich Mersky;x;
587;84;57;221;Mozhaysk;x;
588;126;60;94;Yoshkar-Ola;x;
589;168;63;222;Urzen;x;
590;0;66;95;Cheboksary;x;
591;42;69;223;Simbirsk;x;
592;84;72;96;Saratov;x;
593;126;75;224;Khopyor;x;
594;168;78;97;Kazarki;x;
595;0;81;225;Sarysyn;x;
596;42;84;98;Tana;x;
597;84;87;226;Azov;x;
598;126;90;99;Tmutarakan;x;
599;168;93;227;Yaseni;x;
600;0;96;0;Nicopsia;x;
601;42;99;128;Kutaisi;x;
602;84;102;1;Tasqala;x;
603;126;105;129;Cabarda;x;
604;168;108;2;Khazaran;x;
605;0;111;130;Beksima;x;
606;42;114;3;Petigoria;x;
607;84;117;131;Sarkel;x;
608;126;120;4;Ukek;x;
609;168;123;132;Samar;x;
610;0;126;5;Bolghar;x;
611;42;129;133;Kazan;x;
612;84;132;6;Kai;x;
613;126;135;134;Bilyar;x;
614;168;138;7;Ashli;x;
615;0;141;135;Ufa;x;
616;42;144;8;Pecheneg;x;
617;84;147;136;Uzens;x;
618;126;150;9;Atyrau;x;
619;168;153;137;Saray;x;
620;0;156;10;Itil;x;
621;42;159;138;Akkityk;x;
622;84;162;11;Ak-Dzulpas;x;
623;126;165;139;Kassarma;x;
624;168;168;12;Aktau;x;
625;0;171;140;Bailjar;x;
626;42;174;13;river_daugava;x;
627;84;177;141;Kyzyl-Su;x;
628;126;180;14;river_thames;x;
629;168;183;142;river_thames;x;
630;0;186;15;river_thames;x;
631;42;189;143;Yangadzha;x;
632;84;192;16;sea_gulf_riga;x;
633;126;195;144;sea_gulf_bothnia;x;
634;168;198;17;sea_finnish_archipelago;x;
635;0;201;145;sea_baltic;x;
636;42;204;18;sea_coast_of_oland;x;
637;84;207;146;sea_coast_of_oland;x;
638;126;210;19;sea_coast_of_lithuania;x;
639;168;0;147;sea_baltic;x;
640;0;3;20;sea_baltic;x;
641;42;6;148;sea_coast_of_pomerania;x;
642;84;9;21;HUNGARIAN-MORAVIAN MOUNTAINS;x;
643;126;12;149;sea_arkona_basin;x;
644;168;15;22;sea_sydfynskeohav;x;
645;0;18;150;sea_skagerrak;x;
646;42;21;23;sea_gulf_finland;x;
647;84;24;151;sea_white_sea;x;
648;126;27;24;sea_white_sea;x;
649;168;30;152;sea_white_sea;x;
650;0;33;25;FINNISH IMPASSABLE 2;x;
651;42;36;153;FINNISH IMPASSABLE 3;x;
652;84;39;26;FINNISH IMPASSABLE 4;x;
653;126;42;154;NORWEGIAN IMPASSABLE 2;x;
654;168;45;27;NORWEGIAN IMPASSABLE 3;x;
655;0;48;155;NORWEGIAN IMPASSABLE 4;x;
656;42;51;28;NORWEGIAN IMPASSABLE 5;x;
657;84;54;156;NORWEGIAN IMPASSABLE 6;x;
658;126;57;29;NORWEGIAN IMPASSABLE 7;x;
659;168;60;157;IBERIAN IMPASSABLE TERRAIN 8;x;
660;0;63;30;Coast of Siberia;x;
661;42;66;158;sea_northern_atlantic;x;
662;84;69;31;sea_north_sea;x;
663;126;72;159;sea_coast_norway;x;
664;168;75;32;sea_coast_norway;x;
665;0;78;160;sea_coast_norway;x;
666;42;81;33;sea_coast_norway;x;
667;84;84;161;sea_coast_denmark;x;
668;126;87;34;Shirvan;x;
669;168;90;162;Shemakha;x;
670;0;93;35;Gandzasar;x;
671;42;96;163;Kapan;x;
672;84;99;36;Dvin;x;
673;126;102;164;Nukhpata;x;
674;168;105;37;Derbent;x;
675;0;108;165;Kumukh;x;
676;42;111;38;Telavi;x;
677;84;114;166;Batumi;x;
678;126;117;39;Trebizond;x;
679;168;120;167;Gori;x;
680;0;123;40;Oltisi;x;
681;42;126;168;Ani;x;
682;84;129;41;Van;x;
683;126;132;169;sea_limfjord;x;
684;168;135;42;sea_zuiderzee;x;
685;0;138;170;sea_zeeland;x;
686;42;141;43;sea_thames_estuary;x;
687;84;144;171;sea_coast_suffolk;x;
688;126;147;44;sea_the_wash;x;
689;168;150;172;river_humber;x;
690;0;153;45;sea_east_english_coast;x;
691;42;156;173;sea_north_sea;x;
692;84;159;46;sea_eastern_coast_scotland;x;
693;126;162;174;sea_orkney;x;
694;168;165;47;sea_north_sea;x;
695;0;168;175;sea_atlantic;x;
696;42;171;48;sea_hebrides;x;
697;84;174;176;sea_atlantic;x;
698;126;177;49;sea_the_minch;x;
699;168;180;177;sea_firth_of_clyde;x;
700;0;183;50;sea_hebrides;x;
701;42;186;178;Manzikert;x;
702;84;189;51;Tzimisca;x;
703;126;192;179;Martyropolis;x;
704;168;195;52;Theodosiopolis;x;
705;0;198;180;Cerasus;x;
706;42;201;53;Colonea;x;
707;84;204;181;Melitene;x;
708;126;207;54;sea_irish;x;
709;168;210;182;sea_irish;x;
710;0;0;55;sea_irish;x;
711;42;3;183;sea_celtic;x;
712;84;6;56;sea_bristol_channel;x;
713;126;9;184;sea_irish;x;
714;168;12;57;sea_coast_of_ailech;x;
715;0;15;185;sea_galway_bay;x;
716;42;18;58;HUNGARIAN-MORAVIAN MOUNTAINS;x;
717;84;21;186;HUNGARIAN-MORAVIAN MOUNTAINS;x;
718;126;24;59;HUNGARIAN-MORAVIAN MOUNTAINS;x;
719;168;27;187;CARPATHIANS;x;
720;0;30;60;CARPATHIANS;x;
721;42;33;188;CARPATHIANS;x;
722;84;36;61;sea_dingle_bay;x;
723;126;39;189;sea_courtmacsherry_bay;x;
724;168;42;62;sea_celtic;x;
725;0;45;190;sea_english_channel;x;
726;42;48;63;sea_english_channel;x;
727;84;51;191;sea_english_channel;x;
728;126;54;64;sea_english_channel;x;
729;168;57;192;sea_english_channel;x;
730;0;60;65;Eastern Sahara;x;
731;42;63;193;Central Africa;x;
732;84;66;66;CARPATHIANS;x;
733;126;69;194;CARPATHIANS;x;
734;168;72;67;;x;
735;0;75;195;Ablastha;x;
736;42;78;68;Lykandos;x;
737;84;81;196;Kaisereia;x;
738;126;84;69;Amisos;x;
739;168;87;197;Sinope;x;
740;0;90;70;Herakleia;x;
741;42;93;198;Nikomedia;x;
742;84;96;71;Prusa;x;
743;126;99;199;Kyzikos;x;
744;168;102;72;Abydos;x;
745;0;105;200;Smyrna;x;
746;42;108;73;Ephesos;x;
747;84;111;201;Halikarnassos;x;
748;126;114;74;Laodikeia;x;
749;168;117;202;Dorylaion;x;
750;0;120;75;Nikaea;x;
751;42;123;203;Paphlagonia;x;
752;84;126;76;Galatia;x;
753;126;129;204;Ankyra;x;
754;168;132;77;Sozopolis;x;
755;0;135;205;Attaleia;x;
756;42;138;78;Limisol;x;
757;84;141;206;Famagusta;x;
758;126;144;79;Seleukia;x;
759;168;147;207;Ikonion;x;
760;0;150;80;Tyana;x;
761;42;153;208;Tarsus;x;
762;84;156;81;Adana;x;
763;126;159;209;Czech Mountains 1;x;
764;168;162;82;Czech Mountains 2;x;
765;0;165;210;Czech Mountains 3;x;
766;42;168;83;Czech Mountains 4;x;
767;84;171;211;Czech Mountains 5;x;
768;126;174;84;Czech Mountains 6;x;
769;168;177;212;Czech Mountains 7;x;
770;0;180;85;Czech Mountains 8;x;
771;42;183;213;Czech Mountains 9;x;
772;84;186;86;Czech Mountains 10;x;
773;126;189;214;Czech Mountains 11;x;
774;168;192;87;German Mountains 1;x;
775;0;195;215;German Mountains 2;x;
776;42;198;88;harz_mountains;x;
777;84;201;216;German Mountains 4;x;
778;126;204;89;German Mountains 5;x;
779;168;207;217;German Mountains 6;x;
780;0;210;90;German Mountains 7;x;
781;42;0;218;German Mountains 8;x;
782;84;3;91;German Mountains 9;x;
783;126;6;219;German Mountains 10;x;
784;168;9;92;German Mountains 11;x;
785;0;12;220;German Mountains 12;x;
786;42;15;93;French Mountains 2;x;
787;84;18;221;Central Apennine Mountains 1;x;
788;126;21;94;Central Apennine Mountains 2;x;
789;168;24;222;Southern Apennine Mountains;x;
790;0;27;95;Atlas Mountains 1;x;
791;42;30;223;Atlas Mountains 2;x;
792;84;33;96;Atlas Mountains 3;x;
793;126;36;224;Atlas Mountains 4;x;
794;168;39;97;Atlas Mountains 5;x;
795;0;42;225;Atlas Mountains 6;x;
796;42;45;98;Atlas Mountains 7;x;
797;84;48;226;Atlas Mountains 8;x;
798;126;51;99;Atlas Mountains 9;x;
799;168;54;227;Atlas Mountains 10;x;
800;0;57;0;Tell Atlas Mountains 1;x;
801;42;60;128;Tell Atlas Mountains 2;x;
802;84;63;1;Tell Atlas Mountains 3;x;
803;126;66;129;Tell Atlas Mountains 4;x;
804;168;69;2;Tell Atlas Mountains 5;x;
805;0;72;130;Tell Atlas Mountains 6;x;
806;42;75;3;Tell Atlas Mountains 7;x;
807;84;78;131;Tell Atlas Mountains 8;x;
808;126;81;4;Tinsukia;x;
809;168;84;132;Ghuguha_Dol;x;
810;0;87;5;Charaideo;x;
811;42;90;133;Carguya;x;
812;84;93;6;Narayanpur;x;
813;126;96;134;Numaligarh;x;
814;168;99;7;Manikuta;x;
815;0;102;135;Pragyotisapura;x;
816;42;105;8;Dhubri;x;
817;84;108;136;Nalrajar_Garh;x;
818;126;111;9;Bhitagarh;x;
819;168;114;137;Sri_Surya_Pahar;x;
820;0;117;10;Kamakhya;x;
821;42;120;138;Herombial;x;
822;84;123;11;Maibong;x;
823;126;126;139;Oddiyana2;x;
824;168;129;12;Jangalbari;x;
825;0;132;140;Habiganj;x;
826;42;135;13;Manipur;x;
827;84;138;141;Khoupum;x;
828;126;141;14;Chatigama;x;
829;168;144;142;Candranatha;x;
830;0;147;15;Pattikera;x;
831;42;150;143;Tripura;x;
832;84;153;16;Mainamati;x;
833;126;156;144;Ekdala;x;
834;168;159;17;Chandpur;x;
835;0;162;145;Bagerhat;x;
836;42;165;18;Ishwaripur;x;
837;84;168;146;Gaur;x;
838;126;171;19;Hazrat_Pandua;x;
839;168;174;147;Rampur_Boalia;x;
840;0;177;20;Ramavati;x;
841;42;180;148;Devkot;x;
842;84;183;21;Raktamrittika;x;
843;126;186;149;Agmahl;x;
844;168;189;22;Kalyaneshwari;x;
845;0;192;150;Gopbhum;x;
846;42;195;23;Mahasthangarh;x;
847;84;198;151;Ghoraghat;x;
848;0;3;225;Somapur;x;
849;126;201;24;Gran Canaria;x;
850;168;96;42;Bokainagar;x;
851;84;9;226;Dhakeshwari_Jatiya_Mandir;x;
852;85;84;11;Nasirabad;x;
853;127;87;139;Unakoti;x;
854;169;90;12;Tlawng;x;
855;126;135;84;Attahasa;x;
856;168;138;212;Santipura;x;
857;0;141;85;Pandua;x;
858;42;144;213;Kumarhati;x;
859;84;147;86;Visnupura;x;
860;126;150;214;Umardan;x;
861;168;153;87;Pabna;x;
862;0;156;215;Sagardwip;x;
863;42;159;88;Chatrabhog;x;
864;84;162;216;Chandraketugarh;x;
865;126;165;89;Dantan;x;
866;168;168;217;Baghmundi;x;
867;0;171;90;Odantapuri;x;
868;42;174;218;Rajagrha;x;
869;84;177;91;Maner;x;
870;126;180;219;Bihar_Sharif;x;
871;168;183;92;Campa;x;
872;0;186;220;Vikramasila;x;
873;42;189;93;Bodh_Gaya;x;
874;84;192;221;Kukkutapada;x;
875;126;195;94;Jaund;x;
876;168;198;222;Arrah;x;
877;0;201;95;Sugauna;x;
878;42;204;223;Darbhanga;x;
879;84;207;96;Hajipur;x;
880;126;210;224;Kesaria;x;
881;168;0;97;Pava;x;
882;168;123;82;Chapra;x;
883;126;120;209;Gadhipuri;x;
884;126;3;154;Haldi2;x;
885;84;117;81;Bhadohi;x;
886;168;15;227;Perm;x;
887;1;18;0;Kharom-Vosh;x;
888;43;21;128;Kargadan;x;
889;85;24;1;Ural;x;
890;127;27;129;Khanty-Mansiisk;x;
891;169;30;2;Tyumen;x;
892;1;33;130;Tselym-Balyn;x;
893;43;36;3;Surgut;x;
894;43;96;13;SOUTH CARPATHIANS;x;
895;127;42;4;Kurgan;x;
896;169;45;132;Aqtobe;x;
897;1;48;5;Iletsk;x;
898;43;51;133;Tobol;x;
899;1;93;140;KOLA IMPASSIBLE TERRAIN;x;
900;127;57;134;Yangikent;x;
901;169;60;7;Jend;x;
902;1;63;135;KOLA IMPASSIBLE TERRAIN;x;
903;43;66;8;Afrasiyab;x;
904;85;69;136;Amorha;x;
905;127;72;9;Kantit;x;
906;169;75;137;Ambikapur;x;
907;1;78;10;Beohari;x;
908;84;132;211;Betla;x;
909;0;126;210;Palamau;x;
910;42;129;83;Kenduli;x;
911;0;207;25;Ratu;x;
912;84;0;26;Shikarji;x;
913;126;48;34;Kashipur;x;
914;84;45;161;Mandla;x;
915;85;39;131;Banjar;x;
916;126;105;79;Bohani;x;
917;42;99;78;Barman;x;
918;168;93;77;Hoshangabad;x;
919;126;90;204;Handia;x;
920;85;99;141;Gawilgarh;x;
921;127;102;14;Savarinarayana;x;
922;169;105;142;Pali;x;
923;1;108;15;Amarkantak;x;
924;43;111;143;Moti_Mahal;x;
925;85;114;16;Bahoriband;x;
926;127;117;144;Soubhagyapura;x;
927;17;40;240;Bhubaneswar;x;
928;169;120;17;Konarak;x;
929;1;123;145;Dhauli;x;
930;43;126;18;Sakshigopal;x;
931;85;129;146;Athgarh;x;
932;127;132;19;Ratnagiri;x;
933;169;132;182;Roslavl;x;
934;1;135;55;Lukoml;x;
935;43;138;183;KOLA IMPASSIBLE TERRAIN;x;
936;42;39;68;sea_aegean;x;
937;84;42;196;sea_crete;x;
938;126;45;69;sea_libya;x;
939;168;48;197;sea_nile_delta;x;
940;0;51;70;sea_jerusalem;x;
941;42;54;198;sea_cyprus;x;
942;0;54;35;sea_aegean;x;
943;42;18;3;Näsijärvi;x;
944;168;63;72;sea_aral;x;
945;0;66;200;sea_gulf_alexandretta;x;
946;42;69;73;sea_gulf_antalya;x;
947;84;72;201;sea_marmara;x;
948;126;75;74;sea_gulf_varna;x;
949;168;78;202;sea_black;x;
950;0;81;75;sea_black;x;
951;42;84;203;sea_black;x;
952;0;96;205;sea_caspian;x;
953;84;180;56;sea_morocco;x;
954;126;183;184;sea_gibraltar;x;
955;126;33;159;Saimaa;x;
956;84;15;156;FINISEH LAKES 1;x;
957;168;204;152;Oulujärvi;x;
958;42;132;48;lake_ladoga;x;
959;84;135;176;sea_malaren;x;
960;168;171;182;sea_faereyar;x;
961;168;141;177;lake_hjalmaren;x;
962;0;144;50;lake_vattern;x;
963;42;147;178;lake_vanern;x;
964;84;150;51;sea_white_sea;x;
965;126;153;179;sea_dover;x;
966;168;156;52;sea_english_channel;x;
967;0;159;180;sea_english_channel;x;
968;42;162;53;sea_st_georges_channel;x;
969;84;87;76;sea_azov;x;
970;168;21;157;sea_finisterre;x;
971;126;90;149;TIBET IMPASSABLE;x;
972;168;108;207;VEPSIAN WASTELAND;x;
973;126;78;39;sea_waddenzee;x;
974;42;27;158;sea_bay_biscay;x;
975;126;168;54;sea_donegal_bay;x;
976;42;210;153;IMPASSABLE ATLANTIC EUROPE-AFRICA;x;
977;168;36;32;sea_bretagne;x;
978;0;39;160;Atlantic;x;
979;0;111;80;Tiveriade Lake;x;
980;42;12;28;sea_portugal;x;
981;0;9;155;sea_gulf_cadiz;x;
982;168;51;162;sea_iceland;x;
983;42;114;208;Dead Sea;x;
984;42;57;163;sea_north_sea;x;
985;84;60;36;sea_northern_atlantic;x;
986;126;63;164;sea_coast_norway;x;
987;168;66;37;sea_north_sea;x;
988;0;69;165;sea_north_sea;x;
989;42;72;38;sea_north_sea;x;
990;84;75;166;sea_north_sea;x;
991;42;6;98;sea_celtic;x;
992;168;81;167;sea_the_minch;x;
993;0;84;40;sea_moray_firth;x;
994;42;87;168;sea_firth_of_forth;x;
995;84;90;41;sea_east_english_coast;x;
996;126;93;169;sea_dogger_bank;x;
997;126;12;99;lake_onega;x;
998;0;99;170;sea_north_sea;x;
999;42;102;43;sea_the_sound;x;
1000;84;105;171;sea_heligoland;x;
1001;126;108;44;sea_kattegat;x;
1002;168;111;172;sea_gulf_gdansk;x;
1003;0;114;45;sea_bight_of_hano;x;
1004;42;117;173;sea_baltic;x;
1005;84;120;46;sea_gulf_bothnia;x;
1006;126;123;174;sea_gulf_finland;x;
1007;168;126;47;sea_gulf_bothnia;x;
1008;0;129;175;sea_gulf_bothnia;x;
1009;168;6;27;sea_english_channel;x;
1010;126;18;29;sea_english_channel;x;
1011;42;42;33;sea_alboran;x;
1012;84;57;71;Lake Peipus;x;
1013;126;60;199;Lori;x;
1014;0;24;30;sea_asturias;x;
1015;42;177;183;sea_bay_biscay;x;
1016;0;174;55;sea_bay_biscay;x;
1017;84;30;31;sea_aegean;x;
1018;85;54;6;FINNISH LAKES 2;x;
1019;84;165;181;sea_irish;x;
1020;168;186;57;sea_alboran;x;
1021;0;189;185;sea_gulf_valencia;x;
1022;42;192;58;sea_algier;x;
1023;84;195;186;sea_algier;x;
1024;126;198;59;sea_sardinia;x;
1025;168;201;187;sea_gulf_lion;x;
1026;0;204;60;ALP LAKES;x;
1027;42;207;188;sea_cote_dazur;x;
1028;84;210;61;sea_gulf_genoa;x;
1029;126;0;189;sea_tyrrhenian;x;
1030;168;3;62;sea_sardinian_coast;x;
1031;0;6;190;sea_gulf_napoli;x;
1032;42;9;63;sea_palermo;x;
1033;84;12;191;sea_sicilian_narrows;x;
1034;126;15;64;sea_malta;x;
1035;168;18;192;sea_libya;x;
1036;0;21;65;sea_gulf_taranto;x;
1037;42;24;193;sea_ionia;x;
1038;84;27;66;sea_strait_otranto;x;
1039;169;135;147;BALKAN MOUNTAINS;x;
1040;1;138;20;BALKAN MOUNTAINS;x;
1041;43;141;148;BALKAN MOUNTAINS;x;
1042;85;144;21;BALKAN MOUNTAINS;x;
1043;127;147;149;BALKAN MOUNTAINS;x;
1044;169;150;22;BALKAN MOUNTAINS;x;
1045;1;153;150;GUINEA_UPLANDS;x;
1046;43;156;23;GUINEA_UPLANDS;x;
1047;85;159;151;ASANTE_HILLS;x;
1048;127;162;24;ASANTE_HILLS;x;
1049;169;165;152;OGADEN_DESERT;x;
1050;1;168;25;JEBEL_BEJA;x;
1051;43;171;153;JEBEL_BEJA;x;
1052;85;174;26;river_vistula;x;
1053;127;177;154;river_vistula;x;
1054;169;180;27;river_vistula;x;
1055;1;183;155;river_vistula;x;
1056;43;186;28;river_dniester;x;
1057;85;189;156;river_dniester;x;
1058;127;192;29;river_danube;x;
1059;169;195;157;river_danube;x;
1060;1;198;30;river_danube;x;
1061;43;201;158;river_danube;x;
1062;85;204;31;sea_caspian;x;
1063;127;207;159;river_danube;x;
1064;169;210;32;sea_caspian;x;
1065;1;0;160;river_danube;x;
1066;43;3;33;river_danube;x;
1067;85;6;161;river_danube;x;
1068;127;9;34;NUBIAN_DESERT_SOUTH;x;
1069;169;12;162;Chott el Djerid;x;
1070;1;15;35;river_dnieper;x;
1071;43;18;163;river_dnieper;x;
1072;85;21;36;river_dnieper;x;
1073;127;24;164;river_desna;x;
1074;169;27;37;river_desna;x;
1075;1;30;165;river_desna;x;
1076;43;33;38;Lake Chad;x;
1077;85;36;166;river_dnieper;x;
1078;127;39;39;river_dnieper;x;
1079;169;42;167;river_pripyat;x;
1080;1;45;40;WOLLO_HIGHLANDS;x;
1081;43;48;168;river_daugava;x;
1082;85;51;41;river_daugava;x;
1083;127;54;169;river_pripyat;x;
1084;169;57;42;river_svir;x;
1085;1;60;170;river_volkhov;x;
1086;43;63;43;lake_ilmen;x;
1087;85;66;171;river_lovat;x;
1088;127;69;44;WOLLO_HIGHLANDS;x;
1089;169;72;172;WOLLO_HIGHLANDS;x;
1090;1;75;45;river_don;x;
1091;43;78;173;river_don;x;
1092;85;81;46;river_volga;x;
1093;127;84;174;river_volga;x;
1094;169;87;47;river_volga;x;
1095;1;90;175;river_volga;x;
1096;43;93;48;river_volga;x;
1097;85;96;176;river_volga;x;
1098;127;99;49;river_volga;x;
1099;169;102;177;river_oka;x;
1100;1;105;50;river_cheksna;x;
1101;43;108;178;river_cheksna;x;
1102;85;111;51;river_oka;x;
1103;127;114;179;river_volga;x;
1104;169;117;52;river_oka;x;
1105;1;120;180;river_volga;x;
1106;43;123;53;river_volga;x;
1107;85;126;181;EASTERN DESERT;x;
1108;127;127;54;EASTERN DESERT;x;
1109;126;30;194;sea_adriatic_sea;x;
1110;168;33;67;sea_gulf_venice;x;
1111;0;36;195;sea_aegean;x;
1112;85;141;56;Madurai;x;
1113;127;144;184;Kara;x;
1114;169;147;57;Mahoyadapuram;x;
1115;1;150;185;Cholamandalam;x;
1116;43;153;58;Tenkasi;x;
1117;85;156;186;Qalqut;x;
1118;127;159;59;Manyapura;x;
1119;169;162;187;Kanchipuram;x;
1120;1;165;60;Tagadur;x;
1121;43;168;188;Uchangidurga;x;
1122;85;171;61;Udayagiri;x;
1123;127;174;189;Vengipura;x;
1124;169;177;62;Honnore;x;
1125;1;180;190;Thana;x;
1126;43;183;63;Daman;x;
1127;85;186;191;Akruresvara;x;
1128;127;189;64;Vizagipatam;x;
1129;169;192;192;Kataka;x;
1130;1;195;65;Mandavyapura;x;
1131;43;198;193;Karmanta;x;
1132;85;201;66;Kirghiz;x;
1133;127;204;194;Vadodara;x;
1134;169;207;67;Vamanasthali;x;
1135;1;210;195;Valabhi;x;
1136;43;0;68;Dvaraka;x;
1137;85;3;196;Mansura;x;
1138;127;6;69;Bhakkar;x;
1139;169;9;197;Musanagar;x;
1140;1;12;70;Banavasi;x;
1141;43;15;198;Kol;x;
1142;85;18;71;Pratishthana;x;
1143;127;21;199;Kalyani;x;
1144;169;24;72;Kollipake;x;
1145;1;27;200;Devagiri;x;
1146;43;30;73;Naldurg;x;
1147;85;33;201;Mandapika;x;
1148;127;36;74;Dasapura;x;
1149;169;39;202;Dhara;x;
1150;1;42;75;Sarangpur;x;
1151;43;45;203;Laksmanavati;x;
1152;85;48;76;Mudgagiri;x;
1153;127;51;204;Kotivarsa;x;
1154;169;54;77;Pataliputra;x;
1155;1;57;205;Sripuri;x;
1156;43;60;78;Kodalaka;x;
1157;85;63;206;Balkonda;x;
1158;127;66;79;Bidar;x;
1159;169;69;207;Ramagiri;x;
1160;1;72;80;Rayapura;x;
1161;43;75;208;Srinagara;x;
1162;85;78;81;Kusinagara;x;
1163;127;81;209;Varanasi;x;
1164;169;84;82;Chauragarh;x;
1165;1;87;210;Bandhugadha;x;
1166;43;90;83;Jaunpur;x;
1167;85;93;211;Lakhnau;x;
1168;127;96;84;Mandawar;x;
1169;169;99;212;Kalpi;x;
1170;1;102;85;Vidisa;x;
1171;43;105;213;Kalanjara;x;
1172;85;108;86;Gwalior;x;
1173;127;111;214;Sambhal;x;
1174;169;114;87;Candravati;x;
1175;1;117;215;Aror;x;
1176;43;120;88;Medantaka;x;
1177;85;123;216;Kundina;x;
1178;127;126;89;Karur;x;
1179;169;129;217;Sakala;x;
1180;1;132;90;Udabhanda;x;
1181;43;135;218;Sutkend;x;
1182;85;138;91;Bawangaja;x;
1183;127;141;219;Borgarh;x;
1184;169;144;92;Khargone;x;
1185;1;147;220;Khandwa;x;
1186;43;150;93;Chach;x;
1187;85;153;221;Changdev;x;
1188;127;156;94;Erandol;x;
1189;169;159;222;Amalner;x;
1190;1;162;95;Gurjaratra;x;
1191;43;165;223;Bannu;x;
1192;85;168;96;Bhera;x;
1193;127;171;224;Jalandhar;x;
1194;169;174;97;Sindkheda;x;
1195;1;177;225;Bhamer;x;
1196;43;180;98;Srirangapatna;x;
1197;85;183;226;Dwarasamudra;x;
1198;127;186;99;Vatapi;x;
1199;169;189;227;Penugonda;x;
1200;1;192;0;Kanara;x;
1201;43;195;128;Kongu;x;
1202;85;198;1;Kudalasangama;x;
1203;127;201;129;Idatarainadu;x;
1204;169;204;2;Nellore;x;
1205;1;207;130;Narim;x;
1206;43;210;3;Taradavadi;x;
1207;85;0;131;Amaravati;x;
1208;127;3;4;Kambampet;x;
1209;169;6;132;Racakonda;x;
1210;1;9;5;Manyakheta;x;
1211;43;12;133;Pannagallu;x;
1212;85;15;6;Lattalura;x;
1213;127;18;134;Kondana;x;
1214;169;21;7;Tirunelveli;x;
1215;1;24;135;Etawah;x;
1216;43;27;8;Talakad;x;
1217;85;30;136;Nandagiri;x;
1218;127;33;9;Alampur;x;
1219;169;36;137;Potapi;x;
1220;1;39;10;Goa;x;
1221;43;42;138;Vijayawada;x;
1222;85;45;11;Rajamahendravaram;x;
1223;127;48;139;Ishim;x;
1224;169;51;12;Mandasa;x;
1225;1;54;140;Puri;x;
1226;43;57;13;Nandapur;x;
1227;85;60;141;Cakrakuta;x;
1228;127;63;14;Swetakapura;x;
1229;169;66;142;Khinjali;x;
1230;1;69;15;Suvarnapura;x;
1231;43;72;143;Viraja;x;
1232;85;75;16;Midnapore;x;
1233;127;78;144;Saptagrama;x;
1234;169;81;17;Deogarh2;x;
1235;1;84;145;Tamralipti;x;
1236;43;87;18;Candradvipa;x;
1237;85;90;146;Rajrappa;x;
1238;127;93;19;Mallabhum;x;
1239;169;96;147;Vijayapura;x;
1240;1;99;20;Fathabad;x;
1241;43;102;148;Koriya;x;
1242;85;105;21;Lakhnor;x;
1243;127;108;149;Karnasubarna;x;
1244;169;111;22;Kamatapur;x;
1245;1;114;150;Srihatta;x;
1246;43;117;23;Goalpara;x;
1247;85;120;151;Khijjinga;x;
1248;127;123;24;Chutia;x;
1249;169;126;152;Sambalpur;x;
1250;1;129;25;Ayodhya;x;
1251;43;132;153;Sasaram;x;
1252;85;135;26;Barasuru;x;
1253;127;138;154;Nilagiri;x;
1254;169;141;27;Vairagara;x;
1255;1;144;155;Vemulavada;x;
1256;43;147;28;Orangallu;x;
1257;85;150;156;Medak;x;
1258;127;153;29;Nanded;x;
1259;169;156;157;Vatsagulma;x;
1260;1;159;30;Nasikya;x;
1261;43;162;158;Parnakheta;x;
1262;85;165;31;Thalner;x;
1263;127;168;159;Burhanpur;x;
1264;169;171;32;Nandurbar;x;
1265;1;174;160;Sagar;x;
1266;43;177;33;Somnath;x;
1267;85;180;161;Vardhamana;x;
1268;127;183;34;Dhamalpur;x;
1269;169;186;162;Canda;x;
1270;1;189;35;Kiranapura;x;
1271;43;192;163;Tripuri;x;
1272;85;195;36;Ratanpur;x;
1273;127;198;164;Turgay;x;
1274;169;201;37;Damoh;x;
1275;1;204;165;Jajmau;x;
1276;43;207;38;Gaya;x;
1277;85;210;166;Tummana;x;
1278;127;0;39;Gurgi;x;
1279;169;3;167;Hardoi;x;
1280;1;6;40;EASTERN DESERT;x;
1281;43;9;168;Chunar;x;
1282;85;12;41;Lalganj;x;
1283;127;15;169;Asni;x;
1284;169;18;42;Manikpur;x;
1285;1;21;170;Acalapura;x;
1286;43;24;43;Kherla;x;
1287;85;27;171;Asirgarh;x;
1288;127;30;44;Ujjayini;x;
1289;169;33;172;Dadhipadra;x;
1290;1;36;45;Khetaka;x;
1291;43;39;173;Mohadavasaka;x;
1292;85;42;46;Anahilapataka;x;
1293;127;45;174;EAST INDIAN OCEAN TI;x;
1294;169;48;47;Satyapura;x;
1295;1;51;175;Kanthakota;x;
1296;43;54;48;Dimapur;x;
1297;85;57;176;Debul;x;
1298;127;60;49;Chanderi;x;
1299;169;63;177;Candhoba;x;
1300;1;66;50;Kota;x;
1301;43;69;178;Mahoba;x;
1302;85;72;51;Chitrakut;x;
1303;127;75;179;Ranikot;x;
1304;169;78;52;Ludrava;x;
1305;1;81;180;Balkhash Lake;x;
1306;43;84;53;Tara;x;
1307;85;87;181;river_indus;x;
1308;127;90;54;river_indus;x;
1309;169;93;182;river_indus;x;
1310;1;96;55;Qualnsiyah;x;
1311;43;99;183;river_ganges;x;
1312;85;102;56;river_ganges;x;
1313;127;105;184;river_ganges;x;
1314;169;108;57;river_ganges;x;
1315;1;111;185;river_ganges;x;
1316;43;114;58;river_brahmaputra;x;
1317;85;117;186;river_casamance;x;
1318;127;120;59;Devaparvata;x;
1319;169;123;187;Bikrampur;x;
1320;1;126;60;SINAI DESERT;x;
1321;43;129;188;Kamarupanagara;x;
1322;85;132;61;SINAI DESERT;x;
1323;127;135;189;Nabadwipa;x;
1324;169;138;62;Suvarnagram;x;
1325;1;141;190;Madhupur;x;
1326;43;144;63;JIBAL-AL-HIJAZI;x;
1327;85;147;191;Rothas;x;
1328;127;150;64;Prayaga;x;
1329;169;153;192;Ket;x;
1330;1;156;65;JIBAL-AL-HIJAZI;x;
1331;43;159;193;Sonda;x;
1332;85;162;66;JIBAL-AL-HIJAZI;x;
1333;127;165;194;Siwistan;x;
1334;169;168;67;DANAKIL_HILLS;x;
1335;1;171;195;AD-DAHNA DESERT;x;
1336;43;174;68;Vijnot;x;
1337;85;177;196;Uch;x;
1338;127;180;69;Multan;x;
1339;169;183;197;Rajanpur;x;
1340;1;186;70;Karor;x;
1341;43;189;198;Nandana;x;
1342;85;192;71;Purushapura;x;
1343;127;195;199;SYRIAN DESERT;x;
1344;169;198;72;SYRIAN DESERT;x;
1345;1;201;200;Aghata;x;
1346;43;204;73;Shakambhari;x;
1347;85;207;201;TAKLAMAKAN DESERT;x;
1348;127;210;74;TIBETAN LAKES;x;
1349;169;0;202;Vikramapura;x;
1350;1;3;75;Reni;x;
1351;43;6;203;Gilgit;x;
1352;85;9;76;Sarasvati;x;
1353;127;12;204;Harshnath;x;
1354;169;15;77;Nagauda;x;
1355;1;18;205;Ranthambore;x;
1356;43;21;78;Kanyakubja;x;
1357;85;24;206;Sripatha;x;
1358;127;27;79;Vodamayutja;x;
1359;169;30;207;Mathura;x;
1360;1;33;80;Maldives;x;
1361;43;36;208;Shorkot;x;
1362;85;39;81;Lahur;x;
1363;127;42;209;Dipalpur;x;
1364;169;45;82;Tribandapura;x;
1365;1;48;210;Indraprastha;x;
1366;43;51;83;Asigarh;x;
1367;85;54;211;Saharanpur;x;
1368;127;57;84;Hastinapura;x;
1369;169;60;212;Socotra;x;
1370;1;63;85;Mohenjo_Daro;x;
1371;43;66;213;Larkana;x;
1372;85;69;86;Badah;x;
1373;127;72;214;SYRIAN DESERT;x;
1374;169;75;87;Rojhan;x;
1375;1;78;215;Kafirkot;x;
1376;43;81;88;Daraban;x;
1377;85;84;216;Jasnaul;x;
1378;127;87;89;Gurganj;x;
1379;169;90;217;SYRIAN IMPASSABLE;x;
1380;1;93;90;SYRIAN IMPASSABLE;x;
1381;43;96;218;Pundravardhana;x;
1382;85;99;91;sea_red_sea;x;
1383;127;102;219;sea_red_sea;x;
1384;169;105;92;sea_red_sea;x;
1385;1;108;220;sea_bab_el_mandeb;x;
1386;43;111;93;sea_gulf_aden;x;
1387;85;114;221;sea_gulf_aden;x;
1388;127;117;94;sea_guardafui_channel;x;
1389;169;120;222;sea_arabian_sea;x;
1390;1;123;95;sea_arabian_sea;x;
1391;43;126;223;sea_arabian_sea;x;
1392;85;129;96;sea_gulf_oman;x;
1393;127;132;224;sea_strait_of_hormuz;x;
1394;169;135;97;sea_persian_gulf;x;
1395;1;138;225;sea_persian_gulf;x;
1396;43;141;98;sea_arabian_sea;x;
1397;85;144;226;sea_arabian_sea;x;
1398;127;147;99;sea_arabian_sea;x;
1399;169;150;227;sea_arabian_sea;x;
1400;1;153;0;sea_arabian_sea;x;
1401;43;156;128;sea_laccadive_sea;x;
1402;85;159;1;sea_laccadive_sea;x;
1403;127;162;129;sea_bay_of_bengal;x;
1404;169;165;2;sea_palk_bay;x;
1405;1;168;130;sea_bay_of_bengal;x;
1406;43;171;3;sea_bay_of_bengal;x;
1407;85;174;131;sea_bay_of_bengal;x;
1408;169;132;32;Anxi;x;
1409;169;180;132;sea_bay_of_bengal;x;
1410;1;183;5;sea_bay_of_bengal;x;
1411;43;186;133;sea_bay_of_bengal;x;
1412;85;189;6;sea_arabian_sea;x;
1413;127;192;134;Venadu;x;
1414;169;195;7;Kora;x;
1415;1;198;135;Pithapuram;x;
1416;43;201;8;Kolhapur;x;
1417;85;204;136;AZERBAIJAN MOUNTAINS;x;
1418;127;207;9;Haruppeswara;x;
1419;169;210;137;Mithila;x;
1420;1;0;10;Simaramapura;x;
1421;43;3;138;Sravasti;x;
1422;85;6;11;Naimisa;x;
1423;127;9;139;Fergana;x;
1424;169;12;12;Suyab;x;
1425;1;15;140;Almaliq;x;
1426;43;18;13;Sarkand;x;
1427;85;21;141;Urzhar;x;
1428;127;24;14;AZERBAIJAN MOUNTAINS;x;
1429;169;27;142;AZERBAIJAN MOUNTAINS;x;
1430;1;30;15;Zhitikara;x;
1431;43;33;143;Otrar;x;
1432;85;36;16;Symbyl;x;
1433;127;39;144;Terekti;x;
1434;169;42;17;Karkaraly;x;
1435;1;45;145;Astana;x;
1436;43;48;18;AZERBAIJAN MOUNTAINS;x;
1437;85;51;146;PERSIAN IMPASSABLE TERRAIN;x;
1438;127;54;19;Yarkand;x;
1439;169;57;147;Kashgar;x;
1440;1;60;20;Khotan;x;
1441;86;135;186;Cherchen;x;
1442;128;138;59;Charkliq;x;
1443;170;141;187;Karashar;x;
1444;2;144;60;Kucha;x;
1445;44;147;188;Aksu;x;
1446;86;150;61;Kara Khoja;x;
1447;128;153;189;Loulan;x;
1448;170;156;62;Dunhuang;x;
1449;2;159;190;Luntai;x;
1450;44;162;63;Sharga;x;
1451;86;165;191;Altay;x;
1452;128;168;64;Karatangdy;x;
1453;170;171;192;Aj Bogd;x;
1454;2;174;65;Abakan;x;
1455;44;177;193;Tsagaanuur;x;
1456;86;180;66;Ikh Bogd;x;
1457;170;201;197;Karakorum;x;
1458;2;204;70;Tarvagatai;x;
1459;44;207;198;Arzhan;x;
1460;1;120;30;Khilem Khamar;x;
1461;43;123;158;Otuken_city;x;
1462;85;126;31;Krasnoyarsk;x;
1463;127;129;159;Erchis;x;
1464;127;177;4;Siberian Wastes;x;
1465;1;135;160;ATLANTIC TI;x;
1466;43;138;33;Eastern Wasteland 1;x;
1467;85;141;161;INDIAN OCEAN TI;x;
1468;127;144;34;Eastern Wasteland 3;x;
1469;169;147;162;Eastern Wasteland 2;x;
1470;1;150;35;Eastern Wasteland 4;x;
1471;43;153;163;PERSIAN IMPASSABLE TERRAIN;x;
1472;85;156;36;MIDDLE SWEDEN LAKES;x;
1473;127;159;164;SOUTH SWEDEN LAKES;x;
1474;169;162;37;SOUTH NORWAY LAKES;x;
1475;1;165;165;NORTH SWEDEN LAKES;x;
1476;43;168;38;DANISH LAKES;x;
1477;85;171;166;IRISH LAKES;x;
1478;127;174;39;ITALIAN LAKES;x;
1479;169;177;167;HUNGARIAN LAKES;x;
1480;1;180;40;GREEK LAKES;x;
1481;43;183;168;WEST TURKISH LAKES;x;
1482;85;186;41;EAST TURKISH LAKES;x;
1483;127;189;169;EGYPT LAKES;x;
1484;169;192;42;PERSIAN LAKES;x;
1485;1;195;170;PERSIAN IMPASSABLE TERRAIN;x;
1486;43;198;43;RUSSIAN LAKES 2;x;
1487;85;201;171;river_kama;x;
1488;127;204;44;RUSSIAN LAKES 4;x;
1489;169;207;172;Ustyurt Plateau;x;
1490;1;210;45;Tibet Lakes;x;
1491;43;0;173;TRANSOXIANA LAKES;x;
1492;85;3;46;LAKES TARTARIA;x;
1493;127;6;174;LAKES MONGOLIA;x;
1494;169;9;47;LAKE BAIKAL;x;
1495;1;12;175;ALTAISHAN;x;
1496;43;15;48;LAKES EAST OF BURMA;x;
1497;85;18;176;LAKES TIBET;x;
1498;127;21;49;LAKES TIBET;x;
1499;169;24;177;BOLTON;x;
1500;1;27;50;YARLESTRE;x;
1501;255;255;255;TIANSHAN;x;
1502;85;33;51;DOVER;x;
1503;127;36;179;CANTERBURY;x;
1504;169;39;52;ROCHESTER;x;
1505;1;42;180;TONBRIDGE;x;
1506;43;45;53;LEWES;x;
1507;85;48;181;CHICHESTER;x;
1508;127;51;54;ARUN;x;
1509;169;54;182;HASTINGS;x;
1510;1;57;55;CHERTSEY;x;
1511;43;60;183;GUILDFORD;x;
1512;85;63;56;KINGSTON;x;
1513;127;66;184;TANDBRIDGE;x;
1514;169;69;57;COLCHESTER;x;
1515;1;72;185;MALDON;x;
1516;43;75;58;CHELMSFORD;x;
1517;85;78;186;DUNMOW;x;
1518;127;81;59;IPSWICH;x;
1519;169;84;187;SUDBURY;x;
1520;1;87;60;BLYTHING;x;
1521;43;90;188;BEODERICSWORTH;x;
1522;85;93;61;NORWICH;x;
1523;127;96;189;THETFORD;x;
1524;169;99;62;WALSINGHAM;x;
1525;1;102;190;LYNN;x;
1526;43;105;63;SOUTHWARK;x;
1527;85;108;191;LONDON;x;
1528;127;111;64;WOXBRIGGE;x;
1529;169;114;192;GORE;x;
1530;1;117;65;BRENTFORD;x;
1531;43;120;193;BERKHAMSTED;x;
1532;85;123;66;SAINT ALBANS;x;
1533;127;126;194;HERTFORD;x;
1534;169;129;67;CAMBRIDGE;x;
1535;1;132;195;RADFIELD;x;
1536;43;135;68;PAPWORTH;x;
1537;85;138;196;ELY;x;
1538;127;141;69;BEDFORD;x;
1539;169;144;197;AMPTHILL;x;
1540;1;147;70;LUTON;x;
1541;43;150;198;HURSTINGSTONE;x;
1542;85;153;71;NORMAN CROSS;x;
1543;127;156;199;LEIGHTONSTONE;x;
1544;169;159;72;WINCHESTER;x;
1545;1;162;200;SOUTHAMPTON;x;
1546;43;165;73;PORTSMOUTH;x;
1547;85;168;201;BASINGSTOKE;x;
1548;127;171;74;CHRISTCHURCH;x;
1549;169;174;202;CARISBROOKE;x;
1550;1;177;75;TIANSHAN;x;
1551;43;180;203;BUCKINGHAM;x;
1552;85;183;76;AYLESBURY;x;
1553;127;186;204;NEWPORT;x;
1554;169;189;77;WYCOMBE;x;
1555;1;192;205;READING;x;
1556;43;195;78;NEWBURY;x;
1557;85;198;206;ABINGDON;x;
1558;127;201;79;OXFORD;x;
1559;169;204;207;BANBURY;x;
1560;1;207;80;WITNEY;x;
1561;43;210;208;SALISBURY;x;
1562;85;0;81;WILTON;x;
1563;127;3;209;RAMSBURY;x;
1564;169;6;82;MALMESBURY;x;
1565;1;9;210;WAREHAM;x;
1566;43;12;83;POOLE;x;
1567;85;15;211;SHAFTESBURY;x;
1568;127;18;84;LYME;x;
1569;169;21;212;EXETER;x;
1570;1;24;85;TOTNES;x;
1571;43;27;213;OKEHAMPTON;x;
1572;85;30;86;BARNSTAPLE;x;
1573;127;33;214;LAUNCESTON;x;
1574;169;36;87;TINTAGEL;x;
1575;1;39;215;HELSTON;x;
1576;43;42;88;BATH;x;
1577;85;45;216;WINTERSTOKE;x;
1578;127;48;89;ILCHESTER;x;
1579;169;51;217;TAUNTON;x;
1580;1;54;90;GLOUCESTER;x;
1581;43;57;218;BRISTOL;x;
1582;85;60;91;WINCHCOMBE;x;
1583;127;63;219;LINCOLN;x;
1584;169;66;92;STAMFORD;x;
1585;1;69;220;BOSTON;x;
1586;43;72;93;BOLINGBROKE;x;
1587;85;75;221;GRIMSBY;x;
1588;127;78;94;POCKLINGTON;x;
1589;169;81;222;COTTINGHAM;x;
1590;1;84;95;BRIDLINGTON;x;
1591;43;87;223;LEEDS;x;
1592;85;90;96;DONCASTER;x;
1593;127;93;224;HALIFAX;x;
1594;169;96;97;SHEFFIELD;x;
1595;1;99;225;YORK;x;
1596;43;102;98;SCARBOROUGH;x;
1597;85;105;226;WHITBY;x;
1598;127;108;99;RICHMOND;x;
1599;169;111;227;RIPON;x;
1600;1;114;0;NORTHAMPTON;x;
1601;43;117;128;PETERBOROUGH;x;
1602;85;120;1;KETTERING;x;
1603;127;123;129;WARWICK;x;
1604;169;126;2;COVENTRY;x;
1605;1;129;130;BIRMINGHAM;x;
1606;43;132;3;DURHAM;x;
1607;85;135;131;HARTLEPOOL;x;
1608;127;138;4;DARLINGTON;x;
1609;169;141;132;MONKCHESTER;x;
1610;1;144;5;BAMBURGH;x;
1611;43;147;133;HEXHAM;x;
1612;85;150;6;ROTHBURY;x;
1613;127;153;134;OAKHAM;x;
1614;169;156;7;TIANSHAN;x;
1615;1;159;135;LEICESTER;x;
1616;43;162;8;MELTON;x;
1617;85;165;136;BOSWORTH;x;
1618;127;168;9;NOTTINGHAM;x;
1619;169;171;137;NEWARK;x;
1620;1;174;10;RETFORD;x;
1621;43;177;138;DERBY;x;
1622;85;180;11;CHESTERFIELD;x;
1623;127;183;139;CASTLETON;x;
1624;169;186;12;WORCESTER;x;
1625;1;189;140;EVESHAM;x;
1626;43;192;13;KIDDERMINSTER;x;
1627;85;195;141;STAFFORD;x;
1628;127;198;14;WOLVERHAMPTON;x;
1629;169;201;142;STOKE-ON-TRENT;x;
1630;1;204;15;NEWPORT;x;
1631;43;207;143;MONMOUTH;x;
1632;85;210;16;HEREFORD;x;
1633;127;0;144;WIGMORE;x;
1634;169;3;17;CLIFFORD;x;
1635;1;6;145;CARLISLE;x;
1636;43;9;18;WHITEHAVEN;x;
1637;85;12;146;KENDAL;x;
1638;127;15;19;APPLEBY;x;
1639;169;18;147;LANCASTER;x;
1640;1;21;20;SALFORD;x;
1641;43;24;148;WEST DERBY;x;
1642;85;27;21;FURNESS;x;
1643;127;30;149;CHESTER;x;
1644;169;33;22;NORTHWICH;x;
1645;1;36;150;MACCLESFIELD;x;
1646;43;39;23;SHREWSBURY;x;
1647;85;42;151;LUDLOW;x;
1648;127;45;24;BISHOP'S CASTLE;x;
1649;169;48;152;CARDIFF;x;
1650;1;51;25;SWANSEA;x;
1651;43;54;153;CAERPHILLY;x;
1652;85;57;26;CARMARTHEN;x;
1653;127;60;154;LLANDOVERY;x;
1654;169;63;27;PEMBROKE;x;
1655;1;66;155;ST DAVIDS;x;
1656;43;69;28;FISHGUARD;x;
1657;85;72;156;CARDIGAN;x;
1658;127;75;29;ABERYSTWYTH;x;
1659;169;78;157;BRECON;x;
1660;1;81;30;TALGARTH;x;
1661;43;84;158;LLANDRINDOD;x;
1662;85;87;31;RHAYADER;x;
1663;127;90;159;WELSHPOOL;x;
1664;169;93;32;NEWTOWN;x;
1665;1;96;160;DOLGELLAU;x;
1666;43;99;33;CORWEN;x;
1667;85;102;161;CAERNARFON;x;
1668;127;105;34;LLYN;x;
1669;169;108;162;LLANDUDNO;x;
1670;1;111;35;DENBIGH;x;
1671;43;114;163;WREXHAM;x;
1672;85;117;36;RUTHIN;x;
1673;127;120;164;YNS MON;x;
1674;169;123;37;HOLYHEAD;x;
1675;1;126;165;BERWICK;x;
1676;43;129;38;DUNBAR;x;
1677;85;132;166;KELSO;x;
1678;127;135;39;JEDBURGH;x;
1679;169;138;167;ANNAN;x;
1680;1;141;40;MAYBOLE;x;
1681;43;144;168;DUMFRIES;x;
1682;85;147;41;KILCUDBRITE;x;
1683;127;150;169;SANQUHAR;x;
1684;169;153;42;WIGTOWN;x;
1685;1;156;170;GIRVAN;x;
1686;43;159;43;KYLE;x;
1687;85;162;171;STRATHGRYTE;x;
1688;127;165;44;CUNNINGHAM;x;
1689;169;168;172;ISLAY;x;
1690;1;171;45;ARRAN;x;
1691;43;174;173;MULL;x;
1692;85;177;46;SKYE;x;
1693;127;180;174;LEWIS;x;
1694;169;183;47;THE UISTS;x;
1695;1;186;175;DUMBARTON;x;
1696;43;189;48;GLASGOW;x;
1697;85;192;176;MENEITH;x;
1698;127;195;49;CASTLETOWN;x;
1699;169;198;177;RAMSEY;x;
1700;1;201;50;KILMARTEN;x;
1701;43;204;178;GLENCOE;x;
1702;85;207;51;LOMOND;x;
1703;127;210;179;DINGWALL;x;
1704;169;0;52;GAIRLOCH;x;
1705;1;3;180;DORNOCH;x;
1706;43;6;53;DURNESS;x;
1707;85;9;181;THURSO;x;
1708;127;12;54;WICK;x;
1709;169;15;182;INVERNESS;x;
1710;1;18;55;BADENOCH;x;
1711;43;21;183;GLENFINNAN;x;
1712;85;24;56;BANFF;x;
1713;127;27;184;MORTLACH;x;
1714;169;30;57;PETERHEAD;x;
1715;1;33;185;ELGIN;x;
1716;43;36;58;KEITH;x;
1717;85;39;186;GARIOCH;x;
1718;127;42;59;ABERDEEN;x;
1719;169;45;187;KINCARDINE;x;
1720;1;48;60;DUNDEE;x;
1721;43;51;188;KIRRIEMUIR;x;
1722;85;54;61;BALLATER;x;
1723;127;57;189;MAR;x;
1724;169;60;62;DUNFERMLINE;x;
1725;1;63;190;KIRCALDY;x;
1726;43;66;63;ST ANDREWS;x;
1727;85;69;191;EDINBURGH;x;
1728;127;72;64;HADDINGTON;x;
1729;169;75;192;GALASHIELS;x;
1730;1;78;65;PENICUICK;x;
1731;43;81;193;LINLITHGOW;x;
1732;85;84;66;QUEENSFERRY;x;
1733;127;87;194;FALKIRK;x;
1734;169;90;67;STIRLING;x;
1735;1;93;195;CALLANDER;x;
1736;43;96;68;CLACKMANNAN;x;
1737;85;99;196;LANARK;x;
1738;127;102;69;CADYOU;x;
1739;169;105;197;BIGGAR;x;
1740;1;108;70;SELKIRK;x;
1741;43;111;198;PERTH;x;
1742;85;114;71;COUPAR ANGUS;x;
1743;127;117;199;DUNKELD;x;
1744;169;120;72;ABERFELDY;x;
1745;1;123;200;CRIEFF;x;
1746;43;126;73;LAGOS;x;
1747;85;129;201;SILVES;x;
1748;127;132;74;FARO;x;
1749;169;135;202;OURIQUE;x;
1750;1;138;75;MERTOLA;x;
1751;43;141;203;BEJA;x;
1752;85;144;76;ALCACER DO SAL;x;
1753;127;147;204;SETUBAL;x;
1754;169;150;77;LISBOA;x;
1755;1;153;205;SANTAREM;x;
1756;43;156;78;OBIDOS;x;
1757;85;159;206;LEIRIA;x;
1758;127;162;79;COIMBRA;x;
1759;169;165;207;AVEIRO;x;
1760;1;168;80;PORTO;x;
1761;43;171;208;BRAGA;x;
1762;85;174;81;CHAVEZ;x;
1763;127;177;209;BRAGANCA;x;
1764;169;180;82;MIRANDA DO DUORO;x;
1765;1;183;210;VILLA REAL;x;
1766;43;186;83;GUIMARAES;x;
1767;85;189;211;MOGADOURO;x;
1768;127;192;84;LAMEGO;x;
1769;169;195;212;VISEU;x;
1770;1;198;85;TRANCOSO;x;
1771;43;201;213;IDANHA;x;
1772;85;204;86;ABRANTES;x;
1773;127;207;214;CASTELO BRANCO;x;
1774;169;210;87;NISA;x;
1775;1;0;215;CRATO;x;
1776;43;3;88;ELVAS;x;
1777;85;6;216;EVORA;x;
1778;127;9;89;AVIS;x;
1779;169;12;217;MONTEMOR;x;
1780;1;15;90;VIANA DO ALENTEJO;x;
1781;43;18;218;TUI;x;
1782;85;21;91;VIGO;x;
1783;127;24;219;PADRON;x;
1784;169;27;92;MONTE FARO;x;
1785;1;30;220;SANTIAGO DE COMPOSTELA;x;
1786;43;33;93;BETANZOS;x;
1787;85;36;221;LA CORUNA;x;
1788;127;39;94;FERROL;x;
1789;169;42;222;MONDONEDO;x;
1790;1;45;95;VILALBA;x;
1791;43;48;223;MELIDE;x;
1792;85;51;96;LUGO;x;
1793;127;54;224;CARBALLIDO;x;
1794;169;57;97;LUARCA;x;
1795;1;60;225;PRAVIA;x;
1796;43;63;98;GIJON;x;
1797;85;66;226;OVIEDO;x;
1798;127;69;99;VILLAVICIOSA;x;
1799;169;72;227;OURENSE;x;
1800;1;75;0;LIMIA;x;
1801;43;78;128;SANTIALLANA;x;
1802;85;81;1;SANTANDER;x;
1803;127;84;129;BILIBIO;x;
1804;169;87;2;IZURUM;x;
1805;1;90;130;IRUN;x;
1806;43;93;3;PAMPLONA;x;
1807;85;96;131;JACA;x;
1808;127;99;4;ALAVA;x;
1809;169;102;132;LIZARRA;x;
1810;1;105;5;LOGRONO;x;
1811;43;108;133;NAJERA;x;
1812;85;111;6;MEDINA DE POMAR;x;
1813;127;114;134;MIRANDA DE EBRO;x;
1814;169;117;7;AMAYA;x;
1815;1;120;135;REINOSA;x;
1816;43;123;8;LEON;x;
1817;85;126;136;RIANO;x;
1818;127;129;9;MONTERREI;x;
1819;169;132;137;MONFORTE DE LEMOS;x;
1820;1;135;10;PONFERRADA;x;
1821;43;138;138;ASTORGA;x;
1822;85;141;11;SARRIA;x;
1823;127;144;139;CANGAS DEL NARCEA;x;
1824;169;147;12;VILLABLINO;x;
1825;1;150;140;GUARDO;x;
1826;43;153;13;BENAVENTE;x;
1827;85;156;141;ALBA;x;
1828;127;159;14;SALAMANCA;x;
1829;169;162;142;CIDUAD RODRIGO;x;
1830;1;165;15;CORIA;x;
1831;43;168;143;PLASENCIA;x;
1832;85;171;16;ALCANTARA;x;
1833;127;174;144;ZALACA;x;
1834;169;177;17;MERIDA;x;
1835;1;180;145;BADAJOZ;x;
1836;43;183;18;OLIVENZA;x;
1837;85;186;146;MOURA;x;
1838;127;189;19;SERPA;x;
1839;169;192;147;AYAMONTE;x;
1840;1;195;20;HUELVA;x;
1841;43;198;148;ALMONTE;x;
1842;85;201;21;JEREZ;x;
1843;127;204;149;CADIZ;x;
1844;169;207;22;TARIFA;x;
1845;1;210;150;ALGECIRAS;x;
1846;43;0;23;MALAGA;x;
1847;85;3;151;NERJA;x;
1848;127;6;24;MOTRIL;x;
1849;169;9;152;ALMERIA;x;
1850;1;12;25;AGUILAS;x;
1851;43;15;153;CARTAGENA;x;
1852;85;18;26;MURCIA;x;
1853;127;21;154;ALICANTE;x;
1854;169;24;27;DENIA;x;
1855;1;27;155;VALENCIA;x;
1856;43;30;28;MURVIEDRO;x;
1857;85;33;156;CASTELLON DE LA PLANA;x;
1858;127;36;29;AMPOSTA;x;
1859;169;39;157;TORTOSA;x;
1860;1;42;30;TARRAGONA;x;
1861;43;45;158;SITGES;x;
1862;85;48;31;BARCELONA;x;
1863;127;51;159;LOREDO;x;
1864;169;54;32;GIRONA;x;
1865;1;57;160;ROSES;x;
1866;43;60;33;PERPIGNAN;x;
1867;85;63;161;OLOT;x;
1868;127;66;34;PUIGCERDA;x;
1869;169;69;162;ANDORRA;x;
1870;1;72;35;VIELHA;x;
1871;43;75;163;RIBAGORZA;x;
1872;85;78;36;AINSA;x;
1873;127;81;164;HUESCA;x;
1874;169;84;37;BARBASTRO;x;
1875;1;87;165;VIC;x;
1876;43;90;38;BERGA;x;
1877;85;93;166;MANRESA;x;
1878;127;96;39;URGELL;x;
1879;169;99;167;PRADES;x;
1880;1;102;40;MAIALS;x;
1881;43;105;168;LLEIDA;x;
1882;85;108;41;FRAGA;x;
1883;127;111;169;CASPE;x;
1884;169;114;42;BALAGUER;x;
1885;1;117;170;SARINENA;x;
1886;43;120;43;ZUERA;x;
1887;85;123;171;ZARAGOZA;x;
1888;127;126;44;EJEA;x;
1889;169;129;172;TAFALLA;x;
1890;1;132;45;TUDELA;x;
1891;43;135;173;BELCHITE;x;
1892;85;138;46;ALCANIZ;x;
1893;127;141;174;CALACEITE;x;
1894;169;144;47;ZAMORA;x;
1895;1;147;175;TORO;x;
1896;43;150;48;SIMANCAS;x;
1897;85;153;176;VALLADOLID;x;
1898;127;156;49;ARANDA DE DUERO;x;
1899;169;159;177;SAN ESTEBAN;x;
1900;1;162;50;OSMA;x;
1901;43;165;178;SORIA;x;
1902;85;168;51;TARAZONA;x;
1903;127;171;179;ARNEDO;x;
1904;169;174;52;SEDANO;x;
1905;1;177;180;PALENCIA;x;
1906;43;180;53;BURGOS;x;
1907;85;183;181;ATAPUERCA;x;
1908;127;186;54;LERMA;x;
1909;169;189;182;SAN LEONARDO DE YAGUE;x;
1910;1;192;55;VILLAFAFILA;x;
1911;43;195;183;VALENCIA DE CAMPOS;x;
1912;85;198;56;AVILA;x;
1913;127;201;184;BEJAR;x;
1914;169;204;57;MEDINA DEL CAMPO;x;
1915;1;207;185;OLMEDO;x;
1916;43;210;58;SIERRA DE GREDOS;x;
1917;85;0;186;ALMARAZ;x;
1918;127;3;59;TALAVERA;x;
1919;169;6;187;TOLEDO;x;
1920;1;9;60;MAQUEDA;x;
1921;43;12;188;LA ADRADA;x;
1922;85;15;61;CORACERA;x;
1923;127;18;189;MADRID;x;
1924;169;21;62;SEGOVIA;x;
1925;1;24;190;CUELLAR;x;
1926;43;27;63;UCEDA;x;
1927;85;30;191;GUDALAJARA;x;
1928;127;33;64;ARGANDA;x;
1929;169;36;192;VILLAREJO DE SALVANES;x;
1930;1;39;65;SIGUENZA;x;
1931;43;42;193;MEDINACELI;x;
1932;85;45;66;CALATAYUD;x;
1933;127;48;194;ABLANQUE;x;
1934;169;51;67;DAROCA;x;
1935;1;54;195;MOLINA;x;
1936;43;57;68;ALBARRACIN;x;
1937;85;60;196;TERUEL;x;
1938;127;63;69;MONTANEJOS;x;
1939;169;66;197;REQUENA;x;
1940;1;69;70;ALBACETE;x;
1941;43;72;198;SEGORBE;x;
1942;85;75;71;MAESTRAZGO;x;
1943;127;78;199;SIERRA DE SAN JUST;x;
1944;169;81;72;ZURITA;x;
1945;1;84;200;ALTO TAJO;x;
1946;43;87;73;ADEMUZ;x;
1947;85;90;201;CUENCA;x;
1948;127;93;74;VALERIA;x;
1949;169;96;202;ALARCON;x;
1950;1;99;75;VENTA DEL MORO;x;
1951;43;102;203;HUETE;x;
1952;85;105;76;UCLES;x;
1953;127;108;204;MORA;x;
1954;169;111;77;CACERES;x;
1955;1;114;205;TRUJILLO;x;
1956;43;117;78;CASTILBLANCO;x;
1957;85;120;206;LA JARA;x;
1958;127;123;79;OCANA;x;
1959;169;126;207;QUINTANAR;x;
1960;1;129;80;MALAGON;x;
1961;43;132;208;CABANEROS;x;
1962;85;135;81;LA PUEBLA DE MONTALBAN;x;
1963;127;138;209;CALATRAVA;x;
1964;169;141;82;ALCAZAR;x;
1965;1;144;210;TOMELLOSO;x;
1966;43;147;83;MENTESA;x;
1967;85;150;211;ALCARAZ;x;
1968;127;153;84;SEGURA;x;
1969;169;156;212;ALMANSA;x;
1970;1;159;85;CIEZA;x;
1971;43;162;213;CARAVACA DE LA CRUZ;x;
1972;85;165;86;LORCA;x;
1973;127;168;214;HUESCAR;x;
1974;169;171;87;BAZA;x;
1975;1;174;215;GUADIZ;x;
1976;43;177;88;QUESADA;x;
1977;85;180;216;JAEN;x;
1978;127;183;89;GRANADA;x;
1979;169;186;217;CABRA;x;
1980;1;189;90;CARMONA;x;
1981;43;192;218;SEVILLA;x;
1982;85;195;91;ARCOS;x;
1983;127;198;219;MORON;x;
1984;169;201;92;ANTEQUERA;x;
1985;1;204;220;UBEDA;x;
1986;43;207;93;ANDUJAR;x;
1987;85;210;221;ALARCOS;x;
1988;127;0;94;PEDROCHE;x;
1989;169;3;222;ALMADER;x;
1990;1;6;95;ILERENA;x;
1991;43;9;223;NIEBLA;x;
1992;85;12;96;ZAFRA;x;
1993;127;15;224;TRIANA;x;
1994;169;18;97;CANTILLANA;x;
1995;1;21;225;CORDOBA;x;
1996;43;24;98;MEDELLIN;x;
1997;85;27;226;HORNACHOS;x;
1998;127;30;99;DON LLORENTE;x;
1999;169;33;227;GUADIATO;x;
2000;2;36;0;IVIZA;x;
2001;44;39;128;MALLORCA;x;
2002;86;42;1;MINORCA;x;
2003;128;45;129;GRALHEIRA;x;
2004;170;48;2;REOLID;x;
2005;2;51;130;NARBONNE;x;
2006;44;54;3;CARCASSONE;x;
2007;86;57;131;MONTBEL;x;
2008;128;60;4;SAINT-LIZIER;x;
2009;170;63;132;BERTRAND-DE-COMMINGES;x;
2010;2;66;5;TARBES;x;
2011;44;69;133;OLORON;x;
2012;86;72;6;BAYONNE;x;
2013;128;75;134;BEZIERS;x;
2014;170;78;7;AGDE;x;
2015;2;81;135;MONTPELLIER;x;
2016;44;84;8;NIMES;x;
2017;86;87;136;ARLES;x;
2018;128;90;9;MARSEILLE;x;
2019;170;93;137;TOULON;x;
2020;2;96;10;GRASSE;x;
2021;44;99;138;NICE;x;
2022;86;102;11;MONACO;x;
2023;128;105;139;AIX;x;
2024;170;108;12;DRAGUGNIAN;x;
2025;2;111;140;Castellane;x;
2026;44;114;13;SISTERON;x;
2027;86;117;141;EMBRUN;x;
2028;128;120;14;GAP;x;
2029;170;123;142;SAINT-MICHEL-DE-MAURIENNE;x;
2030;2;126;15;GRENOBLE;x;
2031;44;129;143;MOUTIERS;x;
2032;86;132;16;CHARTREUSE;x;
2033;128;135;144;VIENNE;x;
2034;170;138;17;ANNECY;x;
2035;2;141;145;GENEVA;x;
2036;44;144;18;THONON-LES-BAINS;x;
2037;86;147;146;LAUSANNE;x;
2038;128;150;19;MARTIGNY;x;
2039;170;153;147;AOSTA;x;
2040;2;156;20;IVREA;x;
2041;44;159;148;TURIN;x;
2042;86;162;21;PINEROLO;x;
2043;128;165;149;CUNEO;x;
2044;170;168;22;SALUZZO;x;
2045;2;171;150;CHIERI;x;
2046;44;174;23;BERN;x;
2047;86;177;151;THUN;x;
2048;128;180;24;LUCERNE;x;
2049;170;183;152;BIEL;x;
2050;2;186;25;BASEL;x;
2051;44;189;153;ZURICH;x;
2052;86;192;26;FARDUZES;x;
2053;128;195;154;SANKT GALLEN;x;
2054;170;198;27;KONSTANZ;x;
2055;2;201;155;CHUR;x;
2056;44;204;28;PORRENTRUY;x;
2057;86;207;156;MONTPELLIARD;x;
2058;128;210;29;MULHOUSE;x;
2059;170;0;157;AVIGNON;x;
2060;2;3;30;APT;x;
2061;44;6;158;FORCALQUIER;x;
2062;86;9;31;ORANGE;x;
2063;128;12;159;VIVIERS;x;
2064;170;15;32;VALENCE;x;
2065;2;18;160;LYON;x;
2066;44;21;33;DIE;x;
2067;86;24;161;VAISON;x;
2068;128;27;34;ROMANS;x;
2069;170;30;162;BELLEY;x;
2070;2;33;35;Villars;x;
2071;44;36;163;BOURG;x;
2072;86;39;36;SALINS;x;
2073;128;42;164;LONS-LE-SAUNIER;x;
2074;170;45;37;PONTARLIER;x;
2075;2;48;165;MORTEAU;x;
2076;44;51;38;BESANCON;x;
2077;86;54;166;VESOUL;x;
2078;128;57;39;EPINAL;x;
2079;170;60;167;TOUL;x;
2080;2;63;40;HAYANGE;x;
2081;44;66;168;SAINT-MIHIEL;x;
2082;86;69;41;LUXEMBOURG;x;
2083;128;72;169;TRIER;x;
2084;170;75;42;KOBLENZ;x;
2085;2;78;170;BEDA;x;
2086;44;81;43;ADENAU;x;
2087;86;84;171;BONN;x;
2088;128;87;44;COLOGNE;x;
2089;170;90;172;DIEKIRCH;x;
2090;2;93;45;BASTOGNE;x;
2091;44;96;173;BOUILLON;x;
2092;86;99;46;AACHEN;x;
2093;128;102;174;DUREN;x;
2094;170;105;47;LA ROCHE;x;
2095;2;108;175;VIRTON;x;
2096;44;111;48;HUY;x;
2097;86;114;176;LIEGE;x;
2098;128;117;49;NAMUR;x;
2099;170;120;177;MAASTRICHT;x;
2100;2;123;50;EINDHOVEN;x;
2101;44;126;178;MOERS;x;
2102;86;129;51;GLADBACH;x;
2103;128;132;179;NIJMEGEN;x;
2104;170;135;52;KLEVE;x;
2105;2;138;180;LEUVEN;x;
2106;44;141;53;ANTWERP;x;
2107;86;144;181;BRUSSELS;x;
2108;128;147;54;ROSENDAAL;x;
2109;170;150;182;BREDA;x;
2110;2;153;55;TILBURG;x;
2111;44;156;183;TURNHOUT;x;
2112;86;159;56;MIDDELBURG;x;
2113;128;162;184;BERGEN OP ZOOM;x;
2114;170;165;57;GHENT;x;
2115;2;168;185;BRUGES;x;
2116;44;171;58;CHARLEROI;x;
2117;86;174;186;MONS;x;
2118;128;177;59;CAMBRAI;x;
2119;170;180;187;VALENCIENNES;x;
2120;2;183;60;ATH;x;
2121;44;186;188;MALBODEN;x;
2122;86;189;61;COUVIN;x;
2123;128;192;189;COURTRAI;x;
2124;170;195;62;ROESELARE;x;
2125;2;198;190;YPRES;x;
2126;44;201;63;LILLE;x;
2127;86;204;191;TOURNAI;x;
2128;128;207;64;VEURNE;x;
2129;170;210;192;GRAVELINES;x;
2130;2;0;65;CALAIS;x;
2131;44;3;193;DUNKIRK;x;
2132;86;6;66;BOULOGNE;x;
2133;128;9;194;SAINT-OMER;x;
2134;170;12;67;AIRE;x;
2135;2;15;195;HESDIN ;x;
2136;44;18;68;MONTREUIL-SUR-MER;x;
2137;86;21;196;ABBEVILLE;x;
2138;128;24;69;DAX;x;
2139;170;27;197;MIMIZAN;x;
2140;2;30;70;LA-TESTE-DE-BUCH;x;
2141;44;33;198;MEDOC;x;
2142;86;36;71;BORDEAUX;x;
2143;128;39;199;FRONSAC;x;
2144;170;42;72;BLAYE;x;
2145;2;45;200;JONZAC;x;
2146;44;48;73;ROYAN;x;
2147;86;51;201;LA ROCHELLE;x;
2148;128;54;74;FONTENAY;x;
2149;170;57;202;TALMONT;x;
2150;2;60;75;MONTAIGU;x;
2151;44;63;203;RAIS;x;
2152;86;66;76;NANTES;x;
2153;128;69;204;GUERANDE;x;
2154;170;72;77;VANNES;x;
2155;2;75;205;LORIENT;x;
2156;44;78;78;QUIMPER;x;
2157;86;81;206;BREST;x;
2158;128;84;79;LEON;x;
2159;170;87;207;CORNOUAILLES;x;
2160;2;90;80;ROHAN;x;
2161;44;93;208;TREGUIER;x;
2162;86;96;81;SAINT-BRIEUC;x;
2163;128;99;209;PORHOET;x;
2164;170;102;82;SAINT-MALO;x;
2165;2;105;210;RENNES;x;
2166;44;108;83;CHATEAUBRIANT;x;
2167;86;111;211;AVRANCHES;x;
2168;128;114;84;COUTANCES;x;
2169;170;117;212;CHERBOURG;x;
2170;2;120;85;BAYEUX;x;
2171;44;123;213;MORTAIN;x;
2172;86;126;86;CAEN;x;
2173;128;129;214;FALAISE;x;
2174;170;132;87;LISIEUX;x;
2175;2;135;215;HARCOURT;x;
2176;44;138;88;FECAMP;x;
2177;86;141;216;DIEPPE;x;
2178;128;144;89;EU;x;
2179;170;147;217;ROUEN;x;
2180;2;150;90;GISORS ;x;
2181;44;153;218;MANTES;x;
2182;86;156;91;AUMALE;x;
2183;128;159;219;BEAUVAIS;x;
2184;170;162;92;AMIENS;x;
2185;2;165;220;CORBIE;x;
2186;44;168;93;PERONNE;x;
2187;86;171;221;SAINT-QUENTIN;x;
2188;128;174;94;NOYON;x;
2189;170;177;222;CLERMONT;x;
2190;2;180;95;BEAUMONT;x;
2191;44;183;223;QUINGEY;x;
2192;86;186;96;LURE;x;
2193;128;189;224;PAU;x;
2194;170;192;97;TURSAN;x;
2195;2;195;225;TARTAS;x;
2196;44;198;98;ALBRET;x;
2197;86;201;226;LANGON;x;
2198;128;204;99;BAZADAIS;x;
2199;170;207;227;MARSAN;x;
2200;2;210;0;GABARDAN;x;
2201;44;0;128;ARMAGNAC;x;
2202;86;3;1;PARDIAC;x;
2203;128;6;129;FESENSAC;x;
2204;170;9;2;LECTOURE;x;
2205;2;12;130;LOMAGNE;x;
2206;44;15;3;ASTARAC;x;
2207;86;18;131;MURET;x;
2208;128;21;4;BEAUMONT;x;
2209;170;24;132;FOIX;x;
2210;2;27;5;TARASCON;x;
2211;44;30;133;PAMIERS;x;
2212;86;33;6;CASTELNAUDARY;x;
2213;128;36;134;CASTELSARRASIN;x;
2214;170;39;7;TOULOUSE;x;
2215;2;42;135;ALBI;x;
2216;44;45;8;USES;x;
2217;86;48;136;ALES;x;
2218;128;51;9;CEVENNES;x;
2219;170;54;137;LODEVE;x;
2220;2;57;10;NAVACELLES;x;
2221;44;60;138;MENDE;x;
2222;86;63;11;MILAU;x;
2223;128;66;139;GEVAUDAN;x;
2224;170;69;12;SAINT-FLOUR;x;
2225;2;72;140;LE PUY;x;
2226;44;75;13;RODEZ;x;
2227;86;78;141;MARVEJOLS;x;
2228;128;81;14;LA SALLE;x;
2229;170;84;142;LA PEYRADE;x;
2230;2;87;15;MONTAUBAN;x;
2231;44;90;143;QUERCY;x;
2232;86;93;16;AGEN;x;
2233;128;96;144;CAHORS;x;
2234;170;99;17;FIGEAC;x;
2235;2;102;145;AGENAIS;x;
2236;44;105;18;BERGERAC;x;
2237;86;108;146;PERIGUEUX;x;
2238;128;111;19;MONTIGNAC;x;
2239;170;114;147;NONTRON;x;
2240;2;117;20;TURENNE;x;
2241;44;120;148;SAINTOGNE;x;
2242;86;123;21;SAINTES;x;
2243;128;126;149;TAILLEBOURG;x;
2244;170;129;22;ANGOULEME;x;
2245;2;132;150;SAINT-JUNIEN;x;
2246;44;135;23;CHALUS;x;
2247;86;138;151;VENTADOUR;x;
2248;128;141;24;LIMOGES;x;
2249;170;144;152;LUSIGNAN;x;
2250;2;147;25;MELLE;x;
2251;44;150;153;RUFFEC;x;
2252;86;153;26;POITIERS;x;
2253;128;156;154;CHATELLERAULT;x;
2254;170;159;27;NIORT;x;
2255;2;162;155;PARTHENAY;x;
2256;44;165;28;LOUDUN;x;
2257;86;168;156;THOUARS;x;
2258;128;171;29;BRESSUIRE;x;
2259;170;174;157;MAULEVRIER;x;
2260;2;177;30;MELAY;x;
2261;44;180;158;SAUMUR;x;
2262;86;183;31;CRAON;x;
2263;128;186;159;LUIGNE;x;
2264;170;189;32;SABLE ;x;
2265;2;192;160;LAVAL;x;
2266;44;195;33;MAYENNE;x;
2267;86;198;161;ANGERS;x;
2268;128;201;34;LA FLECHE;x;
2269;170;204;162;LE LUDE;x;
2270;2;207;35;LE MANS;x;
2271;44;210;163;SARTHE;x;
2272;86;0;36;COURCILLON;x;
2273;128;3;164;TOURAINE;x;
2274;170;6;37;TOURS;x;
2275;2;9;165;LOCHES;x;
2276;44;12;38;LA HAYE;x;
2277;86;15;166;VALENCAY;x;
2278;128;18;39;ISSOUDUN;x;
2279;170;21;167;CHATEAUROUX;x;
2280;2;24;40;DEOLS;x;
2281;44;27;168;BOUSSAC;x;
2282;86;30;41;COMBOURG;x;
2283;128;33;169;VENDOME;x;
2284;170;36;42;BELLAC;x;
2285;2;39;170;GRANDMONT;x;
2286;44;42;43;GUERET;x;
2287;86;45;171;AUBUSSON;x;
2288;128;48;44;MONTEPENSIER;x;
2289;170;51;172;CLERMONT-SUR-ALLIER;x;
2290;2;54;45;MERCAEUR;x;
2291;44;57;173;LANGEAC;x;
2292;86;60;46;MURAT;x;
2293;128;63;174;CARLAT;x;
2294;170;66;47;AURILLAC;x;
2295;2;69;175;LA TOUR;x;
2296;44;72;48;VELAY;x;
2297;86;75;176;FEURS;x;
2298;128;78;49;MONTBRISON;x;
2299;170;81;177;THIERS;x;
2300;2;84;50;AMBERT;x;
2301;44;87;178;BEAUJEU;x;
2302;86;90;51;MACON;x;
2303;128;93;179;SEMUR-EN-BRIONNAIS;x;
2304;170;96;52;CLUNY;x;
2305;2;99;180;ROANNE;x;
2306;44;102;53;JILAGNY;x;
2307;86;105;181;MOULINS;x;
2308;128;108;54;MONTLUCON;x;
2309;170;111;182;SAINT-POURCAIN;x;
2310;2;114;55;BOURBON-LARCHEMBAULT;x;
2311;44;117;183;ORVAL;x;
2312;86;120;56;BOURGES;x;
2313;128;123;184;HERRY;x;
2314;170;126;57;SANCERRE;x;
2315;2;129;185;VIERZON;x;
2316;44;132;58;ROMORANTIN;x;
2317;43;63;148;OLIVET;x;
2318;85;66;21;CONTRES;x;
2319;127;69;149;BLOIS;x;
2320;169;72;22;BEAUGENCY;x;
2321;1;75;150;CHATEAUDUN;x;
2322;43;78;23;CHARTRES;x;
2323;85;81;151;NOGENT-LE-ROTROU;x;
2324;127;84;24;MORTAGNE;x;
2325;169;87;152;ALENCON;x;
2326;1;90;25;ARGENTAN;x;
2327;43;93;153;SEES;x;
2328;85;96;26;VERNEUIL;x;
2329;127;99;154;EVREUX;x;
2330;169;102;27;VERNON;x;
2331;1;105;155;DREUX;x;
2332;43;108;28;MONTFORT;x;
2333;128;183;194;PARIS;x;
2334;170;186;67;VERSAILLES;x;
2335;2;189;195;MONTLHERY;x;
2336;44;192;68;ETAMPES;x;
2337;86;195;196;NEMOURS;x;
2338;128;198;69;ORLEANS;x;
2339;85;111;156;MONTARGIS;x;
2340;127;114;29;COURTENAY;x;
2341;169;117;157;CHATEAU-RENARD;x;
2342;86;210;71;MONTEREAU;x;
2343;128;0;199;NEVERS;x;
2344;170;3;72;POUGUES-LES-EAUX;x;
2345;2;6;200;DONZY;x;
2346;44;9;73;AUXERRE;x;
2347;86;12;201;AUTUN;x;
2348;128;15;74;CHALON;x;
2349;170;18;202;VEZELAY;x;
2350;2;21;75;CHABLIS;x;
2351;44;24;203;TONNERRE;x;
2352;86;27;76;SENS;x;
2353;128;30;204;BRAY;x;
2354;170;33;77;MELUN;x;
2355;2;36;205;CRECY;x;
2356;44;39;78;MONTREUIL;x;
2357;86;42;206;SAINT-DENIS;x;
2358;128;45;79;SENLIS;x;
2359;170;48;207;MEAUX;x;
2360;2;51;80;CREPY;x;
2361;44;54;208;CHATEAU-THIERRY;x;
2362;86;57;81;CHATILLON;x;
2363;128;60;209;PROVINS;x;
2364;170;63;82;COULOMMIERS;x;
2365;2;66;210;ROMILLY;x;
2366;44;69;83;EPERNAY;x;
2367;86;72;211;VITRY-EN-PERTHOIS;x;
2368;128;75;84;NOGENT;x;
2369;170;78;212;AUBE;x;
2370;2;81;85;BAR-SUR-SEINE;x;
2371;44;84;213;TROYES;x;
2372;86;87;86;BAR-SUR-AUBE;x;
2373;128;90;214;JOINVILLE;x;
2374;170;93;87;LANGRES;x;
2375;2;96;215;CLAIRVAUX;x;
2376;44;99;88;BEAUNE;x;
2377;86;102;216;CITEAUX;x;
2378;128;105;89;MORVAN;x;
2379;170;108;217;MONTBARD;x;
2380;2;111;90;DIJON;x;
2381;44;114;218;CHAUMONT;x;
2382;86;117;91;GRAY;x;
2383;128;120;219;GY;x;
2384;170;123;92;NEUFCHATEAU;x;
2385;2;126;220;Champs;x;
2386;44;129;93;GRAND;x;
2387;86;132;221;VAUCOULEURS;x;
2388;128;135;94;BAR;x;
2389;170;138;222;SAINT-DIZIER;x;
2390;2;141;95;REIMS;x;
2391;44;144;223;RETHEL;x;
2392;86;147;96;CHALONS;x;
2393;128;150;224;GRANPRE;x;
2394;170;153;97;MEZIERES;x;
2395;2;156;225;VERDUN;x;
2396;44;159;98;ROMIGNY;x;
2397;86;162;226;MARLE;x;
2398;128;165;99;COUCY;x;
2399;170;168;227;LAON;x;
2400;2;171;0;ROUCY;x;
2401;44;174;128;BRIELLE;x;
2402;86;177;1;DORT;x;
2403;128;180;129;ROTTERDAM;x;
2404;170;183;2;DELFT;x;
2405;2;186;130;HAARLEM;x;
2406;44;189;3;AMSTERDAM;x;
2407;86;192;131;AALKMAR;x;
2408;128;195;4;EDAM;x;
2409;170;198;132;MEDEMBLIK;x;
2410;2;201;5;STAVEREN;x;
2411;44;204;133;HARLINGEN;x;
2412;86;207;6;WAADEILANNEN;x;
2413;128;210;134;LEEUWARDEN;x;
2414;170;0;7;DOKKUM;x;
2415;2;3;135;APPPINGEDAM;x;
2416;44;6;8;KAMPEN;x;
2417;86;9;136;GRONINGEN;x;
2418;128;12;9;EMDEN;x;
2419;170;15;137;EMMEN;x;
2420;2;18;10;ASSEN;x;
2421;44;21;138;ZWOLLE;x;
2422;86;24;11;COEVORDEN;x;
2423;128;27;139;OMMEN;x;
2424;170;30;12;UTRECHT;x;
2425;2;33;140;TIEL;x;
2426;44;36;13;HARDERWIJK;x;
2427;86;39;141;APELDOORN;x;
2428;128;42;14;ARNHEM;x;
2429;170;45;142;ZUTPHEN;x;
2430;2;48;15;BENTHEIM;x;
2431;44;51;143;ALMELO;x;
2432;86;54;16;BORCULO;x;
2433;128;57;144;BERGH;x;
2434;170;60;17;BREDEVOORT;x;
2435;2;63;145;WEZEL;x;
2436;44;66;18;LEER;x;
2437;86;69;146;WILHELMSHAVEN;x;
2438;128;72;19;OLDENBURG;x;
2439;170;75;147;MEPPEN;x;
2440;2;78;20;OSNABRUCK;x;
2441;44;81;148;PAPENBURG;x;
2442;86;84;21;TWISTRINGEN;x;
2443;128;87;149;RAVENSBERG;x;
2444;170;90;22;VECHTA;x;
2445;2;93;150;CLOPPENBURG;x;
2446;44;96;23;TECKLENBURG;x;
2447;86;99;151;LIMOUX;x;
2448;128;102;24;LIMBOURG;x;
2449;170;105;152;CLERVAUX;x;
2450;2;108;25;GELDERN;x;
2451;44;111;153;AMERSFOORT;x;
2452;86;114;26;STEENWIJK;x;
2453;128;117;154;DELFZIJL;x;
2454;170;120;27;VAREL;x;
2455;2;123;155;CHAMBERY;x;
2456;44;126;28;CANAVESE;x;
2457;86;129;156;CHAMPAGNOLE;x;
2458;128;132;29;DOLE;x;
2459;170;135;157;ORNANS;x;
2460;2;138;30;NEUCHATEL;x;
2461;44;141;158;SCHWYZ;x;
2462;86;144;31;COGNAC;x;
2463;128;147;159;SULLY-SUR-LOIRE;x;
2464;170;150;32;LA TREMOUILLE;x;
2465;2;153;160;SAVONA;x;
2466;44;156;33;GENOA;x;
2467;86;159;161;ALBA;x;
2468;128;162;34;ACQUI;x;
2469;170;165;162;ASTI;x;
2470;2;168;35;VERCELLI;x;
2471;44;171;163;NOVARA;x;
2472;86;174;36;POMBIA;x;
2473;128;177;164;BIELLA;x;
2474;170;180;37;VIGEVANO;x;
2475;2;183;165;PAVIA;x;
2476;44;186;38;LODI;x;
2477;86;189;166;COMO;x;
2478;128;192;39;BELLINZONA;x;
2479;170;195;167;VARESE;x;
2480;2;198;40;GALLARATE;x;
2481;44;201;168;MONZA;x;
2482;86;204;41;MILAN;x;
2483;128;207;169;TORTONA;x;
2484;170;210;42;Northern Apennine Mountains 1;x;
2485;2;0;170;CHIAVARI;x;
2486;44;3;43;TIANSHAN;x;
2487;86;6;171;VOGHERA;x;
2488;128;9;44;PIACENZA;x;
2489;170;12;172;RONCAGLIA;x;
2490;2;15;45;FLORENTIOLA;x;
2491;44;18;173;CREMONA;x;
2492;86;21;46;CREMA;x;
2493;128;24;174;BERGAMO;x;
2494;170;27;47;BRESCIA;x;
2495;2;30;175;VAL CAMONICA;x;
2496;44;33;48;GARDA;x;
2497;86;36;176;MANTUA;x;
2498;128;39;49;BOLZANO;x;
2499;170;42;177;TRENTO;x;
2500;2;45;50;VICENZA;x;
2501;44;48;178;VERONA;x;
2502;86;51;51;LESSINIA;x;
2503;128;54;179;PADUA;x;
2504;170;57;52;CHIOGGIA;x;
2505;2;60;180;TREVISO;x;
2506;44;63;53;MESTRE;x;
2507;86;66;181;GRADO;x;
2508;128;69;54;AQUILEIA;x;
2509;170;72;182;LONIGO;x;
2510;2;75;55;UDINE;x;
2511;44;78;183;CENETA;x;
2512;86;81;56;CAORLE;x;
2513;128;84;184;PORDENONE;x;
2514;170;87;57;TRIESTE;x;
2515;2;90;185;TRIGLAVSKI;x;
2516;44;93;58;GORIZIA;x;
2517;86;96;186;VENEZIA;x;
2518;128;99;59;PULA;x;
2519;170;102;187;PIRAN;x;
2520;2;105;60;PAZIN;x;
2521;44;108;188;CHERSO;x;
2522;86;111;61;VIKLA;x;
2523;128;114;189;RIJEKA;x;
2524;170;117;62;ADRIA;x;
2525;2;120;190;ROVIGO;x;
2526;44;123;63;POMPOSA;x;
2527;86;126;191;FERRARA;x;
2528;128;129;64;COMACCHIO;x;
2529;170;132;192;CONA;x;
2530;2;135;65;GUASTALLA;x;
2531;44;138;193;LUNA;x;
2532;86;141;66;PARMA;x;
2533;128;144;194;BRESCELLO;x;
2534;170;147;67;REGGIO;x;
2535;2;150;195;CANOSSA;x;
2536;44;153;68;PISA;x;
2537;86;156;196;LUCCA;x;
2538;128;159;69;PISTORJA;x;
2539;170;162;197;TIANSHAN;x;
2540;2;165;70;MODENA;x;
2541;44;168;198;CENTO;x;
2542;86;171;71;BOLOGNA;x;
2543;128;174;199;FIRENZE;x;
2544;170;177;72;VALLOMBROSA;x;
2545;2;180;200;PRATO;x;
2546;44;183;73;RAVENNA;x;
2547;86;186;201;RIMINI;x;
2548;128;189;74;FORLI;x;
2549;170;192;202;IMOLA;x;
2550;2;195;75;MONTE SOLE;x;
2551;48;198;203;CAMALDOLI;x;
2552;86;201;76;MONTEFELTRO;x;
2553;128;204;204;CASENTINO;x;
2554;170;207;77;AREZZO;x;
2555;2;210;205;URBINO;x;
2556;44;0;78;PESARO;x;
2557;86;3;206;LIVORNO;x;
2558;128;6;79;VOLTERRA;x;
2559;170;9;207;IMPRUNETA;x;
2560;2;12;80;SIENA;x;
2561;44;15;208;PIOMBINO;x;
2562;86;18;81;GROSSETO;x;
2563;128;21;209;EMPOLI;x;
2564;170;24;82;CORTONA;x;
2565;2;27;210;CHIUSI;x;
2566;44;30;83;PERUGIA;x;
2567;86;33;211;MONTALCINO;x;
2568;128;36;84;ORIVETO;x;
2569;170;39;212;ORBETELLO;x;
2570;2;42;85;SOANA;x;
2571;44;45;213;CIVITAVECCHIA;x;
2572;86;48;86;VITERBO;x;
2573;128;51;214;SUTRI;x;
2574;170;54;87;PATERNO;x;
2575;2;57;215;ROMA;x;
2576;44;60;88;OSTIA;x;
2577;86;63;216;VATICAN;x;
2578;128;66;89;PALO;x;
2579;170;69;217;FARFA;x;
2580;2;72;90;PERSIAN IMPASSABLE;x;
2581;44;75;218;ASSISSI;x;
2582;86;78;91;GUBBIO;x;
2583;128;81;219;CAGLI;x;
2584;170;84;92;CIVITAS CASTELLI;x;
2585;2;87;220;SPOLETO;x;
2586;44;90;93;TERNI;x;
2587;86;93;221;CAMERINO;x;
2588;128;96;94;RIETI;x;
2589;170;99;222;TIVOLI;x;
2590;2;102;95;VELLETRI;x;
2591;44;105;223;SEGNI;x;
2592;86;108;96;TERRACINA;x;
2593;128;111;224;GAETA;x;
2594;170;114;97;ANCONA;x;
2595;2;117;225;ATRI;x;
2596;44;120;98;TERAMO;x;
2597;86;123;226;ASCOLI PICENO;x;
2598;128;126;99;FERMO;x;
2599;170;129;227;MACERATA;x;
2600;2;132;0;AVEZZANO;x;
2601;44;135;128;PERSIAN IMPASSABLE;x;
2602;86;138;1;CASSINO;x;
2603;128;141;129;CLUIELI;x;
2604;170;144;2;LANCIANO;x;
2605;2;147;130;LARINO;x;
2606;44;150;3;CAPUA;x;
2607;86;153;131;ISERNIA;x;
2608;128;156;4;NAPOLI;x;
2609;170;159;132;BENEVENTO;x;
2610;2;162;5;LUCERA;x;
2611;44;165;133;AMALFI;x;
2612;86;168;6;SALERNO;x;
2613;128;171;134;MARATEA;x;
2614;170;174;7;SIPONTO;x;
2615;2;177;135;MELFI;x;
2616;44;180;8;POTENZA;x;
2617;86;183;136;ACERENZA;x;
2618;128;186;9;VENOSA;x;
2619;170;189;137;TRANI;x;
2620;2;192;10;OLRANTO;x;
2621;44;195;138;TARANTO;x;
2622;86;198;11;BRINDISI;x;
2623;128;201;139;BARI;x;
2624;170;204;12;MATERA;x;
2625;2;207;140;COTRONE;x;
2626;44;210;13;SQUILLUCE;x;
2627;86;0;141;REGGIO;x;
2628;128;3;14;COSENZA;x;
2629;170;6;142;ROSSANO;x;
2630;2;9;15;CASTROVILLARI;x;
2631;44;12;143;CAMARDA;x;
2632;86;15;16;STIGLIANO;x;
2633;128;18;144;MESSINA;x;
2634;170;21;17;CEFALU;x;
2635;2;24;145;PALERMO;x;
2636;44;27;18;TRAPANI;x;
2637;86;30;146;GIRGENTI;x;
2638;128;33;19;SYRACUSE;x;
2639;170;36;147;CATANIA;x;
2640;2;39;20;CASTROGIOVANNI;x;
2641;44;42;148;CALTANISETTA;x;
2642;86;45;21;CALTAGIRONE;x;
2643;128;48;149;LENTINI;x;
2644;170;51;22;MAZARA;x;
2645;2;54;150;CALATAFIMI;x;
2646;44;57;23;MALTA;x;
2647;86;60;151;BASTIA;x;
2648;128;63;24;CORTE;x;
2649;170;66;152;CALVI;x;
2650;2;69;25;AJACCIO;x;
2651;44;72;153;VECCHIO;x;
2652;86;75;26;BONIFACIO;x;
2653;128;78;154;CAGLIARI;x;
2654;170;81;27;IGLESIAS;x;
2655;2;84;155;CARBONARA;x;
2656;44;87;28;TORTOLI;x;
2657;86;90;156;GALTELLI;x;
2658;128;93;29;OLBIA;x;
2659;170;96;157;ORISTANO;x;
2660;2;99;30;SAMASSI;x;
2661;44;102;158;ISILI;x;
2662;86;105;31;SASSARI;x;
2663;128;108;159;ARDARA;x;
2664;170;111;32;PORTO TORRES;x;
2665;2;114;160;ALGHERO;x;
2666;44;117;33;MONTAGNANA;x;
2667;86;120;161;PERSIAN IMPASSABLE;x;
2668;128;123;34;PERSIAN IMPASSABLE;x;
2669;170;126;162;ALIFE;x;
2670;2;129;35;MUNSTER;x;
2671;44;132;163;WARENDORF;x;
2672;86;135;36;AHLEN;x;
2673;128;138;164;DORTMUND;x;
2674;170;141;37;SOEST;x;
2675;2;144;165;RECKLINGHAUSEN;x;
2676;44;147;38;HUKESWAG;x;
2677;86;150;166;ESSEN;x;
2678;128;153;39;HAGEN;x;
2679;170;156;167;MARK;x;
2680;2;159;40;ARNSBERG;x;
2681;44;162;168;BILSTEIN;x;
2682;86;165;41;NEUSS;x;
2683;128;168;169;ESCHWEILER;x;
2684;170;171;42;PRUM;x;
2685;2;174;170;NAUENAHR;x;
2686;44;177;43;CHINY;x;
2687;86;180;171;SAINT-HUBERT;x;
2688;128;183;44;SIEGBURG;x;
2689;170;186;172;SAYN;x;
2690;2;189;45;WIED;x;
2691;44;192;173;ISENBURG;x;
2692;86;195;46;KATZENELNBOGEN;x;
2693;128;198;174;WIESBADEN;x;
2694;170;201;47;MAINZ;x;
2695;2;204;175;BOPPARD;x;
2696;44;207;48;SPONHEIM;x;
2697;86;210;176;COCHEM;x;
2698;128;0;49;SAARBURG;x;
2699;170;3;177;VIANDEN;x;
2700;2;6;50;KONZ;x;
2701;44;9;178;VELDENZ;x;
2702;86;12;51;PERSIAN IMPASSABLE;x;
2703;128;15;179;WADERN;x;
2704;170;18;52;SAARBRUCKEN;x;
2705;2;21;180;FORBACH;x;
2706;44;24;53;BRIEY;x;
2707;86;27;181;KREUSNACH;x;
2708;128;30;54;METZ;x;
2709;170;33;182;NANCY;x;
2710;2;36;55;PUTTLINGEN;x;
2711;44;39;183;FAULQUEMONT;x;
2712;86;42;56;FINSTINGEN;x;
2713;128;45;184;BLANKENBERG;x;
2714;170;48;57;SALM;x;
2715;2;51;185;VAUDEMONT;x;
2716;44;54;58;PERSIAN IMPASSABLE;x;
2717;86;57;186;COLMAR;x;
2718;128;60;59;PERSIAN IMPASSABLE;x;
2719;170;63;187;SELESTAT;x;
2720;2;66;60;FERRETTE;x;
2721;44;69;188;STRASSBURG;x;
2722;86;72;61;HAGUENAU;x;
2723;128;75;189;LICHTBERG;x;
2724;170;78;62;WEISSENBURG;x;
2725;2;81;190;BITSCH;x;
2726;44;84;63;ZWEIBRUCKEN;x;
2727;86;87;191;ROCKHAUSEN;x;
2728;128;90;64;LETNINGEN;x;
2729;170;93;192;KAISERSLAUTERN;x;
2730;2;96;65;PIRMASENS;x;
2731;44;99;193;WORMS;x;
2732;86;102;66;SPEYER;x;
2733;128;105;194;HEIDELBERG;x;
2734;170;108;67;PERSIAN IMPASSABLE;x;
2735;2;111;195;WEINHEIM;x;
2736;44;114;68;BESENSHEIM;x;
2737;86;117;196;ERBACH;x;
2738;128;120;69;MOSBACH;x;
2739;170;123;197;DURNE;x;
2740;2;126;70;PERSIAN IMPASSABLE;x;
2741;44;129;198;RUSSELSHEIM;x;
2742;86;132;71;SELIGENSTADT;x;
2743;128;135;199;HEILBRONN;x;
2744;170;138;72;HOCKENHEIM;x;
2745;2;141;200;VAIHINGEN;x;
2746;44;144;73;BADEN;x;
2747;86;147;201;CALW;x;
2748;128;150;74;WIRTEMBERG;x;
2749;170;153;202;TUBINGEN;x;
2750;2;156;75;SANKT BLASIEN;x;
2751;44;159;203;FREIBURG;x;
2752;86;162;76;OFFENBURG;x;
2753;128;165;204;GEROLDSECK;x;
2754;170;168;77;PERSIAN IMPASSABLE;x;
2755;2;171;205;SULZ;x;
2756;44;174;78;ROTTWEIL;x;
2757;86;177;206;FURSTENBERG;x;
2758;128;180;79;LUPFEN;x;
2759;170;183;207;HOHENBERG;x;
2760;2;186;80;CLETTGAU;x;
2761;44;189;208;HEILIGENBERG;x;
2762;86;192;81;NELLENBURG;x;
2763;128;195;209;ZOLLERN;x;
2764;170;198;82;VEHRINGEN;x;
2765;2;201;210;BEUTLINGEN;x;
2766;44;204;83;SCHELKLINGEN;x;
2767;86;207;211;SIGMARINGEN;x;
2768;128;210;84;ULM;x;
2769;170;0;212;HELLENENSTEIN;x;
2770;2;3;85;HELFENSTEIN;x;
2771;44;6;213;TECK;x;
2772;86;9;86;LOWENSTEIN;x;
2773;128;12;214;GRUNINGEN;x;
2774;170;15;87;BERGE;x;
2775;2;18;215;KIRCHBERG;x;
2776;44;21;88;MARSTETTEN;x;
2777;86;24;216;BURGAU;x;
2778;128;27;89;AUGSBURG;x;
2779;170;30;217;FRIEDBERG;x;
2780;2;33;90;LECHRAIN;x;
2781;44;36;218;PEITING;x;
2782;86;39;91;SCHONGAU;x;
2783;128;42;219;KEMPTEN;x;
2784;170;45;92;KAUFBEUREN;x;
2785;2;48;220;MEMMINGEN;x;
2786;44;51;93;RAVENSBURG;x;
2787;86;54;221;BREGENZ;x;
2788;128;57;94;WERDENBURG;x;
2789;170;60;222;VARES;x;
2790;2;63;95;HOHENSCHWANGAU;x;
2791;44;66;223;BEDERKESA;x;
2792;86;69;96;CUXHAVEN;x;
2793;128;72;224;BREMEN;x;
2794;170;75;97;VERDEN;x;
2795;2;78;225;STADE;x;
2796;44;81;98;ZEVEN;x;
2797;86;84;226;DITHMARSCHEN;x;
2798;128;87;99;ITZEHOE;x;
2799;170;90;227;NEUMUNSTER;x;
2800;2;93;0;FEMERA;x;
2801;44;96;128;KIEL;x;
2802;86;99;1;HAMBURG;x;
2803;128;102;129;BUXTEHUDE;x;
2804;170;105;2;LUBECK;x;
2805;2;108;130;AHRENSBURG;x;
2806;44;111;3;RATZEBURG;x;
2807;86;114;131;MECKLENBURG;x;
2808;128;117;4;SCHWERIN;x;
2809;170;120;132;ROSTOCK;x;
2810;2;123;5;STRALSUND;x;
2811;44;126;133;RUGEN;x;
2812;86;129;6;WERLE;x;
2813;128;132;134;PARCHIM;x;
2814;170;135;7;HAVELBERG;x;
2815;2;138;135;KLENOW;x;
2816;44;141;8;GREIFSWALD;x;
2817;86;144;136;WOLGAST;x;
2818;128;147;9;SWINOUJSCIE;x;
2819;170;150;137;GUSTROW;x;
2820;2;153;10;NEUBRANDENBURG;x;
2821;44;156;138;NEUSTRELITZ;x;
2822;86;159;11;UCRAMUND;x;
2823;128;162;139;SZCZECIN;x;
2824;170;165;12;KOLOBRZEG;x;
2825;2;168;140;STARGARD;x;
2826;44;171;13;CAMMIN;x;
2827;86;174;141;SLUPSK;x;
2828;128;177;14;KOSZALIN;x;
2829;170;180;142;LEBNO;x;
2830;2;183;15;GDANSK;x;
2831;44;186;143;WISLANA;x;
2832;86;189;16;WLADYSLAWOWO;x;
2833;128;192;144;SOPOT;x;
2834;170;195;17;MALBORK;x;
2835;2;198;145;ELBLAG;x;
2836;44;201;18;LOBEZ;x;
2837;86;204;146;BRUCHHAUSEN;x;
2838;128;207;19;DIEPHOLZ;x;
2839;170;210;147;HOYA;x;
2840;2;0;20;MINDEN;x;
2841;44;3;148;WIEDENBRUCK;x;
2842;86;6;21;LIPPSTADT;x;
2843;128;9;149;BUREN;x;
2844;170;12;22;LIPPE;x;
2845;2;15;150;SCHAUENBURG;x;
2846;44;18;23;WOLPE;x;
2847;86;21;151;PADERBORN;x;
2848;128;24;24;BRAKEL;x;
2849;170;27;152;WITTENSTEIN;x;
2850;2;30;25;WALDECK;x;
2851;44;33;153;DIEZ;x;
2852;86;36;26;SIEGEN;x;
2853;128;39;154;SOLMS;x;
2854;170;42;27;LIMBURG;x;
2855;2;45;155;FRANKFURT;x;
2856;44;48;28;HOMBURG;x;
2857;86;51;156;WETZLAR;x;
2858;128;54;29;ZIEGENHAIN;x;
2859;170;57;157;MARBURG;x;
2860;2;60;30;KASSEL;x;
2861;44;63;158;NIDDA;x;
2862;86;66;31;KLINGENBERG;x;
2863;128;69;159;HANAU;x;
2864;170;72;32;GELNHAUSEN;x;
2865;2;75;160;BUDINGEN;x;
2866;44;78;33;RIENECK;x;
2867;86;81;161;LAUTERBACH;x;
2868;128;84;34;WERTHEIM;x;
2869;170;87;162;HOCHBERG;x;
2870;2;90;35;WURZBURG;x;
2871;44;93;163;HAMMELBURG;x;
2872;86;96;36;WEINSBERG;x;
2873;128;99;164;CASEL;x;
2874;170;102;37;BAMBERG;x;
2875;2;105;165;ANSBACH;x;
2876;44;108;38;ABENBERG;x;
2877;86;111;166;NUREMBERG;x;
2878;128;114;39;LICHTSTAD;x;
2879;170;117;167;HIRSCHBERG;x;
2880;2;120;40;TRUBENDING;x;
2881;44;123;168;PERSIAN IMPASSABLE;x;
2882;86;126;41;WEISSENBURG;x;
2883;128;129;169;INGOLSTADT;x;
2884;170;132;42;PERSIAN IMPASSABLE;x;
2885;2;135;170;DILLINGEN;x;
2886;44;138;43;NORDLINGEN;x;
2887;86;141;171;HALL;x;
2888;128;144;44;CRAILSHEIM;x;
2889;170;147;172;MERGENTHEIM;x;
2890;2;150;45;IPHOFEN;x;
2891;44;153;173;UFFENHEIM;x;
2892;86;156;46;RIEDFELD;x;
2893;128;159;174;LUNEBURG;x;
2894;170;162;47;DANNENBERG;x;
2895;2;165;175;LUCHOW;x;
2896;44;168;48;WUNSDORF;x;
2897;86;171;176;DEPENAU;x;
2898;128;174;49;HANNOVER;x;
2899;170;177;177;WERBEN;x;
2900;2;180;50;STENDAL;x;
2901;44;183;178;BRUNSWICK;x;
2902;86;186;51;WOLFENBUTTEL;x;
2903;128;189;179;WALSRODE;x;
2904;170;192;52;CELLE;x;
2905;2;195;180;GIFHORN;x;
2906;44;198;53;MAGDEBURG;x;
2907;86;201;181;GARDELEGEN;x;
2908;128;204;54;PERSIAN IMPASSABLE;x;
2909;170;207;182;SCHWALENBERG;x;
2910;2;210;55;EVERSTEIN;x;
2911;44;0;183;DASSEL;x;
2912;86;3;56;HOMBURG;x;
2913;128;6;184;HILDESHEIM;x;
2914;170;9;57;WOLDENBERG;x;
2915;2;12;185;HOFGEISMAR;x;
2916;44;15;58;HALBERSTADT;x;
2917;86;18;186;WERNIGERODE;x;
2918;128;21;59;GOSLAR;x;
2919;170;24;187;GLEICHENSTEIN;x;
2920;2;27;60;GOTTINGEN;x;
2921;44;30;188;MUHLHAUSEN;x;
2922;86;33;61;MUNDEN;x;
2923;128;36;189;HERSFELD;x;
2924;170;39;62;FULDA;x;
2925;2;42;190;HENNEBERG;x;
2926;44;45;63;SCHWEINFURT;x;
2927;86;48;191;WILTBERG;x;
2928;128;51;64;EBELEBEN;x;
2929;170;54;192;PERSIAN IMPASSABLE;x;
2930;2;57;65;PERSIAN IMPASSABLE;x;
2931;44;60;193;HOHENSTEIN;x;
2932;86;63;66;BLANKENBURG;x;
2933;128;66;194;ARNSTEIN;x;
2934;170;69;67;SANGERHAUSEN;x;
2935;2;72;195;MERSENBURG;x;
2936;44;75;68;MANSFELD;x;
2937;86;78;196;UELZEN;x;
2938;128;81;69;NIEDERSCHONENFELD;x;
2939;170;84;197;ILMUNSTER;x;
2940;2;87;70;MUNCHSMUNSTER;x;
2941;44;90;198;ABENSBERG;x;
2942;86;93;71;ROTHENBURG;x;
2943;128;96;199;FREISING;x;
2944;170;99;72;PERSIAN IMPASSABLE;x;
2945;2;102;200;MUNCHEN;x;
2946;44;105;73;AHEIM;x;
2947;86;108;201;WOLFRATSHAUSEN;x;
2948;128;111;74;TOLZ;x;
2949;170;114;202;ESCHENLOHE;x;
2950;2;117;75;INNSBRUCK;x;
2951;44;120;203;MATREI;x;
2952;86;123;76;BRUNECK;x;
2953;128;126;204;KUFSTEIN;x;
2954;170;129;77;BOZEN;x;
2955;2;132;205;BRIXEN;x;
2956;44;135;78;FALKENSTEIN;x;
2957;86;138;206;GEISENHAUSEN;x;
2958;128;141;79;ERDING;x;
2959;170;144;207;FRONTENHAUSEN;x;
2960;2;147;80;PASSAU;x;
2961;44;150;208;DORNBERG;x;
2962;86;153;81;ORTENBURG;x;
2963;128;156;209;LEONSBERG;x;
2964;170;159;82;REGENSBURG;x;
2965;2;162;210;TEGERNHEIM;x;
2966;44;165;83;WENZENBACH;x;
2967;86;168;211;CHAM;x;
2968;128;171;84;DEGGENDORF;x;
2969;170;174;212;WALDKIRCHEN;x;
2970;2;177;85;SCHARDING;x;
2971;44;180;213;SCHAUMBERG;x;
2972;86;183;86;RIED;x;
2973;128;186;214;BRAUNAU;x;
2974;170;189;87;PERSIAN IMPASSABLE;x;
2975;2;192;215;SALZBURG;x;
2976;44;195;88;KITZBUHEL;x;
2977;86;198;216;BERCHTESGADEN;x;
2978;128;201;89;HALLEIN;x;
2979;170;204;217;STRASSWALCHEN;x;
2980;2;207;90;GORLITZ;x;
2981;44;210;218;BURGHAUSEN;x;
2982;86;0;91;LAUFEN;x;
2983;128;3;219;TRAUNSTEIN;x;
2984;170;6;92;MARQUARDSTEIN;x;
2985;2;9;220;LAUKENTAL;x;
2986;44;12;93;LENGENFELD;x;
2987;86;15;221;PARSBERG;x;
2988;128;18;94;SULZBACH;x;
2989;170;21;222;HOHENBURG;x;
2990;2;24;95;LEUCHTENBURG;x;
2991;44;27;223;NEUMARKT;x;
2992;86;30;96;GREIFFENST;x;
2993;128;33;224;BAYREUTH;x;
2994;170;36;97;KULMBACH;x;
2995;2;39;225;LICHTENFELS;x;
2996;44;42;98;PERSIAN IMPASSABLE;x;
2997;86;45;226;CHEB;x;
2998;128;48;99;COBURG;x;
2999;170;51;227;SCHWARZBURG;x;
3000;3;54;0;HOF;x;
3001;45;57;128;REHAU;x;
3002;87;60;1;PERSIAN IMPASSABLE;x;
3003;129;63;129;LOBDABURG;x;
3004;171;66;2;PLAUEN;x;
3005;3;69;130;ORLAMUNDE;x;
3006;45;72;3;GLEICHEN;x;
3007;87;75;131;BEICHTINEN;x;
3008;129;78;4;KAFERNBURG;x;
3009;171;81;132;EISENACH;x;
3010;3;84;5;SCHMALKALDEN;x;
3011;45;87;133;PERSIAN IMPASSABLE;x;
3012;87;90;6;WOLKENSTEIN;x;
3013;129;93;134;WALDENBURG;x;
3014;171;96;7;ALTENBURG;x;
3015;3;99;135;COLDITZ;x;
3016;45;102;8;LEISNING;x;
3017;87;105;136;DEVIN;x;
3018;129;108;9;HALLE;x;
3019;171;111;137;LEIPZIG;x;
3020;3;114;10;NAUMBURG;x;
3021;45;117;138;EILENBURG;x;
3022;87;120;11;PERSIAN IMPASSABLE;x;
3023;129;123;139;DESSAU;x;
3024;171;126;12;DUBEN;x;
3025;3;129;140;TORGAU;x;
3026;45;132;13;PERSIAN IMPASSABLE;x;
3027;87;135;141;MEISSEN;x;
3028;129;138;14;FREIBERG;x;
3029;171;141;142;PERSIAN IMPASSABLE;x;
3030;3;144;15;DRESDEN;x;
3031;45;147;143;PERSIAN IMPASSABLE;x;
3032;87;150;16;BAUTZEN;x;
3033;129;153;144;BISCHOFSWERDA;x;
3034;171;156;17;GROSSENHAIN;x;
3035;3;159;145;RADEBEUL;x;
3036;45;162;18;PERSIAN IMPASSABLE;x;
3037;87;165;146;KUNLUNSHAN;x;
3038;129;168;19;GERA;x;
3039;171;171;147;REICHENBACH;x;
3040;3;174;20;TESCHEN;x;
3041;45;177;148;BIELSKO;x;
3042;87;180;21;RATIBOR;x;
3043;129;183;149;RYBNIK;x;
3044;171;186;22;BETHEN;x;
3045;3;189;150;BRESLAU;x;
3046;45;192;23;FRANKENSTEIN;x;
3047;87;195;151;KLADZKO;x;
3048;129;198;24;NYSA;x;
3049;171;201;152;BRZEG;x;
3050;3;204;25;GLOGOWEK;x;
3051;45;207;153;STREHLITZ;x;
3052;87;210;26;OPPELN;x;
3053;129;0;154;KREUZBURG;x;
3054;171;3;27;LUBLINIEC;x;
3055;3;6;155;OLAWA;x;
3056;45;9;28;OTMUCHOW;x;
3057;87;12;156;BARDO;x;
3058;129;15;29;LEGNICA;x;
3059;171;18;157;SWINY;x;
3060;3;21;30;SADOWEL;x;
3061;45;24;158;MILIEZ;x;
3062;87;27;31;OLESNICA;x;
3063;129;30;159;GLOGOW;x;
3064;171;33;32;GRUNBERG;x;
3065;3;36;160;BYTOM;x;
3066;45;39;33;ZAGAN;x;
3067;87;42;161;SPROTTAU;x;
3068;129;45;34;PRZEMKOW;x;
3069;171;48;162;WLEN;x;
3070;3;51;35;NOWOGRODZIEC;x;
3071;45;54;163;KUNLUNSHAN;x;
3072;87;57;36;LEONFELDEN;x;
3073;129;60;164;FREISTADT;x;
3074;171;63;37;GMUND;x;
3075;3;66;165;WILD;x;
3076;45;69;38;ZWETTL;x;
3077;87;72;166;HORN;x;
3078;129;75;39;HAUGSDORF;x;
3079;171;78;167;LAA;x;
3080;3;81;40;MIKULOV;x;
3081;45;84;168;HOHENAU;x;
3082;87;87;41;MISTELBACH;x;
3083;129;90;169;SPITTAL;x;
3084;171;93;42;FLORIDSDORF;x;
3085;3;96;170;ERNSTBRUNN;x;
3086;45;99;43;VIENNA;x;
3087;87;102;171;BRUCK;x;
3088;129;105;44;KREMS;x;
3089;171;108;172;SANKT POLTEN;x;
3090;3;111;45;SPITZ;x;
3091;45;114;173;PADUN;x;
3092;87;117;46;PITTEN;x;
3093;129;120;174;AMSTETTEN;x;
3094;171;123;47;WIESELBURG;x;
3095;3;126;175;RIBNICA;x;
3096;45;129;48;LJUBLJANA;x;
3097;87;132;176;DOBOVEC;x;
3098;129;135;49;RUDOLFSWERDE;x;
3099;171;138;177;VILLACH;x;
3100;3;141;50;KRANJ;x;
3101;45;144;178;KAMNIK;x;
3102;87;147;51;KRSKO;x;
3103;129;150;179;MARIBOR;x;
3104;171;153;52;KUNLUNSHAN;x;
3105;3;156;180;KLAGENFURT;x;
3106;45;159;53;WINDISCHE BUHEL;x;
3107;87;162;181;ENGELBERG;x;
3108;129;165;54;WOLFSBERG;x;
3109;171;168;182;LEIBNITZ;x;
3110;3;171;55;LEOBEN;x;
3111;45;174;183;KOFLACH;x;
3112;87;177;56;JUDENBURG;x;
3113;129;180;184;SANKT VEIT;x;
3114;171;183;57;MURAU;x;
3115;3;186;185;TAMSWEG;x;
3116;45;189;58;FELDBACH;x;
3117;87;192;186;GRAZ;x;
3118;129;195;59;KAPFENBERG;x;
3119;171;198;187;FURSTENFELD;x;
3120;3;201;60;OBERWART;x;
3121;45;204;188;MURZZUSCHLAG;x;
3122;87;207;61;MARIAZELL;x;
3123;129;210;189;KUNLUNSHAN;x;
3124;171;0;62;WAIDHOFEN;x;
3125;3;3;190;KNITTELFELD;x;
3126;45;6;63;ADMONT;x;
3127;87;9;191;FELDKIRCHEN;x;
3128;129;12;64;KAMMERSBERG;x;
3129;171;15;192;IRDNING;x;
3130;3;18;65;LIEZEN;x;
3131;45;21;193;LINZ;x;
3132;87;24;66;STEYR;x;
3133;129;27;194;WELS;x;
3134;171;30;67;LIENZ;x;
3135;3;33;195;HALLSTATT;x;
3136;45;36;68;SPREMBERG;x;
3137;87;39;196;OBERVELLACH;x;
3138;129;42;69;FORST;x;
3139;171;45;197;SORGE;x;
3140;3;48;70;SPREEWALD;x;
3141;45;51;198;KAMENZ;x;
3142;87;54;71;ODERFRANKFURT;x;
3143;129;57;199;NAUMBERG;x;
3144;171;60;72;CROSSEN;x;
3145;3;63;200;SCHWIEBUS;x;
3146;45;66;73;SIEDLISCHO;x;
3147;87;69;201;RZEPIN;x;
3148;129;72;74;SULECIN;x;
3149;171;75;202;LEBUS;x;
3150;3;78;75;KUNLUNSHAN;x;
3151;45;81;203;DRIESEN;x;
3152;87;84;76;LANDSBERG;x;
3153;129;87;204;KOSTSCHIN;x;
3154;171;90;77;SOLDIN;x;
3155;3;93;205;GRYFINO;x;
3156;45;96;78;ARNSWALDE;x;
3157;87;99;206;POTSDAM;x;
3158;129;102;79;BERLIN;x;
3159;171;105;207;STORKOW;x;
3160;3;108;80;PRENZLAU;x;
3161;45;111;208;EBERSWALDE;x;
3162;87;114;81;SCHWEDT;x;
3163;129;117;209;TEMPLIN;x;
3164;171;120;82;BOTZOW;x;
3165;3;123;210;ROSENFELDE;x;
3166;45;126;83;BRANDENBURG;x;
3167;87;129;211;LINDOW;x;
3168;129;132;84;RUPPIN;x;
3169;171;135;212;NOWEN;x;
3170;3;138;85;TANGERMUNDE;x;
3171;45;141;213;MOCKERN;x;
3172;87;144;86;ZERBST;x;
3173;129;147;214;WITTENBERG;x;
3174;171;150;87;BELIZI;x;
3175;3;153;215;BRENE;x;
3176;45;156;88;GOMMERN;x;
3177;87;159;216;LEHNIN;x;
3178;129;162;89;DAHME;x;
3179;171;165;217;KUNLUNSHAN;x;
3180;3;168;90;JUTERBOG;x;
3181;45;171;218;COTTBUS;x;
3182;87;174;91;LUBBEN;x;
3183;129;177;219;KREUZ;x;
3184;171;180;92;DRAMBERG;x;
3185;3;183;220;BELGARD;x;
3186;45;186;93;PILA;x;
3187;87;189;221;WALCZ;x;
3188;129;192;94;SZCZECINEK;x;
3189;171;195;222;MIASTKO;x;
3190;3;198;95;HAMMERSTEIN;x;
3191;45;201;223;BYTOW;x;
3192;87;204;96;KONITZ;x;
3193;129;207;224;TUCHOWNA;x;
3194;171;210;97;TRSOW;x;
3195;3;0;225;BERENT;x;
3196;45;3;98;SCHWETZ;x;
3197;87;6;226;GRAUDENZ;x;
3198;129;9;99;KULM;x;
3199;171;12;227;TORUN;x;
3200;3;15;0;Brodnica;x;
3201;45;18;128;Mohrungen ;x;
3202;87;21;1;BRIESEN;x;
3203;129;24;129;PATERSWALDE;x;
3204;171;27;2;LAUTENBURG;x;
3205;3;30;130;BARTENSTEIN;x;
3206;45;33;3;INSTERBURG;x;
3207;87;36;131;RASTENBURG;x;
3208;129;39;4;LOTZEN;x;
3209;171;42;132;ANGERBURG;x;
3210;3;45;5;LYCK;x;
3211;45;48;133;ORTELSBURG;x;
3212;87;51;6;ALLENSTEIN;x;
3213;129;54;134;OSTERODE;x;
3214;171;57;7;EYLAU;x;
3215;3;60;135;NIEDENBURG;x;
3216;45;63;8;KONIGSBERG;x;
3217;87;66;136;BRAUNSBERG;x;
3218;129;69;9;LAUKITTEN;x;
3219;171;72;137;OSTLANDSBERG;x;
3220;3;75;10;Wormditt;x;
3221;45;78;138;ALTO ARAGON;x;
3222;0;0;0;IMPASSABLE;x;
3223;76;23;151;river_garonne;x;
3224;93;165;43;river_garonne;x;
3225;0;255;0;river_garonne;x;
3226;171;210;96;river_loire;x;
3227;186;205;162;river_loire;x;
3228;185;192;56;river_loire;x;
3229;171;102;142;sea_zeeland_delta;x;
3230;3;105;15;sea_zeeland_delta;x;
3231;45;108;143;river_rhine;x;
3232;87;111;16;river_rhine;x;
3233;129;114;144;river_rhine;x;
3234;171;117;17;river_seine;x;
3235;3;120;145;river_seine;x;
3236;45;123;18;river_seine;x;
3237;87;126;146;river_elbe;x;
3238;129;129;19;river_elbe;x;
3239;171;132;147;river_elbe;x;
3240;3;135;20;river_elbe;x;
3241;45;138;148;river_daugava;x;
3242;87;141;21;river_daugava;x;
3243;129;144;149;river_po;x;
3244;171;147;22;river_po;x;
3245;3;150;150;river_po;x;
3246;45;153;23;river_po;x;
3247;87;156;151;river_rhone;x;
3248;129;159;24;river_rhone;x;
3249;171;162;152;river_rhone;x;
3250;3;165;25;river_guadiana;x;
3251;45;168;153;river_guadiana;x;
3252;87;171;26;river_guadiana;x;
3253;129;174;154;river_guadalquivir;x;
3254;171;177;27;river_guadalquivir;x;
3255;127;129;54;KUNLUNSHAN;x;
3256;45;183;28;ALPS 1;x;
3257;87;186;156;German Mountains 13;x;
3258;129;189;29;Annonay;x;
3259;171;192;157;Northern Apennine Mountains 2;x;
3260;3;195;30;NORWEGIAN MOUNTAINS;x;
3261;45;198;158;SWEDISH IMPASSIBLE TERRAIN 1;x;
3262;87;201;31;FINNISH IMPASSIBLE TERRAIN 1;x;
3263;129;204;159;SWEDISH IMPASSIBLE TERRAIN 2;x;
3264;171;207;32;KOLA IMPASSIBLE TERRAIN;x;
3265;3;210;160;ICELANDIC LAKES;x;
3266;45;0;33;MAGAMPURA;x;
3267;87;3;161;KATARGAMA;x;
3268;129;6;34;GODAWAYA;x;
3269;171;9;162;MAHIYANGANA;x;
3270;3;12;35;DIGHAVAPI;x;
3271;45;15;163;GIMHATHITHTHA;x;
3272;87;18;36;ANURADHAPURA;x;
3273;129;21;164;POLONNARUWA;x;
3274;171;24;37;DAMBADENIYA;x;
3275;3;27;165;JAFFNA;x;
3276;45;30;38;KOTTE;x;
3277;87;33;166;SITAWAKA;x;
3278;129;36;39;SENKADAGALAPURA;x;
3279;171;39;167;MATALE;x;
3280;3;42;40;BATTICALOA;x;
3281;45;45;168;TRINCOMALEE;x;
3282;87;48;41;DHAMBALLAI;x;
3283;129;51;169;PUTTALAM;x;
3284;171;54;42;KURUNAGALA;x;
3285;3;57;170;VAVUNIYA;x;
3286;45;60;43;MANNAR;x;
3287;87;63;171;MULLAITIVU;x;
3288;129;66;44;MALAYA RATA;x;
3289;171;69;172;PERSIAN IMPASSABLE TERRAIN 1;x;
3290;3;72;45;PERSIAN IMPASSABLE TERRAIN 2;x;
3291;45;75;173;PERSIAN IMPASSABLE TERRAIN 3;x;
3292;87;78;46;PERSIAN IMPASSABLE TERRAIN 4;x;
3293;129;81;174;KUNLUNSHAN;x;
3294;171;84;47;Tell Atlas Mountains 9;x;
3295;3;87;175;BALKAN IMPASSABLE TERRAIN 1;x;
3296;45;90;48;BALKAN IMPASSABLE TERRAIN 2;x;
3297;87;93;176;BALKAN IMPASSABLE TERRAIN 3;x;
3298;129;96;49;BALKAN IMPASSABLE TERRAIN 4;x;
3299;171;99;177;BALKAN IMPASSABLE TERRAIN 5;x;
3300;3;102;50;IBERIAN IMPASSIBLE TERRAIN 1;x;
3301;45;105;178;IBERIAN IMPASSIBLE TERRAIN 2;x;
3302;87;108;51;IBERIAN IMPASSIBLE TERRAIN 3;x;
3303;129;111;179;IBERIAN IMPASSIBLE TERRAIN 4;x;
3304;171;114;52;IBERIAN IMPASSIBLE TERRAIN 5;x;
3305;3;117;180;IBERIAN IMPASSIBLE TERRAIN 6;x;
3306;45;120;53;IBERIAN IMPASSIBLE TERRAIN 7;x;
3307;87;123;181;ICELANDIC IMPASSIBLE TERRAIN;x;
3308;129;126;54;ALPS 2;x;
3309;171;129;182;ALPS 3;x;
3310;3;132;55;ALPS 4;x;
3311;45;135;183;ALPS 5;x;
3312;87;138;56;ALPS 6;x;
3313;129;141;184;ALPS 7;x;
3314;171;144;57;ALPS 8;x;
3315;3;147;185;Jhansi;x;
3316;45;150;58;Luacchagiri;x;
3317;87;153;186;Guna;x;
3318;129;156;59;Garh_Kundar;x;
3319;171;159;187;Jarai_ka_Math;x;
3320;3;162;60;Kadwaya;x;
3321;45;165;188;Raisin;x;
3322;87;168;61;Sironj;x;
3323;129;171;189;Sanchi;x;
3324;171;174;62;Bhojpur;x;
3325;3;177;190;Ashta;x;
3326;45;180;63;Jhalawar;x;
3327;87;183;191;Gagraun;x;
3328;129;186;64;Dharmrajeshwar;x;
3329;171;189;192;Vatapadraka;x;
3330;3;192;65;Betma;x;
3331;45;195;193;Depalpur;x;
3332;87;198;66;Dharampuri;x;
3333;129;201;194;Champaner;x;
3334;171;204;67;Dewas;x;
3335;3;207;195;Maksi;x;
3336;45;210;68;Mehidpur;x;
3337;87;0;196;Agar;x;
3338;129;3;69;Sheopur;x;
3339;171;6;197;Narwar;x;
3340;3;9;70;Sabalgarh;x;
3341;45;12;198;Dabra;x;
3342;87;15;71;Naddula;x;
3343;129;18;199;Ranakpur;x;
3344;171;21;72;Gangapur;x;
3345;3;24;200;Bhilwara;x;
3346;45;27;73;Mandrael;x;
3347;87;30;201;Ajayameru;x;
3348;129;33;74;Dhanop;x;
3349;171;36;202;Pushkar;x;
3350;3;39;75;Bhuj;x;
3351;45;42;203;Anjar;x;
3352;87;45;76;Lalpur;x;
3353;129;48;204;Bhanvad;x;
3354;171;51;77;Lakhota;x;
3355;3;54;205;Morvi;x;
3356;45;57;78;Halvad;x;
3357;87;60;206;Ranpur;x;
3358;129;63;79;Amarvalli;x;
3359;171;66;207;Uperkot;x;
3360;3;69;80;Bhumilka;x;
3361;45;72;208;Shrinagar;x;
3362;87;75;81;Mangrol;x;
3363;129;78;209;Saymur;x;
3364;171;81;82;Delvada;x;
3365;3;84;210;Moherak;x;
3366;45;87;83;Shatrunjaya;x;
3367;87;90;211;Dhandhuka;x;
3368;129;93;84;Sihor;x;
3369;171;96;212;Kamboika;x;
3370;3;99;85;Modhera;x;
3371;45;102;213;Vadnagar;x;
3372;87;105;86;Siddhapura;x;
3373;129;108;214;Idar;x;
3374;171;111;87;Jhalod;x;
3375;3;114;215;Khambhat;x;
3376;45;117;88;Ashaval;x;
3377;87;120;216;Dholka;x;
3378;129;123;89;Darbhavati;x;
3379;171;126;217;Kayavarohan;x;
3380;3;129;90;Bharuch;x;
3381;45;132;218;Tadkeshwar;x;
3382;87;135;91;Rajpipla;x;
3383;129;138;219;Navasarika;x;
3384;171;141;92;Sanjan;x;
3385;3;144;220;Kasara;x;
3386;45;147;93;Kiratakupa;x;
3387;87;150;221;Jaisalmer;x;
3388;129;153;94;Phalavardhika;x;
3389;171;156;222;Juna_Barmer;x;
3390;3;159;95;Thar Desert 1;x;
3391;45;162;223;Bhatiya;x;
3392;87;165;96;Siraj_ji_Takri;x;
3393;129;168;224;Ghotki;x;
3394;171;171;97;Mir_Rukan;x;
3395;3;174;225;Mirpur_Khas;x;
3396;45;177;98;Nasarpur;x;
3397;87;180;226;Matiari;x;
3398;129;183;99;Amarkot;x;
3399;171;186;227;Badin;x;
3400;3;189;0;Shahbandar;x;
3401;45;192;128;Nirun;x;
3402;87;195;1;Thatta;x;
3403;129;198;129;Kolachi;x;
3404;171;201;2;Sharusan;x;
3405;3;204;130;Khudabad;x;
3406;45;207;3;Shikarpur;x;
3407;87;210;131;Dajal;x;
3408;129;0;4;Chachran;x;
3409;171;3;132;Derawar;x;
3410;3;6;5;Askhanda;x;
3411;45;9;133;Vehari;x;
3412;87;12;6;Tulamba;x;
3413;129;15;134;Kabirwala;x;
3414;171;18;7;Alipur;x;
3415;3;21;135;Mankera;x;
3416;45;24;8;Wan_Bhachran;x;
3417;87;27;136;Dera_Ghazi_Khan;x;
3418;129;30;9;Kasur;x;
3419;171;33;137;Chunian;x;
3420;3;36;10;Sangla;x;
3421;45;39;138;Pancapura;x;
3422;87;42;11;Satghara;x;
3423;129;45;139;Abohar;x;
3424;171;48;12;Ajodhan;x;
3425;3;51;140;Phalia;x;
3426;45;54;13;Kamalia;x;
3427;87;57;141;Bhirr;x;
3428;129;60;14;Katasraj;x;
3429;171;63;142;Bhuttar;x;
3430;3;66;15;Jammu;x;
3431;45;69;143;Rahon;x;
3432;87;72;16;Pathankot;x;
3433;129;75;144;Kahlur;x;
3434;171;78;17;Kangra;x;
3435;3;81;145;Jhelum;x;
3436;45;84;18;Kunjah;x;
3437;87;87;146;Attak;x;
3438;129;90;19;Oddiyana;x;
3439;171;93;147;Mankiala;x;
3440;3;96;20;Shergarh;x;
3441;45;99;148;Nowshera;x;
3442;87;102;21;Lund_Nandana;x;
3443;129;105;149;Kalabagh;x;
3444;171;108;22;Hangu;x;
3445;3;111;150;Amaresvara;x;
3446;45;114;23;Parihasapura;x;
3447;87;117;151;Dhilika;x;
3448;129;120;24;Jahanpanah;x;
3449;171;123;152;Mirath;x;
3450;3;126;25;Indrasthana;x;
3451;45;129;153;Hapur;x;
3452;87;132;26;Sirhind;x;
3453;129;135;154;Sthanisvara;x;
3454;171;138;27;Samana;x;
3455;3;141;155;Asika;x;
3456;45;144;28;Narabhata;x;
3457;87;147;156;Sunam;x;
3458;129;150;29;Jajjanir;x;
3459;171;153;157;Bhatnir;x;
3460;3;156;30;Krishnajanmabhoomi;x;
3461;45;159;158;Govardhan;x;
3462;87;162;31;Agra;x;
3463;129;165;159;Soron;x;
3464;171;168;32;Etah;x;
3465;3;171;160;Dhavalapuri;x;
3466;45;174;33;Bayana;x;
3467;87;177;161;Bareily;x;
3468;129;180;34;Tilokpur;x;
3469;171;183;162;Ahichatra;x;
3470;3;186;35;Ujhani;x;
3471;45;189;163;Amroha;x;
3472;87;192;36;Bachhraon;x;
3473;129;195;164;Gangadvara;x;
3474;171;198;37;Bijnor;x;
3475;3;201;165;Rohtak;x;
3476;45;204;38;Kolayat;x;
3477;87;207;166;Dadrewa;x;
3478;129;210;39;Ladnu;x;
3479;171;0;167;Kuchaman;x;
3480;3;3;40;Makrana;x;
3481;45;6;168;Vairata;x;
3482;87;9;41;Sanganer;x;
3483;129;12;169;Amer;x;
3484;171;15;42;Osian;x;
3485;3;18;170;Sanderaka;x;
3486;45;21;43;Siwana;x;
3487;87;24;171;Purnatallakapura;x;
3488;129;27;44;Jalor;x;
3489;171;30;172;Bhillamala;x;
3490;3;33;45;Achalgarh;x;
3491;45;36;173;Eklingji;x;
3492;87;39;46;Nagahrada;x;
3493;129;42;174;Rishabhdeo;x;
3494;171;45;47;Jagadamba;x;
3495;3;48;175;Rampura;x;
3496;45;51;48;Baroli;x;
3497;87;54;176;Bhainsrorgarh;x;
3498;129;57;49;Ramgarh;x;
3499;171;60;177;Bundi;x;
3500;186;163;1;Glamoc;x;
3501;79;155;49;Hlivno;x;
3502;153;125;36;Duvno;x;
3503;158;70;77;Imotski;x;
3504;211;206;60;Kljuc na Sani;x;
3505;88;77;46;Greben;x;
3506;195;40;35;Kotor Varos;x;
3507;151;67;22;Jajce;x;
3508;191;182;123;Sokol;x;
3509;160;187;242;Bijeljina;x;
3510;50;65;96;Soli;x;
3511;197;233;86;Zvornik;x;
3512;183;94;18;Tolisa;x;
3513;14;157;113;Srebrenik;x;
3514;116;88;198;Maglaj;x;
3515;76;132;99;Gradiska;x;
3516;24;53;137;Vrbaski Grad;x;
3517;88;188;198;Glaz;x;
3518;106;32;15;Dubica;x;
3519;94;158;176;Vodicevo;x;
3520;220;24;43;Valamara;x;
3521;40;153;37;Krupa;x;
3522;63;107;167;Bihac;x;
3523;128;55;62;Pset;x;
3524;41;218;103;Vranduk;x;
3525;201;41;218;Bobovac;x;
3526;204;87;112;Travnik;x;
3527;100;144;207;Visoki;x;
3528;65;237;36;Kutina;x;
3529;17;46;70;Pozega;x;
3530;35;113;177;Brod;x;
3531;134;199;213;Koprivnica;x;
3532;122;75;16;Verevce;x;
3533;240;234;60;Cazma;x;
3534;66;90;28;Samobor;x;
3535;168;100;27;Sisak;x;
3536;63;161;40;Dubovac;x;
3537;121;195;201;Okic;x;
3538;8;145;130;Topusko;x;
3539;124;241;20;Modrus;x;
3540;168;141;32;Brinje;x;
3541;228;108;24;Dreznik;x;
3542;212;226;120;Bag;x;
3543;96;63;14;Kaseg;x;
3544;227;153;41;Udbina;x;
3545;98;176;205;Nin;x;
3546;45;175;64;Obrovac;x;
3547;135;153;99;Biograd;x;
3548;89;154;113;Knin;x;
3549;112;246;132;Bribir;x;
3550;156;130;32;sibenik;x;
3551;125;16;182;Sinj;x;
3552;145;173;201;Solin;x;
3553;57;79;33;Omis;x;
3554;167;224;180;Rodopi;x;
3555;114;78;24;Mokro;x;
3556;190;149;116;Hvar;x;
3557;111;179;128;Konjic;x;
3558;144;137;85;Mostar;x;
3559;200;114;22;Obalj;x;
3560;14;29;129;Gacko;x;
3561;28;72;23;Nevesinje;x;
3562;161;228;133;Drijeva;x;
3563;25;186;44;Kljuc;x;
3564;168;26;206;Olovo;x;
3565;222;65;10;Kuclat;x;
3566;88;167;35;Srebrenica;x;
3567;53;192;201;Vhrbosna;x;
3568;117;99;204;Rogatica;x;
3569;103;4;154;Ston;x;
3570;71;83;78;Pharsalos;x;
3571;83;9;123;Onogost;x;
3572;205;6;26;Trebinje;x;
3573;94;74;8;Risan;x;
3574;133;158;228;Kotor;x;
3575;17;83;18;Antivari;x;
3576;170;76;250;Ulcinj;x;
3577;43;227;239;Moraca;x;
3578;229;69;103;Drivast;x;
3579;239;164;255;Danj;x;
3580;236;76;242;Skadar;x;
3581;93;108;31;Visegrad;x;
3582;139;162;33;Gorazde;x;
3583;52;58;23;Hotca;x;
3584;211;247;45;Prijepolje;x;
3585;175;204;39;Breznica;x;
3586;209;39;75;Brskovo;x;
3587;107;147;0;Gradac;x;
3588;127;116;0;Zica;x;
3589;185;184;174;Arilje;x;
3590;79;221;96;Rujno;x;
3591;71;107;196;Sjenica;x;
3592;206;168;9;Budlimlje;x;
3593;121;80;36;Podujevo;x;
3594;35;155;75;Zvecan;x;
3595;64;114;45;Pec;x;
3596;155;108;56;Pristina;x;
3597;175;136;42;Prizren;x;
3598;141;162;221;Krusevac;x;
3599;74;42;192;Koznik;x;
3600;61;130;222;Prokuplje;x;
3601;28;65;101;Smederevo;x;
3602;0;111;160;Rudnik;x;
3603;32;140;187;Kragujevac;x;
3604;57;42;94;Macva;x;
3605;185;0;134;Debrc;x;
3606;35;198;177;Krupanj;x;
3607;172;187;1;Uzice;x;
3608;71;148;94;Orahovica;x;
3609;164;115;53;Osijek;x;
3610;76;73;17;Vakovo;x;
3611;230;89;206;Ilok;x;
3612;112;123;234;KUNLUNSHAN;x;
3613;210;214;137;Zemun;x;
3614;244;121;167;Kalyatta;x;
3615;220;185;39;Dospat;x;
3616;243;241;98;Kavurskoto Kale;x;
3617;168;253;226;Nevrokop;x;
3618;231;37;174;Zherkovo;x;
3619;118;189;26;Lyutitsa;x;
3620;81;21;84;Smolyan;x;
3621;182;43;108;Ustra;x;
3622;155;57;23;Byalgrad;x;
3623;0;255;76;Tsepina;x;
3624;53;92;64;Stanimaka;x;
3625;165;36;151;Krichim;x;
3626;58;123;11;Mezeshka;x;
3627;211;80;35;Didymoteichon;x;
3628;86;34;92;Burgas;x;
3629;126;16;130;Sozopol;x;
3630;246;131;250;Potamukastel;x;
3631;236;20;244;Dbilin;x;
3632;1;188;58;Beroe;x;
3633;184;25;191;Janitsa;x;
3634;19;103;44;Haskovo;x;
3635;17;67;22;Sliven;x;
3636;17;109;14;Kran;x;
3637;34;150;66;Kopsis;x;
3638;250;225;168;Bitola;x;
3639;169;12;19;Devol;x;
3640;49;51;225;Kastoria;x;
3641;165;182;0;Goritsa;x;
3642;225;244;0;Zegligovo;x;
3643;219;163;13;Skopje;x;
3644;193;103;35;Tetovo;x;
3645;252;41;109;Veles;x;
3646;47;116;59;Kicevo;x;
3647;64;48;159;Prilep;x;
3648;51;195;121;Shtip;x;
3649;85;163;188;Maleshevo;x;
3650;15;57;248;Strumica;x;
3651;175;49;44;Prosek;x;
3652;226;111;112;Scaptopara;x;
3653;240;209;147;Melnik;x;
3654;220;59;58;Bosilegrad;x;
3655;79;217;182;Kratovo;x;
3656;110;144;255;Velbazhd;x;
3657;249;179;199;Glubocica;x;
3658;213;57;197;Vranje;x;
3659;255;92;183;Novo Brdo;x;
3660;216;101;0;Morava;x;
3661;50;29;204;Svrljig;x;
3662;193;188;233;Pirot;x;
3663;69;225;208;Breznik;x;
3664;113;130;237;Branicevo;x;
3665;23;45;190;Kucevo;x;
3666;63;178;228;Ravno;x;
3667;239;70;249;Kladovo;x;
3668;104;44;149;Zajecar;x;
3669;179;89;230;Petrus;x;
3670;129;29;204;Belogradchik;x;
3671;0;25;177;Meldi;x;
3672;231;126;46;Pernik;x;
3673;19;38;123;Stipon;x;
3674;249;177;211;Rila;x;
3675;173;171;6;Lom;x;
3676;239;238;130;Orehovo;x;
3677;232;230;34;Kutlovitsa;x;
3678;136;119;40;Vratsa;x;
3679;131;116;244;Pliven;x;
3680;19;5;130;Lovech;x;
3681;82;102;193;Samundzhievo;x;
3682;184;26;62;Cherven;x;
3683;24;192;19;Elena;x;
3684;91;20;115;Gabrovo;x;
3685;226;27;36;Tutrakan;x;
3686;144;34;109;Shumen;x;
3687;206;11;195;Hrazgrad;x;
3688;119;16;126;Sborishte;x;
3689;243;75;103;Preslav;x;
3690;166;9;35;Provadiya;x;
3691;226;103;149;Aytos;x;
3692;117;222;114;Ktenia;x;
3693;234;121;246;Varna;x;
3694;72;129;152;Tulcha;x;
3695;27;82;105;Mangalia;x;
3696;221;242;161;Zakynthos;x;
3697;109;158;233;Prousos;x;
3698;26;108;118;Lidoriki;x;
3699;145;251;255;Sivista;x;
3700;30;97;200;Angelokastron;x;
3701;42;79;137;Vonitsa;x;
3702;120;15;9;Metzovo;x;
3703;215;191;30;Gardiki;x;
3704;143;85;197;Vrestenitsa;x;
3705;36;57;90;Agrafa;x;
3706;222;170;30;Konitsa;x;
3707;193;128;36;Vella;x;
3708;220;40;30;Ioannina;x;
3709;157;49;35;Grava;x;
3710;63;95;34;Corfu;x;
3711;232;230;0;Avlonas;x;
3712;193;187;0;Himara;x;
3713;241;166;167;Antipatreia;x;
3714;168;78;112;Skrapar;x;
3715;227;2;80;Argyrokastron;x;
3716;173;0;64;Klisura;x;
3717;0;153;74;Savra;x;
3718;252;128;130;Mat;x;
3719;213;0;113;Lezhe;x;
3720;228;30;32;Kruje;x;
3721;140;40;41;Hiskampis;x;
3722;92;230;134;Kukes;x;
3723;228;246;20;Peshkopi;x;
3724;149;0;0;Debar;x;
3725;128;128;128;Skopelos;x;
3726;12;121;117;Oreoi;x;
3727;117;47;165;Boudounitsa;x;
3728;178;120;180;Levadia;x;
3729;95;40;79;Amfissa;x;
3730;16;135;196;Thebes;x;
3731;55;107;28;Megara;x;
3732;21;213;218;Nikli;x;
3733;147;190;242;Karytaina;x;
3734;36;107;195;Arcadia;x;
3735;150;191;30;Lacedaemonia;x;
3736;194;241;57;Mistra;x;
3737;21;122;18;Andravida;x;
3738;79;132;77;Kalavryta;x;
3739;126;193;150;Szerem;x;
3740;30;62;197;Kos;x;
3741;189;177;49;Lindos;x;
3742;84;20;139;Karpathos;x;
3743;101;219;226;Rethymno;x;
3744;222;82;154;Paleohora;x;
3745;20;45;139;Agios Nikolaos;x;
3746;20;126;139;Ierapetra;x;
3747;206;243;167;Lopadion;x;
3748;44;117;54;Pagaea;x;
3749;45;33;124;Lampsakos;x;
3750;30;81;98;Ilion;x;
3751;187;210;218;Alexandria Troas;x;
3752;149;12;189;Lemnos;x;
3753;156;70;181;Skyros;x;
3754;225;76;11;Samos;x;
3755;16;97;94;Andros;x;
3756;131;147;146;Tinos;x;
3757;202;109;18;Thera;x;
3758;150;155;254;Salmydessus;x;
3759;8;23;177;Bizye;x;
3760;128;132;202;Arkadiopolis;x;
3761;109;82;210;Selymbria;x;
3762;56;29;87;Herakleia Perinthos;x;
3763;44;138;97;Chariopolis;x;
3764;52;148;133;Raidestos;x;
3765;13;79;69;Kypsela;x;
3766;28;145;58;Ainos;x;
3767;230;103;53;Xanthia;x;
3768;245;192;174;Traianopolis;x;
3769;162;61;22;Thasos;x;
3770;9;93;11;Siderokastron;x;
3771;233;52;45;Serres;x;
3772;26;240;122;Drama;x;
3773;9;93;81;Kavala;x;
3774;148;113;45;Chrysopolis;x;
3775;166;175;57;Rendina;x;
3776;71;67;238;Ierrisos;x;
3777;43;170;73;Kassandreia;x;
3778;255;197;240;Gynaikokastron;x;
3779;148;13;8;Langades;x;
3780;248;226;140;Mavrouda;x;
3781;64;75;162;Maglen;x;
3782;179;65;86;Sthlanitza;x;
3783;157;15;60;Voden;x;
3784;153;223;114;Veria;x;
3785;236;160;186;Kalyvia;x;
3786;25;37;77;Platamon;x;
3787;207;170;54;Servia;x;
3788;0;89;133;Elasson;x;
3789;89;238;226;Velestino;x;
3790;10;155;176;Halmyros;x;
3791;17;54;38;Domokos;x;
3792;119;160;194;Gardikia;x;
3793;20;148;92;Neopatras;x;
3794;131;211;165;Zetouni;x;
3795;148;246;134;Grevena;x;
3796;103;177;210;Stagoi;x;
3797;215;91;227;Trikala;x;
3798;17;128;131;Argos;x;
3799;88;233;190;Damala;x;
3800;53;177;200;Kalamata;x;
3801;84;219;79;Vostitsa;x;
3802;246;167;67;Cegled;x;
3803;30;101;51;Buda;x;
3804;171;123;2;Kecskemet;x;
3805;3;126;130;Szekesfehervar;x;
3806;45;129;3;Csakvar;x;
3807;87;132;131;Kalocsa;x;
3808;129;135;4;Esztergom;x;
3809;171;138;132;Komarom;x;
3810;3;141;5;Twardosczino;x;
3811;45;144;133;Trenscen;x;
3812;87;147;6;Puho;x;
3813;129;150;134;Zsolna;x;
3814;171;153;7;Turoc;x;
3815;3;156;135;Poszony;x;
3816;45;159;8;Szomolany;x;
3817;87;162;136;Sopron;x;
3818;129;165;9;Kapuvar;x;
3819;171;168;137;Koszeg;x;
3820;3;171;10;Vasvar;x;
3821;45;174;138;Kormend;x;
3822;87;177;11;Moson;x;
3823;129;180;139;Gyor;x;
3824;171;183;12;Zirc;x;
3825;3;186;140;Vasarhely;x;
3826;45;189;13;Veszprem;x;
3827;87;192;141;Kolon;x;
3828;129;195;14;Egerszeg;x;
3829;171;198;142;Letenye;x;
3830;3;201;15;Titel;x;
3831;45;204;143;Nyitra;x;
3832;87;207;16;Pecsen;x;
3833;129;210;144;Bajmoc;x;
3834;171;0;17;Sasvar;x;
3835;3;3;145;Somogyvar;x;
3836;45;6;18;Kaposvar;x;
3837;87;9;146;Csurgo;x;
3838;129;12;19;Szigetvar;x;
3839;171;15;147;Tolna;x;
3840;3;18;20;Simontornya;x;
3841;45;21;148;Dombovar;x;
3842;87;24;21;Baranyavar;x;
3843;129;27;149;Siklos;x;
3844;171;30;22;Pecs;x;
3845;3;33;150;Mohacs;x;
3846;45;36;23;Bars;x;
3847;87;39;151;Kormocbanya;x;
3848;129;42;24;Hont;x;
3849;171;45;152;Nograd;x;
3850;3;48;25;Balassagyarmat;x;
3851;45;51;153;Korporna;x;
3852;87;54;26;Losonc;x;
3853;11;28;46;Selmecbanya;x;
3854;0;121;136;Liptoujvar;x;
3855;3;63;155;Nemetlipcse;x;
3856;45;66;28;Zolyom;x;
3857;87;69;156;Breznobanya;x;
3858;129;72;29;Murany;x;
3859;171;75;157;Rimaszombat;x;
3860;3;78;30;Barfta;x;
3861;45;81;158;Kesmark;x;
3862;87;84;31;Locse;x;
3863;129;87;159;Bodrog;x;
3864;171;90;32;Zenta;x;
3865;3;93;160;Csongrad;x;
3866;45;96;33;Kiskunhalas;x;
3867;87;99;161;Tur;x;
3868;129;102;34;Szolnok;x;
3869;171;105;162;Gyongyospata;x;
3870;3;108;35;Borsod;x;
3871;45;111;163;Miskolc;x;
3872;87;114;36;Szeged;x;
3873;129;117;164;Bekes;x;
3874;171;120;37;Svarvas;x;
3875;3;123;165;Oroshaza;x;
3876;45;126;38;Kassa;x;
3877;87;129;166;Kevevar;x;
3878;129;132;39;Pancsova;x;
3879;171;135;167;Becse;x;
3880;3;138;40;Lugos;x;
3881;45;141;168;Karansebes;x;
3882;87;144;41;Kraso;x;
3883;129;147;169;Ersomlyo;x;
3884;171;150;42;Fehertemplom;x;
3885;3;153;170;Zemplen;x;
3886;45;156;43;Szerencs;x;
3887;87;159;171;Zynna;x;
3888;129;162;44;Toporo;x;
3889;171;165;172;Szabolcs;x;
3890;3;168;45;Nyir;x;
3891;45;171;173;Nagyboszormeny;x;
3892;87;174;46;Szoboszlo;x;
3893;129;177;174;Munkacz;x;
3894;171;180;47;Alsoverecke;x;
3895;3;183;175;Nagyberezna;x;
3896;45;186;48;Varanno;x;
3897;58;134;213;Ungvar;x;
3898;129;192;49;Borsova;x;
3899;171;195;177;Gyozeg;x;
3900;3;198;50;Debrecen;x;
3901;45;201;178;Belenyes;x;
3902;87;204;51;Zolonta;x;
3903;129;207;179;Zarand;x;
3904;171;210;52;Nagyhalmagy;x;
3905;3;0;180;Arad;x;
3906;45;3;53;Lippa;x;
3907;87;6;181;Szatmar;x;
3908;129;9;54;Nagybanya;x;
3909;171;12;182;Szilagy;x;
3910;3;15;55;Kraszna;x;
3911;45;18;183;Tasnad;x;
3912;87;21;56;Nagykaroly;x;
3913;129;24;184;Nagyszolos;x;
3914;171;27;57;Tecso;x;
3915;3;30;185;Borsa;x;
3916;45;33;58;Batorkeszi;x;
3917;87;36;186;Huszt;x;
3918;129;39;59;Okormezo;x;
3919;171;42;187;Beszterce;x;
3920;3;45;60;Radna;x;
3921;45;48;188;Des;x;
3922;87;51;61;Szek;x;
3923;129;54;189;Laposbanya;x;
3924;171;57;62;Torda;x;
3925;3;60;190;Banffyhunyad;x;
3926;45;63;63;Koloszvar;x;
3927;87;66;191;Szaszregen;x;
3928;129;69;64;Aranyosbanya;x;
3929;171;72;192;Marosvasarhely;x;
3930;3;75;65;Csikszereda;x;
3931;45;78;193;Vajdahunyad;x;
3932;87;81;66;Harszoc;x;
3933;129;84;194;Deva;x;
3934;171;87;67;Somorja;x;
3935;3;90;195;Kukullovar;x;
3936;45;93;68;Abrudbanya;x;
3937;87;96;196;Nagyszeben;x;
3938;129;99;69;Alvinc;x;
3939;171;102;197;Szaszkezd;x;
3940;3;105;70;Fogaras;x;
3941;45;108;198;Torcsvar;x;
3942;87;111;71;Brasso;x;
3943;129;114;199;Balvanyosvar;x;
3944;171;117;72;Sepsiszentgyorgy;x;
3945;3;120;200;Kovaszna;x;
3946;45;123;73;Gyergyoszentmiklos;x;
3947;87;126;201;Elesd;x;
3948;23;60;90;Eger;x;
3949;129;129;74;BALKAN IMPASSABLE TERRAIN 6;x;
3950;171;132;202;BALKAN IMPASSABLE TERRAIN 7;x;
3951;3;135;75;EASTERN EUROPE IMPASSABLE TERRAIN 1;x;
3952;45;138;203;EASTERN EUROPE IMPASSABLE TERRAIN 2;x;
3953;129;144;204;Faizabad;x;
3954;171;147;77;Gonda;x;
3955;3;150;205;Bahraich;x;
3956;45;153;78;Lakhimpur;x;
3957;87;156;206;Barohiya;x;
3958;129;159;79;Gorakhpur;x;
3959;171;162;207;Ajaigarh;x;
3960;3;165;80;Chitrakuta;x;
3961;45;168;208;Rath;x;
3962;87;171;81;Khajuraho;x;
3963;129;174;209;Bhatta;x;
3964;171;177;82;Umri;x;
3965;3;180;210;Dhamoni;x;
3966;45;183;83;Nohta;x;
3967;87;186;211;Chandrehi;x;
3968;129;189;84;Sakarai;x;
3969;171;192;212;Khaluvana;x;
3970;3;195;85;Thar Desert 2;x;
3971;45;198;213;Karoonjar;x;
3972;87;201;86;Jalaun;x;
3973;129;204;214;Boksanbanya;x;
3974;171;207;87;Nagylak;x;
3975;3;210;215;Pankota;x;
3976;45;0;88;Beny;x;
3977;87;3;216;Szentgotthard;x;
3978;129;6;89;Torna;x;
3979;171;9;217;Szendro;x;
3980;3;12;90;Bhadrak;x;
3981;45;15;218;Baleshvara;x;
3982;87;18;91;Raibania;x;
3983;129;21;219;Asanapat;x;
3984;171;24;92;Bahalda;x;
3985;3;27;220;Ghatagaon;x;
3986;45;30;93;Malayagiri;x;
3987;87;33;221;Bajrakot;x;
3988;129;36;94;Deogarh;x;
3989;171;39;222;Nilamadhav;x;
3990;3;42;95;Nayagarh;x;
3991;45;45;223;Shivapura;x;
3992;87;48;96;Camparanya;x;
3993;129;51;224;Rajiva_Lochana;x;
3994;171;54;97;Yajatinagara;x;
3995;3;57;225;Vinitapura;x;
3996;45;60;98;Ranipur;x;
3997;87;63;226;Rajgangpur;x;
3998;129;66;99;Bikramkhol;x;
3999;171;69;227;Umerkote;x;
4000;4;72;0;Gilan;x;
4001;46;75;128;Daylam;x;
4002;88;78;1;Khalkhal;x;
4003;130;81;129;Kursara;x;
4004;172;84;2;Lahij;x;
4005;4;87;130;Ruyan;x;
4006;46;90;3;Alamut;x;
4007;88;93;131;Sarakhs;x;
4008;130;96;4;Dandanqan;x;
4009;172;99;132;Shiraz-Sarakhsi;x;
4010;4;102;5;Mazduran;x;
4011;46;105;133;Maihana;x;
4012;88;108;6;Tus;x;
4013;130;111;134;Nuqaq;x;
4014;172;114;7;Farhadjird;x;
4015;4;117;135;Zawa;x;
4016;46;120;8;Shamat;x;
4017;88;123;136;Nishapur;x;
4018;130;126;9;Rivand;x;
4019;172;129;137;Keshmar;x;
4020;4;132;10;Sabzavar;x;
4021;46;135;138;Mazinan;x;
4022;88;138;11;Jajarm;x;
4023;130;141;139;Isfarain;x;
4024;172;144;12;Biyar;x;
4025;4;147;140;Bistum;x;
4026;46;150;13;Damghan;x;
4027;88;153;141;Gerdkuh;x;
4028;130;156;14;Astarabad;x;
4029;172;159;142;Gurgan;x;
4030;4;162;15;Bakrabad;x;
4031;46;165;143;Abaskun;x;
4032;88;168;16;Kerend;x;
4033;130;171;144;Dihistan;x;
4034;172;174;17;Khodzhakala;x;
4035;4;177;145;Oboy;x;
4036;46;180;18;Farava;x;
4037;88;183;146;Hesare Taq;x;
4038;130;186;19;Jarmaqan;x;
4039;172;189;147;Samaiqan;x;
4040;4;192;20;Dawin;x;
4041;46;195;148;Shahrastan;x;
4042;88;198;21;Nasa;x;
4043;130;201;149;Khabushan;x;
4044;172;204;22;Abivard;x;
4045;4;207;150;Simnan;x;
4046;46;210;23;Khuwar;x;
4047;88;0;151;Qashan;x;
4048;130;3;24;Natanz;x;
4049;172;6;152;Ardistan;x;
4050;4;9;25;Uzwara;x;
4051;46;12;153;Nain;x;
4052;88;15;26;Uqda;x;
4053;130;18;154;Yazd;x;
4054;172;21;27;Maibud;x;
4055;4;24;155;Fahraj;x;
4056;46;27;28;Khazana;x;
4057;88;30;156;Jarmaq;x;
4058;130;33;29;Wandah;x;
4059;172;36;157;KUNLUNSHAN;x;
4060;4;39;30;Mihrijan;x;
4061;46;42;158;Biyadaq;x;
4062;88;45;31;Qain;x;
4063;130;48;159;Birjand;x;
4064;172;51;32;Khusf;x;
4065;4;54;160;Barandud;x;
4066;46;57;33;Junabid;x;
4067;88;60;161;Bejestan;x;
4068;130;63;34;Tun;x;
4069;172;66;162;Tabas;x;
4070;4;69;35;Khur;x;
4071;46;72;163;Raqe;x;
4072;88;75;36;Naband;x;
4073;130;78;164;Behabad;x;
4074;172;81;37;Kuhbayan;x;
4075;4;84;165;Rawar;x;
4076;46;87;38;Khabis;x;
4077;88;90;166;Zarand;x;
4078;130;93;39;Kirman;x;
4079;172;96;167;Anar;x;
4080;4;99;40;Rudhan;x;
4081;46;102;168;Mashiz;x;
4082;88;105;41;Kashid;x;
4083;130;108;169;Bamm;x;
4084;172;111;42;Dardjiin;x;
4085;4;114;170;Nurmashiir;x;
4086;46;117;43;Dafaarid;x;
4087;88;120;171;Bimand;x;
4088;130;123;44;Sirjan;x;
4089;172;126;172;Jiruft;x;
4090;4;129;45;Maghun;x;
4091;46;132;173;Ruyan Jirufti;x;
4092;88;135;46;Baaft;x;
4093;130;138;174;Lar;x;
4094;172;141;47;Kariyan;x;
4095;4;144;175;Jahrum;x;
4096;46;147;48;Shahr-e-Babak;x;
4097;88;150;176;Muralzijan;x;
4098;130;153;49;Abarquh;x;
4099;172;156;177;Qaryat al-Asad;x;
4100;4;159;50;Jarquh;x;
4101;46;162;178;Sarwistan;x;
4102;88;165;51;Wardana;x;
4103;130;168;179;Qumisha;x;
4104;172;171;52;Firuzan;x;
4105;4;174;180;Julfa;x;
4106;46;177;53;Isfahan;x;
4107;88;180;181;Gulpaygan;x;
4108;130;183;54;Wazwan;x;
4109;172;186;182;Qom;x;
4110;4;189;55;Aba-Qomi;x;
4111;46;192;183;Sawa;x;
4112;88;195;56;Asbid-Dasht;x;
4113;130;198;184;Juy-e-Sard;x;
4114;172;201;57;Abta'a;x;
4115;4;204;185;Karaj Abu Dulaf;x;
4116;46;207;58;Nihawand;x;
4117;88;210;186;Iqlid;x;
4118;130;0;59;Istakhr;x;
4119;172;3;187;Mayin;x;
4120;4;6;60;Abraj;x;
4121;46;9;188;Abada;x;
4122;88;12;61;Lurijan;x;
4123;130;15;189;Aruj;x;
4124;172;18;62;Samshiborid;x;
4125;4;21;190;Praha;x;
4126;46;24;63;Vysehrad;x;
4127;88;27;191;Beroun;x;
4128;130;30;64;Melnik;x;
4129;172;33;192;Litomerice;x;
4130;4;36;65;Slany;x;
4131;46;39;193;Bilina;x;
4132;88;42;66;Kadan;x;
4133;130;45;194;Decin;x;
4134;172;48;67;Bezdez;x;
4135;4;51;195;Zitava;x;
4136;46;54;68;Boleslav;x;
4137;88;57;196;Dvur-Chvojno;x;
4138;130;60;69;Hradec(Kralove);x;
4139;172;63;197;Jaromer;x;
4140;4;66;70;Vraclav;x;
4141;46;69;198;Sedlec;x;
4142;88;72;71;Loket;x;
4143;130;75;199;Stribro;x;
4144;172;78;72;Tachov;x;
4145;4;81;200;Plzen;x;
4146;46;84;73;Primda;x;
4147;88;87;201;Zatec;x;
4148;130;90;74;Rakovnik;x;
4149;172;93;202;Prachen;x;
4150;4;96;75;Netolice;x;
4151;46;99;203;Pisek;x;
4152;88;102;76;Krumlov;x;
4153;130;105;204;Rozmberk;x;
4154;172;108;77;Doudleby;x;
4155;4;111;205;Telcz;x;
4156;46;114;78;Chynov;x;
4157;88;117;206;Bechyne;x;
4158;130;120;79;Milevsko;x;
4159;172;123;207;Spytihnev;x;
4160;4;126;80;Chrudim;x;
4161;46;129;208;Caslav;x;
4162;88;132;81;Jihlava;x;
4163;130;135;209;Zdar;x;
4164;172;138;82;Bitov;x;
4165;4;141;210;Olomouc;x;
4166;46;144;83;Znojmo;x;
4167;88;147;211;Ivancice;x;
4168;130;150;84;Brno;x;
4169;172;153;212;Breclav;x;
4170;4;156;85;Hodonin;x;
4171;46;159;213;Darabjerd;x;
4172;88;162;86;Fustujan;x;
4173;130;165;214;Nariz;x;
4174;172;168;87;Istakhbanat;x;
4175;4;171;215;Abade-Darabjerd;x;
4176;46;174;88;Sarwistan-Shirazi-Runiz;x;
4177;88;177;216;Shiraz-Farsi;x;
4178;130;180;89;Kubanjan;x;
4179;172;183;217;Kazarun;x;
4180;4;186;90;Sabur;x;
4181;46;189;218;Unicov;x;
4182;88;192;91;Prerov;x;
4183;130;195;219;Hradec-nad-Moravici;x;
4184;172;198;92;Opava;x;
4185;4;201;220;Hormuz;x;
4186;46;204;93;Shahru;x;
4187;88;207;221;Laft;x;
4188;130;210;94;Kaurastan;x;
4189;172;0;222;Beiram;x;
4190;4;3;95;Dun;x;
4191;46;6;223;Huzu;x;
4192;88;9;96;Dazuk;x;
4193;130;12;224;Naband;x;
4194;172;15;97;Siraf;x;
4195;4;18;225;Mandestan;x;
4196;46;21;98;Kariyan;x;
4197;88;24;226;Bushkanat;x;
4198;130;27;99;Gundijan;x;
4199;172;30;227;Firuzabad;x;
4200;4;33;0;Karzin;x;
4201;46;36;128;Azadawan;x;
4202;88;39;1;Shahrakht;x;
4203;130;42;129;Abiz;x;
4204;172;45;2;Asfuzar;x;
4205;4;48;130;Adraskan;x;
4206;46;51;3;Khin;x;
4207;88;54;131;Pushang;x;
4208;130;57;4;Tayabad;x;
4209;172;60;132;Khawaf;x;
4210;4;63;5;Buzjan;x;
4211;46;66;133;Zurabad;x;
4212;88;69;6;Kusuy;x;
4213;130;72;134;Bama'in;x;
4214;172;75;7;Jabal-al-Fidda;x;
4215;4;78;135;Herat;x;
4216;46;81;8;Karukh;x;
4217;88;84;136;Malin;x;
4218;130;87;9;Qarinayn;x;
4219;172;90;137;Barkdiz;x;
4220;4;93;10;Panjdih;x;
4221;46;96;138;Marv-ar-Rud;x;
4222;88;99;11;Baghshur;x;
4223;130;102;139;Dizah;x;
4224;172;105;12;Khasht;x;
4225;4;108;140;Firuzkuh;x;
4226;46;111;13;Ahanjaran;x;
4227;88;114;141;Ghur;x;
4228;130;117;14;Darmashan;x;
4229;172;120;142;Bashin;x;
4230;4;123;15;Shurmin;x;
4231;46;126;143;Dih-e-Khalaf;x;
4232;88;129;16;Ribat-e-Karyan;x;
4233;130;132;144;Till;x;
4234;172;135;17;Sinj;x;
4235;4;138;145;Jiranj;x;
4236;46;141;18;Kharad;x;
4237;88;144;146;Shawashkan;x;
4238;130;147;19;Merv;x;
4239;172;150;147;Kushmaihan;x;
4240;4;153;20;Amol-e-shatt;x;
4241;46;156;148;Shagal;x;
4242;88;159;21;Firabr;x;
4243;130;162;149;Barzam;x;
4244;172;165;22;Nevida;x;
4245;4;168;150;Sayat;x;
4246;46;171;23;Niyaz;x;
4247;88;174;151;Zamm;x;
4248;130;177;24;Akhsisak;x;
4249;172;180;152;Andkhud;x;
4250;4;183;25;Faryab;x;
4251;46;186;153;Yahudan;x;
4252;88;189;26;Taleqan;x;
4253;130;192;154;Gurzivan;x;
4254;172;195;27;Anbar-Guzgani;x;
4255;4;198;155;KUNLUNSHAN;x;
4256;46;201;28;Tustar;x;
4257;88;204;156;Gondishapur;x;
4258;130;207;29;Bazoh;x;
4259;172;210;157;Dizful;x;
4260;4;0;30;Andamish;x;
4261;46;3;158;Saburkhawasht;x;
4262;88;6;31;Alishtar;x;
4263;130;9;159;Manujan;x;
4264;172;12;32;Darhafan;x;
4265;4;15;160;Jask;x;
4266;46;18;33;Houn;x;
4267;88;21;161;South Jaz Murian;x;
4268;130;24;34;Bint;x;
4269;172;27;162;Ruhna;x;
4270;4;30;35;Tiz;x;
4271;46;33;163;Bih;x;
4272;88;36;36;Bampur;x;
4273;130;39;164;Fahraj;x;
4274;172;42;37;Riqan;x;
4275;4;45;165;North Jaz Murian;x;
4276;46;48;38;Kurk;x;
4277;88;51;166;Sanij;x;
4278;130;54;39;Qantarat Kirman;x;
4279;172;57;167;Ladhir;x;
4280;4;60;40;Khwash;x;
4281;46;63;168;KUNLUNSHAN;x;
4282;88;66;41;KUNLUNSHAN;x;
4283;130;69;169;Nih;x;
4284;172;72;42;Rasak;x;
4285;4;75;170;Kiz;x;
4286;46;78;43;Jiwani;x;
4287;88;81;171;Dizak Makrani;x;
4288;130;84;44;Ram Shahristan;x;
4289;172;87;172;Zaranj;x;
4290;4;90;45;Qarnin;x;
4291;46;93;173;Khawaj;x;
4292;88;96;46;Karkuya;x;
4293;130;99;174;Juwain;x;
4294;172;102;47;Uq;x;
4295;4;105;175;Bandan;x;
4296;46;108;48;Doroh;x;
4297;88;111;176;Khoshk-Rud;x;
4298;130;114;49;Masau;x;
4299;172;117;177;Farah;x;
4300;4;120;50;Zirjan;x;
4301;46;123;178;Jannaba;x;
4302;88;126;51;Siniz;x;
4303;130;129;179;Tawwaj;x;
4304;172;132;52;Khubadan;x;
4305;4;135;180;Arrajan;x;
4306;46;138;53;Dariyan;x;
4307;88;141;181;Asak;x;
4308;130;144;54;Ramhurmuz;x;
4309;172;147;182;Idhaj;x;
4310;4;150;55;Tamisha;x;
4311;46;153;183;Sariya;x;
4312;88;156;56;Amul;x;
4313;130;159;184;Natil;x;
4314;172;162;57;Shalush;x;
4315;4;165;185;Larijan;x;
4316;46;168;58;Firrim;x;
4317;88;171;186;Uram;x;
4318;130;174;59;Dumbawand;x;
4319;172;177;187;Rayy;x;
4320;4;180;60;Waramin;x;
4321;46;183;188;Mashkuya;x;
4322;88;186;61;Qasran;x;
4323;130;189;189;Qazvin;x;
4324;172;192;62;Abhar;x;
4325;4;195;190;Zanjan;x;
4326;46;198;63;Afshar;x;
4327;88;201;191;Suhravard;x;
4328;130;204;64;Aba;x;
4329;172;207;192;Mazdaqan;x;
4330;4;210;65;Sharuq;x;
4331;46;0;193;Rudhrawar;x;
4332;88;3;66;Dinawar;x;
4333;130;6;194;Hamadan;x;
4334;172;9;67;Rib?-i-l-K?;x;
4335;4;12;195;Balkh;x;
4336;46;15;68;Shapurqan;x;
4337;88;18;196;Navida;x;
4338;130;21;69;Siyahjird;x;
4339;172;24;197;Saan;x;
4340;4;27;70;Ruy;x;
4341;46;30;198;Samanjan;x;
4342;88;33;71;Sakalkand;x;
4343;130;36;199;Bamiyan;x;
4344;172;39;72;Parwan;x;
4345;4;42;200;Panjhir;x;
4346;46;45;73;Jarbaya;x;
4347;88;48;201;Andarab;x;
4348;130;51;74;Baghlan;x;
4349;172;54;202;Valvalij;x;
4350;4;57;75;Talekan;x;
4351;46;60;203;Khulm;x;
4352;88;63;76;Mila;x;
4353;130;66;204;Rustaq;x;
4354;172;69;77;Kishm;x;
4355;4;72;205;Badakhshan;x;
4356;46;75;78;Jerm;x;
4357;88;78;206;Munjan;x;
4358;130;81;79;Sanglich;x;
4359;172;84;207;Zaybak;x;
4360;4;87;80;Ishkamish;x;
4361;46;90;208;Dar-i-Tubbat;x;
4362;88;93;81;Wakhan;x;
4363;130;96;209;Shughnan;x;
4364;172;99;82;Alichur;x;
4365;4;102;210;Murghab;x;
4366;46;105;83;Upper Karran;x;
4367;88;108;211;Lower Karran;x;
4368;130;111;84;Termez;x;
4369;172;114;212;Chaghaniyan;x;
4370;4;117;85;Rigar;x;
4371;46;120;213;Darzanji;x;
4372;88;123;86;Basand;x;
4373;130;126;214;Charmanjan;x;
4374;172;129;87;Awzaj;x;
4375;4;132;215;Qobadiyan;x;
4376;46;135;88;Halavand;x;
4377;88;138;216;Livkand;x;
4378;130;141;89;Pargar;x;
4379;172;144;217;Hulbuk;x;
4380;4;147;90;Munk;x;
4381;46;150;218;Shuman;x;
4382;88;153;91;Vashjird;x;
4383;130;156;219;Rasht;x;
4384;172;159;92;Kalif;x;
4385;4;162;220;Kandak;x;
4386;46;165;93;Subakh;x;
4387;88;168;221;Al-Musala;x;
4388;130;171;94;Kishsh;x;
4389;172;174;222;NAWQAD QUREISH;x;
4390;4;177;95;NAKHSHAB;x;
4391;46;180;223;RIBAT MALIK;x;
4392;88;183;96;BEZDA;x;
4393;130;186;224;PAYKEND;x;
4394;172;189;97;BUKHARA;x;
4395;4;192;225;VARAKHSHA;x;
4396;46;195;98;RAMITAN;x;
4397;88;198;226;GHUJDUVAN;x;
4398;130;201;99;TAVAVIS;x;
4399;172;204;227;KUSHANIYA;x;
4400;4;207;0;NOOR BUKHARA;x;
4401;46;210;128;KERMINIYA;x;
4402;88;0;1;DABUSIYA;x;
4403;130;3;129;ARBINJAN;x;
4404;172;6;2;SAMARQAND;x;
4405;4;9;130;ISHTIKHAN;x;
4406;46;12;3;QATWAN;x;
4407;88;15;131;WADHAR;x;
4408;130;18;4;BARKAT;x;
4409;172;21;132;PANJIKAND;x;
4410;4;24;5;VARAGHSHAR;x;
4411;46;27;133;BOTTAMAN;x;
4412;88;30;6;DIZAK;x;
4413;130;33;134;ZAMIN;x;
4414;172;36;7;BUNJIKET;x;
4415;4;39;135;CHELEKEN;x;
4416;46;42;8;KURKATH;x;
4417;88;45;136;KHAWAS;x;
4418;130;48;9;KHOJAND;x;
4419;172;51;137;KEND-I-BADAM;x;
4420;4;54;10;ASHT;x;
4421;46;57;138;WANKATH;x;
4422;88;60;11;VARUKH;x;
4423;130;63;139;ISFARA;x;
4424;172;66;12;SUKH;x;
4425;4;69;140;HOSHYAR;x;
4426;46;72;13;AVAL;x;
4427;88;75;141;QUBA;x;
4428;130;78;14;KHOKAND;x;
4429;172;81;142;ANDIJAN;x;
4430;4;84;15;OSH;x;
4431;46;87;143;NAQAD;x;
4432;88;90;16;UZGEND;x;
4433;130;93;144;MIYAN-RUDAN;x;
4434;172;96;17;KHAYLAM;x;
4435;4;99;145;NAJM;x;
4436;46;102;18;ARDALANKATH;x;
4437;88;105;146;KASAN;x;
4438;130;108;19;AKHSIKATH;x;
4439;172;111;147;MARGHINAN;x;
4440;4;114;20;TAHIRIYA;x;
4441;46;117;148;DARGHAN;x;
4442;88;120;21;JIGIRBEND;x;
4443;130;123;149;SADVAR;x;
4444;172;126;22;NUKFAGH;x;
4445;4;129;150;ARDAKHIVAH;x;
4446;46;132;23;WAYIKHAN;x;
4447;88;135;151;GHARDAMAN;x;
4448;130;138;24;KATH;x;
4449;172;141;152;RAKHUSHMITHAN;x;
4450;4;144;25;HAZARASP;x;
4451;46;147;153;KARDURAN-KHAS;x;
4452;88;150;26;KHIVA;x;
4453;130;153;154;RUZVAND;x;
4454;172;156;27;NAZVAR;x;
4455;4;159;155;ZAMAKHSHAR;x;
4456;46;162;28;GURGANJ;x;
4457;88;165;156;JITH;x;
4458;130;168;29;MADMINIYA;x;
4459;172;171;157;BARATIGIN;x;
4460;4;174;30;KURDAR;x;
4461;46;177;158;MIZDAHQAN;x;
4462;88;180;31;NORTH KURDAR;x;
4463;130;183;159;KISH-RUDBAR;x;
4464;172;186;32;MOFD AFDZALKHAN;x;
4465;4;189;160;RUDBAR;x;
4466;46;192;33;KHANNESIN;x;
4467;88;195;161;LANDAY;x;
4468;130;198;34;SAINDAK;x;
4469;172;201;162;CHAGAI;x;
4470;4;204;35;JALK;x;
4471;46;207;163;BANNAJBUR;x;
4472;88;210;36;MASHKI;x;
4473;130;0;164;RODKHAN;x;
4474;172;3;37;KOKAHDAN;x;
4475;4;6;165;QANBALI;x;
4476;46;9;38;ARMABIL;x;
4477;88;12;166;KHAWR;x;
4478;130;15;39;WAD;x;
4479;172;18;167;QUSDAR;x;
4480;4;21;40;BUDIN;x;
4481;46;24;168;GAJOR;x;
4482;88;27;41;DELARAM;x;
4483;130;30;169;GALIKAN;x;
4484;172;33;42;BOST;x;
4485;4;36;170;AL-MUASKAR;x;
4486;46;39;43;RIBAT-I-KISH;x;
4487;88;42;171;QANDABIL;x;
4488;130;45;44;QIQAN;x;
4489;172;48;172;ZAMINDAWAR;x;
4490;4;51;45;SARWAN;x;
4491;46;54;173;BISHANG;x;
4492;88;57;46;DURGAS;x;
4493;130;60;174;BAGNIN;x;
4494;172;63;47;RUDAN;x;
4495;4;66;175;PANJWAY;x;
4496;46;69;48;BAKRAWATH;x;
4497;88;72;176;PUL;x;
4498;130;75;49;QANDAHAR;x;
4499;172;78;177;RUKHAJ;x;
4500;4;81;50;GHAZNA;x;
4501;46;84;178;GARDIZ;x;
4502;88;87;51;ISTAKH;x;
4503;130;90;179;SUKAWAND;x;
4504;172;93;52;KABUL;x;
4505;4;96;180;SHARAN;x;
4506;46;99;53;MOQOR;x;
4507;88;102;181;JALDAK;x;
4508;130;105;54;LAMGHAN;x;
4509;172;108;182;MAPAN;x;
4510;4;111;55;ASFANJAY;x;
4511;46;114;183;MASTANG;x;
4512;88;117;56;SHAL;x;
4513;130;120;184;SIBI;x;
4514;172;123;57;KUNAR;x;
4515;4;126;185;CHITRAL;x;
4516;46;129;58;NAGARAHARA;x;
4517;88;132;186;LORALAI;x;
4518;130;135;59;KOHLU;x;
4519;172;138;187;MEKHTAR;x;
4520;4;141;60;ZHOB;x;
4521;46;144;188;Urgun;x;
4522;88;147;61;Shakin;x;
4523;130;150;189;Khost;x;
4524;172;153;62;SARYKAMYSH;x;
4525;4;156;190;ORTAKUYU;x;
4526;46;159;63;KUGUNEK;x;
4527;88;162;191;BALA ISKEM;x;
4528;130;165;64;KURTYSH;x;
4529;172;168;192;IGDY;x;
4530;4;171;65;BURGUN;x;
4531;46;174;193;DEKCHA;x;
4532;88;177;66;YASHKAN;x;
4533;130;180;194;NEBIT DAG;x;
4534;172;183;67;TALISH;x;
4535;4;186;195;APARSHAHR;x;
4536;46;189;68;MARAND;x;
4537;88;192;196;TABRIZ;x;
4538;130;195;69;DIHNAKHIRJAN;x;
4539;172;198;197;UJAN;x;
4540;4;201;70;AHAR;x;
4541;46;204;198;DIZMAR;x;
4542;88;207;71;UNAR;x;
4543;130;210;199;ARDABIL;x;
4544;172;0;72;SARAT;x;
4545;4;3;200;MARAGHA;x;
4546;46;6;73;LEYLAN;x;
4547;88;9;201;KHUNAJ;x;
4548;130;12;74;AR-RAN;x;
4549;172;15;202;SHIZ;x;
4550;4;18;75;AL-AGHAILA;x;
4551;46;21;203;AJADABIYA;x;
4552;88;24;76;SURT;x;
4553;130;27;204;TAJRIFT;x;
4554;172;30;77;TAWURGHA;x;
4555;4;33;205;MISURATA;x;
4556;46;36;78;LABDA;x;
4557;88;39;206;TRIPOLIS;x;
4558;130;42;79;TIRI;x;
4559;172;45;207;DJADO;x;
4560;4;48;80;NALUT;x;
4561;46;51;208;ZUWARA;x;
4562;88;54;81;JERBA;x;
4563;130;57;209;WADDAN;x;
4564;172;60;82;TININAI;x;
4565;4;63;210;JARJIS;x;
4566;46;66;83;BUGHRARA;x;
4567;88;69;211;FURSATA;x;
4568;130;72;84;SABRATHA;x;
4569;172;75;212;TAMAZDA;x;
4570;4;78;85;GHADAMES;x;
4571;46;81;213;DARADJ;x;
4572;88;84;86;BIR AMIR;x;
4573;130;87;214;QABIS;x;
4574;172;90;87;AL-HAMMA;x;
4575;4;93;215;SFAX;x;
4576;46;96;88;EL-JEM;x;
4577;88;99;216;SLAKTA;x;
4578;130;102;89;MAHDIYA;x;
4579;172;105;217;MONASTIR;x;
4580;4;108;90;SUSA;x;
4581;46;111;218;ZAGHWAN;x;
4582;88;114;91;TUNIS;x;
4583;130;117;219;QARTAJANA;x;
4584;172;120;92;NABEUL;x;
4585;4;123;220;BANZART;x;
4586;46;126;93;TABARQA;x;
4587;88;129;221;MANSA'L-KHARAZ;x;
4588;130;132;94;ANNABA;x;
4589;172;135;222;BAJA;x;
4590;4;138;95;SIQQABANARIYA;x;
4591;46;141;223;AL-ARIBUS;x;
4592;88;144;96;JALULA;x;
4593;130;147;224;SABIBA;x;
4594;172;150;97;KAIROUAN;x;
4595;4;153;225;RAQQADA;x;
4596;46;156;98;MANSURIYA;x;
4597;88;159;226;AL-ABBASIYA;x;
4598;130;162;99;AL-QASRAYN;x;
4599;172;165;227;QAFSA;x;
4600;4;168;0;TAQYUS;x;
4601;46;171;128;TOZEUR;x;
4602;88;174;1;HAMMA;x;
4603;130;177;129;NAFTA;x;
4604;172;180;2;SOUF;x;
4605;4;183;130;DOUZ;x;
4606;46;186;3;MADAS;x;
4607;88;189;131;MADILA;x;
4608;130;192;4;AJLU;x;
4609;172;195;132;ARIGH;x;
4610;4;198;5;TUGGURT;x;
4611;46;201;133;TAGHYART;x;
4612;88;204;6;TABALBALA;x;
4613;130;207;134;SADRATA;x;
4614;172;210;7;KARIMA;x;
4615;4;0;135;WARGLA;x;
4616;46;3;8;GHARDAIA;x;
4617;88;6;136;AL-QULAYA;x;
4618;130;9;9;TILGHEMT;x;
4619;172;12;137;AL-AGHWAT;x;
4620;4;15;10;QASR AL-IFRIQI;x;
4621;46;18;138;BISKRA;x;
4622;88;21;11;BADIS;x;
4623;130;24;139;TABASSA;x;
4624;172;27;12;TALA;x;
4625;4;30;140;MAYDARA;x;
4626;46;33;13;MASKIYANA;x;
4627;88;36;141;BAGHAYA;x;
4628;130;39;14;TIFASH;x;
4629;172;42;142;TUBURSHIQ;x;
4630;4;45;15;QALAMA;x;
4631;46;48;143;CONSTANTINE;x;
4632;88;51;16;TIJIS;x;
4633;130;54;144;SIDI UQBA;x;
4634;172;57;17;BILIZMA;x;
4635;4;60;145;MILA;x;
4636;46;63;18;JIJEL;x;
4637;88;66;146;BEJAYA;x;
4638;130;69;19;IKJAN;x;
4639;172;72;147;SATIF;x;
4640;4;75;20;QALA'A B_HAMMAD;x;
4641;46;78;148;AL-MASILA;x;
4642;88;81;21;MAGRA;x;
4643;130;84;149;NGAOUS;x;
4644;172;87;22;TUBNA;x;
4645;4;90;150;BOU SAADA;x;
4646;46;93;23;ASHIR-BANYA;x;
4647;88;96;151;ASHIR-YASHIR;x;
4648;130;99;24;MEDEA;x;
4649;172;102;152;TADALLIS;x;
4650;4;105;25;ALGIERS;x;
4651;46;108;153;MATTIJA;x;
4652;88;111;26;SHARSHAL;x;
4653;130;114;154;TANAS;x;
4654;172;117;27;MILIYANA;x;
4655;4;120;155;YALALA;x;
4656;46;123;28;QALA'A B_HUWARA;x;
4657;88;126;156;AL-GABAL;x;
4658;130;129;29;AL-'UBBAD;x;
4659;172;132;157;TAHART;x;
4660;4;135;30;QALA'A IBN SALAMA;x;
4661;46;138;158;ASKEDAL;x;
4662;88;141;31;HISN LAWATA;x;
4663;130;144;159;MUASKAR;x;
4664;172;147;32;MARSA FARUKH;x;
4665;4;150;160;ARZEW;x;
4666;46;153;33;ORAN;x;
4667;88;156;161;QASR IBN SINAN;x;
4668;130;159;34;ARSGUL;x;
4669;172;162;162;HUNAYN;x;
4670;4;165;35;NADRUMA;x;
4671;46;168;163;AIN TEKBALET;x;
4672;88;171;36;TLEMCEN;x;
4673;130;174;164;TAFRAOUA-SEBDOU;x;
4674;172;177;37;WAJDA;x;
4675;4;180;165;SAA;x;
4676;46;183;38;DEBDOU;x;
4677;88;186;166;TAZA;x;
4678;130;189;39;MELILLA;x;
4679;172;192;167;NAKUR;x;
4680;4;195;40;GHUMIRA;x;
4681;46;198;168;TITTAWAN;x;
4682;88;201;41;SABTA;x;
4683;130;204;169;TANGER;x;
4684;172;207;42;ASILA;x;
4685;4;210;170;KASR AL-KABIR;x;
4686;46;0;43;TAHLIT;x;
4687;88;3;171;AL-BASRA;x;
4688;130;6;44;WARGHA;x;
4689;172;9;172;IZERHAN;x;
4690;4;12;45;WATIT;x;
4691;46;15;173;WALILA;x;
4692;88;18;46;WARZIGH;x;
4693;130;21;174;BAHT;x;
4694;172;24;47;FES;x;
4695;4;27;175;AL-ALIYA;x;
4696;46;30;48;SUBU;x;
4697;88;33;176;SEFROU;x;
4698;130;36;49;TAGRAGRA;x;
4699;172;39;177;MEKNES;x;
4700;4;42;50;SALA;x;
4701;46;45;178;RIBAT-AL-FATH;x;
4702;88;48;51;FADALA;x;
4703;130;51;179;ANFA;x;
4704;172;54;52;AZZAMUR;x;
4705;4;57;180;MAZAGHAN;x;
4706;46;60;53;MRIRA;x;
4707;88;63;181;WAZEQQUR;x;
4708;130;66;54;WAWMANA;x;
4709;172;69;182;TADLA;x;
4710;4;72;55;DAI;x;
4711;46;75;183;AFZA;x;
4712;88;78;56;AIT ITAB;x;
4713;130;81;184;AIT IYAT;x;
4714;172;84;57;AGHMAT;x;
4715;4;87;185;TASGIMUT;x;
4716;46;90;58;TINMALLAL;x;
4717;88;93;186;NAFFIS;x;
4718;130;96;59;MARRAKESH;x;
4719;172;99;187;RIBAT SHAKIR;x;
4720;4;102;60;ASFI;x;
4721;46;105;188;AGHUZ;x;
4722;88;108;61;IGIR AD YATUF;x;
4723;130;111;189;AGADIR;x;
4724;172;114;62;TARUDANT;x;
4725;4;117;190;IGILLIZ;x;
4726;46;120;63;MASSA;x;
4727;88;123;191;IFNI;x;
4728;130;126;64;NUL LAMTA;x;
4729;172;129;192;TAGHMUT;x;
4730;4;132;65;ASSA;x;
4731;46;135;193;BOULAWAN;x;
4732;88;138;66;SIRWAN;x;
4733;130;141;194;TASAGDAH;x;
4734;172;144;67;WARZAZAT;x;
4735;4;147;195;TAZAGOURT;x;
4736;46;150;68;TUDGHA;x;
4737;88;153;196;SIJILMASA;x;
4738;130;156;69;TAFILALT;x;
4739;172;159;197;ZIZ;x;
4740;4;162;70;AL-TALHA;x;
4741;46;165;198;AQQA;x;
4742;88;168;71;GHAZWAN;x;
4743;130;171;199;TIKOUTAMINE;x;
4744;172;174;72;EL-KSABI;x;
4745;4;177;200;MISSOUR;x;
4746;46;180;73;EL-BOROUJ;x;
4747;88;183;201;TIT-AN-WAGURRAMT;x;
4748;130;186;74;NADOR;x;
4749;172;189;202;FIGUIG;x;
4750;4;192;75;AIN SEFRA;x;
4751;46;195;203;MECHERIA;x;
4752;88;198;76;IZAN;x;
4753;130;201;204;SILYANA;x;
4754;172;204;77;WAGHLANAT;x;
4755;4;207;205;TAGMADART;x;
4756;46;210;78;TIDRI;x;
4757;88;0;206;TAGAWST;x;
4758;130;3;79;ILIGH;x;
4759;172;6;207;TAOUZ;x;
4760;4;9;80;TAGHAZA;x;
4761;46;12;208;TAOUDENI;x;
4762;88;15;81;SERSOU;x;
4763;130;18;209;ANDARAB;x;
4764;172;21;82;SAD KHANIYA;x;
4765;4;24;210;SANDA;x;
4766;46;27;83;BARZA;x;
4767;88;30;211;BAILAQAN;x;
4768;130;33;84;DARBAND QARABULI;x;
4769;172;36;212;BASAWA;x;
4770;4;39;85;USHNUYA;x;
4771;46;42;213;URMIYA;x;
4772;88;45;86;SALMAS;x;
4773;130;48;214;KHUFTIYAN;x;
4774;172;51;87;TALL HAFTUN;x;
4775;4;54;215;SHAQLABADH;x;
4776;46;57;88;BAMARDANI;x;
4777;88;60;216;IRBIL;x;
4778;130;63;89;KHUFTIDKAN;x;
4779;172;66;217;TIRANSHAH;x;
4780;4;69;90;SHAHRAZUR;x;
4781;46;72;218;KERMANSHAH;x;
4782;88;75;91;KEREND-KERMANSHAH;x;
4783;130;78;219;TAZAR;x;
4784;172;81;92;BISUTUN;x;
4785;4;84;220;ARIVAJAN;x;
4786;46;87;93;AS-SAIMARA;x;
4787;88;90;221;SIRAVAN;x;
4788;130;93;94;BADARAYA;x;
4789;172;96;222;BAKUSAYA;x;
4790;4;99;95;TARSUKH;x;
4791;46;102;223;BANDANIJAN;x;
4792;88;105;96;JALULA-HULWAN;x;
4793;130;108;224;DASKARA;x;
4794;172;111;97;BA'QUBA;x;
4795;4;114;225;UKBARA;x;
4796;46;117;98;AN-NAHRAWAN;x;
4797;88;120;226;ISKAF;x;
4798;130;123;99;JABBUL;x;
4799;172;126;227;KHANIJAR;x;
4800;4;129;0;HULWAN;x;
4801;46;132;128;RAUSHANQUBAD;x;
4802;88;135;1;DAQUQA;x;
4803;130;138;129;KIRKUK;x;
4804;172;141;2;BALAD;x;
4805;4;144;130;SAMARRA;x;
4806;46;147;3;JABALTA;x;
4807;88;150;131;BARIMMA;x;
4808;130;153;4;AL-HADITHA;x;
4809;172;156;132;AS-SINN;x;
4810;4;159;5;BARTULLA;x;
4811;46;162;133;NINAWA;x;
4812;88;165;6;FISHABUR;x;
4813;130;168;134;BAQIRDA;x;
4814;172;171;7;TAMANIN;x;
4815;4;174;135;HAKKARI;x;
4816;46;177;8;SA'IRD;x;
4817;88;180;136;JUZA;x;
4818;130;183;9;AS-SUS;x;
4819;172;186;137;KARKHA;x;
4820;4;189;10;AT-TIB;x;
4821;46;192;138;WASIT;x;
4822;88;195;11;KASKAR;x;
4823;130;198;139;AN-NU'MANIYA;x;
4824;172;201;12;HUMANIYA;x;
4825;4;204;140;AL-FARASA;x;
4826;46;207;13;AL-HILA;x;
4827;88;210;141;SARSAR;x;
4828;130;0;14;BAGHDAD;x;
4829;172;3;142;AL-ANBAR;x;
4830;4;6;15;KARBALA;x;
4831;46;9;143;AR-RABB;x;
4832;88;12;16;AIWANA;x;
4833;130;15;144;HIT;x;
4834;172;18;17;HISN AL-MASHUQ;x;
4835;4;21;145;TAKRIT;x;
4836;46;24;18;AIN AL-QAYYARA;x;
4837;88;27;146;AL-HADR;x;
4838;130;30;19;JUHAINA;x;
4839;172;33;147;TALL_AFAR;x;
4840;4;36;20;MOSUL;x;
4841;46;39;148;BALAD-MOSUL;x;
4842;88;42;21;BARQAID;x;
4843;130;45;149;BASHAZZA;x;
4844;172;48;22;GAZIRAT_IBN_UMAR;x;
4845;4;51;150;NASIBIN;x;
4846;46;54;23;DARA;x;
4847;88;57;151;HISN_KAIFA;x;
4848;130;60;24;SINJAR;x;
4849;172;63;152;AL-HAYYAL;x;
4850;4;66;25;AL-JIBAL;x;
4851;46;69;153;TUNAMIR;x;
4852;88;72;26;MIJDAL;x;
4853;130;75;154;RAS_AL-AIN;x;
4854;172;78;27;MARDIN;x;
4855;4;81;155;TALL_BASMA;x;
4856;46;84;28;KAFARTUTHA;x;
4857;88;87;156;TALL_FAFAN;x;
4858;130;90;29;ARZAN;x;
4859;172;93;157;MAYYAFARIQIN;x;
4860;4;96;30;NASRIYE;x;
4861;46;99;158;HANI;x;
4862;88;102;31;HISN DI-L-QARNAIN;x;
4863;130;105;159;SHIMSHAT;x;
4864;172;108;32;QULB;x;
4865;4;111;160;ERKNE;x;
4866;46;114;33;ZERMION;x;
4867;88;117;161;AMID;x;
4868;130;120;34;AS-SUWAIDA;x;
4869;172;123;162;EDESSA;x;
4870;4;126;35;HARRAN;x;
4871;46;129;163;TALL_MAUZAN;x;
4872;88;132;36;AL-BIRA;x;
4873;130;135;164;TALL_AMMAR;x;
4874;172;138;37;SARUJ;x;
4875;4;141;165;DAUSAR;x;
4876;46;144;38;RAQQA;x;
4877;88;147;166;BAJARWAN;x;
4878;130;150;39;TALL_MAHRA;x;
4879;172;153;167;ARABAN;x;
4880;4;156;40;AL-KHANUQA;x;
4881;46;159;168;ASH-SHAMSANIYA;x;
4882;88;162;41;QARQISIYA;x;
4883;130;165;169;MAKISIN;x;
4884;172;168;42;SUKAYR AL-ABBAS;x;
4885;4;171;170;HADITHAT-ANA;x;
4886;46;174;43;AL-HADITHA-FURAT;x;
4887;88;177;171;ANA;x;
4888;130;180;44;AL-DALIYA;x;
4889;172;183;172;AL-RAHBA;x;
4890;4;186;45;QALAT_AR-RUM;x;
4891;46;189;173;KAISUM;x;
4892;88;192;46;BAHASNA;x;
4893;130;195;174;MARASH;x;
4894;172;198;47;SAMOSATA;x;
4895;4;201;175;AL-HARUNIYA;x;
4896;46;204;48;TALL HAMID;x;
4897;88;207;176;AYAS;x;
4898;130;210;49;HUNGARIAN-MORAVIAN MOUNTAINS;x;
4899;172;0;177;DULUK-TELUCH;x;
4900;4;3;50;Poznan;x;
4901;46;6;178;Miedzyrzecz;x;
4902;88;9;51;Czarnkow;x;
4903;130;12;179;Wronki;x;
4904;172;15;52;Wolsztyn;x;
4905;4;18;180;Gniezno;x;
4906;46;21;53;Sroda;x;
4907;88;24;181;Pyzdry;x;
4908;130;27;54;Konin;x;
4909;172;30;182;Kalisz;x;
4910;4;33;55;Kozmin;x;
4911;46;36;183;Turek;x;
4912;88;39;56;Wschowa;x;
4913;130;42;184;Koscian;x;
4914;172;45;57;Srem;x;
4915;4;48;185;Naklo;x;
4916;46;51;58;Zlotow;x;
4917;88;54;186;Znin;x;
4918;130;57;59;Kruszwica;x;
4919;172;60;187;Wloclawek;x;
4920;4;63;60;Inowroclaw;x;
4921;46;66;188;Bydgoszcz;x;
4922;88;69;61;Dobrzyn;x;
4923;130;72;189;Michalowo;x;
4924;172;75;62;Leczyca;x;
4925;4;78;190;Lodz;x;
4926;46;81;63;Klodawa;x;
4927;88;84;191;Piotrkow;x;
4928;130;87;64;Przedborz;x;
4929;172;90;192;Radomsko;x;
4930;4;93;65;Uniejow;x;
4931;46;96;193;Wielun;x;
4932;88;99;66;Grabow;x;
4933;130;102;194;Wyszogrod;x;
4934;172;105;67;Zawkrze;x;
4935;4;108;195;Ciechanow;x;
4936;46;111;68;Warszawa;x;
4937;88;114;196;Liw;x;
4938;130;117;69;Brodno;x;
4939;172;120;197;Garwolin;x;
4940;4;123;70;Gostynin;x;
4941;46;126;198;Rawa;x;
4942;88;129;71;Sochaczew;x;
4943;130;132;199;Lomza;x;
4944;172;135;72;Wizna;x;
4945;4;138;200;Kolno;x;
4946;46;141;73;Zakroczym;x;
4947;88;144;201;Nur;x;
4948;130;147;74;Wyszkow;x;
4949;172;150;202;Rozan;x;
4950;4;153;75;Lowicz;x;
4951;46;156;203;Stezyca;x;
4952;88;159;76;Lukow;x;
4953;130;162;204;Radom;x;
4954;172;165;77;Opoczno;x;
4955;4;168;205;Ilza;x;
4956;46;171;78;Szydlowiec;x;
4957;88;174;206;Lublin;x;
4958;130;177;79;Parczew;x;
4959;172;180;207;Goraj;x;
4960;4;183;80;Urzedow;x;
4961;46;186;208;Opatow;x;
4962;88;189;81;Kielce;x;
4963;130;192;209;Olesnica;x;
4964;172;195;82;Checiny;x;
4965;4;198;210;Tarnow;x;
4966;46;201;83;Mielec;x;
4967;88;204;211;Baranow;x;
4968;130;207;84;Pilzno;x;
4969;172;210;212;Nowy Targ;x;
4970;4;0;85;Bochnia;x;
4971;46;3;213;Wieliczka;x;
4972;88;6;86;Dabrowa Gorn;x;
4973;130;9;214;Wislica;x;
4974;172;12;87;Jedrzejow;x;
4975;4;15;215;Orsova;x;
4976;46;18;88;Mehadia;x;
4977;88;21;216;Dumbraveni;x;
4978;130;24;89;Targu Jiu;x;
4979;172;27;217;Baia de Arama;x;
4980;4;30;90;Zoresti;x;
4981;46;33;218;Calafat;x;
4982;88;36;91;Cujmir;x;
4983;130;39;219;Strehaia;x;
4984;172;42;92;Segarcea;x;
4985;4;45;220;Craiova;x;
4986;46;48;93;Corabia;x;
4987;88;51;221;Dragasani;x;
4988;130;54;94;Rusii de Vede;x;
4989;172;57;222;Tabla Butii;x;
4990;4;60;95;Giurgiu;x;
4991;46;63;223;Comana;x;
4992;88;66;96;Glavacioc;x;
4993;130;69;224;Pitesti;x;
4994;172;72;97;Costesti;x;
4995;4;75;225;Bucuresti;x;
4996;46;78;98;Targsor;x;
4997;88;81;226;Calarasi;x;
4998;130;84;99;Radovanu;x;
4999;172;87;227;Fetesti;x;
5000;5;90;0;Buzau;x;
5001;47;93;128;Slobozia;x;
5002;89;96;1;Ploiesti;x;
5003;131;99;129;Braila;x;
5004;173;102;2;Ramnicu Sarat;x;
5005;5;105;130;Polovragi;x;
5006;47;108;3;Govora;x;
5007;89;111;131;Filiasi;x;
5008;131;114;4;Arges;x;
5009;173;117;132;Campulung;x;
5010;5;120;5;Sulina;x;
5011;47;123;133;Tighina;x;
5012;89;126;6;Chilia;x;
5013;131;129;134;Oblucita;x;
5014;173;132;7;Artsyz;x;
5015;5;135;135;Tigheci;x;
5016;47;138;8;Cahul;x;
5017;89;141;136;Lapusna;x;
5018;131;144;9;Chisinau;x;
5019;173;147;137;Orhei;x;
5020;5;150;10;Tuzara;x;
5021;47;153;138;Soroca;x;
5022;89;156;11;Balti;x;
5023;131;159;139;Ungheni;x;
5024;173;162;12;Falesti;x;
5025;5;165;140;Vaslui;x;
5026;47;168;13;Husi;x;
5027;89;171;141;Tecuci;x;
5028;131;174;14;Focsani;x;
5029;173;177;142;Stoenesti;x;
5030;5;180;15;Bacau;x;
5031;47;183;143;Piatra Neamnt;x;
5032;89;186;16;Targu Neamnt;x;
5033;131;189;144;Roman;x;
5034;173;192;17;Baia;x;
5035;5;195;145;Vatra Dornei;x;
5036;47;198;18;Campulung Moldovenesc;x;
5037;89;201;146;Siret;x;
5038;131;204;19;Dorohoi;x;
5039;173;207;147;Harlau;x;
5040;5;210;20;Hotin;x;
5041;47;0;148;Tetina;x;
5042;89;3;21;Cernauti;x;
5043;131;6;149;Sokolka;x;
5044;173;9;22;Volkovysk;x;
5045;5;12;150;Slonim;x;
5046;47;15;23;Bielastock;x;
5047;89;18;151;Lutsk;x;
5048;131;21;24;Luboml;x;
5049;173;24;152;Kovel;x;
5050;5;27;25;Rozhyshche;x;
5051;47;30;153;Peresopnytsia;x;
5052;89;33;26;Rivne;x;
5053;131;36;154;Klevan;x;
5054;173;39;27;Bielsk;x;
5055;5;42;155;Kamyanyets;x;
5056;47;45;28;Simiatychi;x;
5057;89;48;156;Dorohychyn;x;
5058;131;51;29;Kobryn;x;
5059;173;54;157;Blotkowo;x;
5060;5;57;30;Sambir;x;
5061;47;60;158;Kolomyia;x;
5062;89;63;31;Spas;x;
5063;131;66;159;Lviv;x;
5064;173;69;32;Zvenyhorod;x;
5065;5;72;160;Busk;x;
5066;47;75;33;Buchach;x;
5067;89;78;161;Moklekov;x;
5068;131;81;34;Horodok;x;
5069;173;84;162;Chortkiv;x;
5070;5;87;35;Zaslavl;x;
5071;47;90;163;Dubno;x;
5072;89;93;36;Ostroh;x;
5073;131;96;164;Cherven;x;
5074;173;99;37;Volin;x;
5075;5;102;165;Kholm;x;
5076;47;105;38;Suteysk;x;
5077;89;108;166;Belz;x;
5078;131;111;39;Liubachev;x;
5079;173;114;167;Yaroslav;x;
5080;5;117;40;Sanok;x;
5081;47;120;168;Lizhensk;x;
5082;89;123;41;Vyshgorod;x;
5083;131;126;169;Bilhorod;x;
5084;173;129;42;Yuriev;x;
5085;5;132;170;Kaniv;x;
5086;47;135;43;Zdvyzhen;x;
5087;89;138;171;Zhytomyr;x;
5088;131;141;44;Mezhybozhe;x;
5089;173;144;172;Rastovets;x;
5090;5;147;45;Malaia Skvirka;x;
5091;47;150;173;Zvyahel;x;
5092;89;153;46;Kolodiazhen;x;
5093;131;156;174;Chortolisy;x;
5094;173;159;47;Horodnytsia;x;
5095;5;162;175;Chornobyl;x;
5096;47;165;48;Ivankiv;x;
5097;89;168;176;Radynka;x;
5098;131;171;49;Ushytsia;x;
5099;173;174;177;Vinnytsia;x;
5100;5;177;50;Yampil;x;
5101;47;180;178;Haisyn;x;
5102;89;183;51;Sarny;x;
5103;131;186;179;Selo;x;
5104;173;189;52;Korosten;x;
5105;5;192;180;Ovruch;x;
5106;47;195;53;Mazyr;x;
5107;89;198;181;Naroulia;x;
5108;131;201;54;Lelchytsy;x;
5109;173;204;182;Dubrovytsia;x;
5110;5;207;55;Stepan;x;
5111;47;210;183;Liubeshiv;x;
5112;89;0;56;Lahishyn;x;
5113;131;3;184;Luninets;x;
5114;173;6;57;Slutsk;x;
5115;5;9;185;Zhytkavichy;x;
5116;47;12;58;Mikashevichy;x;
5117;89;15;186;Kletsk;x;
5118;131;18;59;Baranovichi;x;
5119;173;21;187;Babruysk;x;
5120;5;24;60;Zhlobin;x;
5121;47;27;188;Kalinkavichy;x;
5122;89;30;61;Rechytsa;x;
5123;131;33;189;Lahoysk;x;
5124;173;36;62;Zaslawye;x;
5125;5;39;190;Maladzyechna;x;
5126;47;42;63;Barysaw;x;
5127;89;45;191;Orsha;x;
5128;131;48;64;Drutsk;x;
5129;173;51;192;Polotsk;x;
5130;5;54;65;Drysa;x;
5131;47;57;193;Myory;x;
5132;89;60;66;Vetrino;x;
5133;131;63;194;Hlybokaye;x;
5134;173;66;67;Vitebsk;x;
5135;5;69;195;Haradok;x;
5136;47;72;68;Novogrudok;x;
5137;89;75;196;Novgorod;x;
5138;131;78;69;Ladoga;x;
5139;173;81;197;Lyuban;x;
5140;5;84;70;Soltsy;x;
5141;47;87;198;Luga;x;
5142;89;90;71;Pushkin;x;
5143;131;93;199;Rusa;x;
5144;173;96;72;Dedovichi;x;
5145;5;99;200;Loknya;x;
5146;47;102;73;Pskov;x;
5147;89;105;201;Izborsk;x;
5148;131;108;74;Ostrov;x;
5149;173;111;202;Gdov;x;
5150;5;114;75;Sebezh;x;
5151;47;117;203;Nevel;x;
5152;89;120;76;Novorzhev;x;
5153;131;123;204;Tikhvin;x;
5154;173;126;77;Kirishi;x;
5155;5;129;205;Borovichi;x;
5156;47;132;78;Beloozero;x;
5157;89;135;206;Cherepovets;x;
5158;131;138;79;Ves Yogonska;x;
5159;173;141;207;Vyangi;x;
5160;5;144;80;Podporozhye;x;
5161;47;147;208;Luki;x;
5162;89;150;81;Kholm;x;
5163;131;153;209;Seltsa u Nishi;x;
5164;173;156;82;Torzhok;x;
5165;5;159;210;Klichen;x;
5166;47;162;83;Valday;x;
5167;89;165;211;Vyshny Volochyok;x;
5168;131;168;84;Bezichi;x;
5169;173;171;212;Zhelezny Ustyug;x;
5170;5;174;85;Toropets;x;
5171;47;177;213;Andreapol;x;
5172;89;180;86;Ozerski;x;
5173;131;183;214;Tver;x;
5174;173;186;87;Volok Lamsky;x;
5175;5;189;215;Kashin;x;
5176;47;192;88;Mologa;x;
5177;89;195;216;Porkhov;x;
5178;131;198;89;Boryspil;x;
5179;173;201;217;Priluk;x;
5180;5;204;90;Zolotonosha;x;
5181;47;207;218;Hradyzk;x;
5182;89;210;91;Akhtyr;x;
5183;131;0;219;Myrhorod;x;
5184;173;3;92;Poltava;x;
5185;5;6;220;Romen;x;
5186;47;9;93;Lokhrytsia;x;
5187;89;12;221;Nedryhailiv;x;
5188;131;15;94;Sumy;x;
5189;173;18;222;Voin;x;
5190;5;21;95;Lubny;x;
5191;47;24;223;Borzna;x;
5192;89;27;96;Glukhov;x;
5193;131;30;224;Putyvl;x;
5194;173;33;97;Vyr;x;
5195;5;36;225;Konotop;x;
5196;47;39;98;Kursk;x;
5197;89;42;226;Rylsk;x;
5198;131;45;99;Sudzha;x;
5199;173;48;227;Oboyan;x;
5200;5;51;0;Gomel;x;
5201;47;54;128;Unenezh;x;
5202;89;57;1;Surazichi;x;
5203;131;60;129;Starodub;x;
5204;173;63;2;Trubetsk;x;
5205;5;66;130;Mglin;x;
5206;47;69;3;Sevsk;x;
5207;89;72;131;Ust-Livny;x;
5208;131;75;4;Lokot;x;
5209;173;78;132;Karachev;x;
5210;5;81;5;Krom;x;
5211;47;84;133;Oryol;x;
5212;89;87;6;Kozelsk;x;
5213;131;90;134;Vorotynsk;x;
5214;173;93;7;Belev;x;
5215;5;96;135;Novosil;x;
5216;47;99;8;Mtensk;x;
5217;89;102;136;Odoyev;x;
5218;131;105;9;Suvorov;x;
5219;173;108;137;Dorogobyzh;x;
5220;5;111;10;Yelnya;x;
5221;47;114;138;Gnezdovo;x;
5222;89;117;11;Velizh;x;
5223;131;120;139;Dukhovshchina;x;
5224;173;123;12;Klimavichy;x;
5225;5;126;140;Cherykaw;x;
5226;47;129;13;Lotoshino;x;
5227;89;132;141;Zubstov;x;
5228;131;135;14;Pereyaslavl Ryazanski;x;
5229;173;138;142;Rostislavl;x;
5230;5;141;15;Klepiki;x;
5231;47;144;143;Tula;x;
5232;89;147;16;Yelets;x;
5233;131;150;144;Gorodets-Meshchyorsky;x;
5234;173;153;17;Vyksa;x;
5235;5;156;145;Pavlovo;x;
5236;47;159;18;Volochok;x;
5237;89;162;146;Sudogda;x;
5238;131;165;19;Yegoryevsk;x;
5239;173;168;147;Suzdal;x;
5240;5;171;20;Yuryev;x;
5241;47;174;148;Ivanovo;x;
5242;89;177;21;Gavrilovskoye;x;
5243;131;180;149;Klin;x;
5244;173;183;22;Naro-Fominsk;x;
5245;5;186;150;Serpukhov;x;
5246;47;189;23;Kineshma;x;
5247;89;192;151;Plyos;x;
5248;131;195;24;Shuya;x;
5249;173;198;152;Sol Vilikaya;x;
5250;5;201;25;Manturovo;x;
5251;47;204;153;Kostroma;x;
5252;89;207;26;Chukhloma;x;
5253;131;210;154;Vaskina Polyana;x;
5254;173;0;27;Svolensk;x;
5255;5;3;155;Pikalyovo;x;
5256;47;6;28;Makariev;x;
5257;89;9;156;Ladyzyn;x;
5258;131;12;29;Birzula;x;
5259;173;15;157;Liubashivka;x;
5260;5;18;30;Yary;x;
5261;47;21;158;Buky;x;
5262;89;24;31;Uman;x;
5263;131;27;159;Cherkassy;x;
5264;173;30;32;Sacacatce;x;
5265;5;33;160;Kashan;x;
5266;47;36;33;Pervomaisk;x;
5267;89;39;161;Tiraspol;x;
5268;131;42;34;Odessa;x;
5269;173;45;162;Kherson;x;
5270;5;48;35;Kazanka;x;
5271;47;51;163;Voznessensk;x;
5272;89;54;36;Beryslav;x;
5273;131;57;164;Nikopol;x;
5274;173;60;37;Dnipro;x;
5275;5;63;165;Salmacatce;x;
5276;47;66;38;Kerkinitis;x;
5277;89;69;166;Perekop;x;
5278;131;72;39;Kakovka;x;
5279;173;75;167;Kyzyl Jar;x;
5280;5;78;40;Mariupol;x;
5281;47;81;168;Kutur-Ogly;x;
5282;89;84;41;Karlivka;x;
5283;131;87;169;Bohodukhiv;x;
5284;173;90;42;Chally-Kala;x;
5285;5;93;170;Khorysdan;x;
5286;47;96;43;Khursa;x;
5287;89;99;171;Kazanskaya;x;
5288;131;102;44;Manych;x;
5289;173;105;172;Papagia;x;
5290;5;108;45;Golden Hills;x;
5291;47;111;173;Siyahtepe;x;
5292;89;114;46;Ust-Donvokhi;x;
5293;131;117;174;Frolovo;x;
5294;173;120;47;Kamyshin;x;
5295;5;123;175;Yelan;x;
5296;47;126;48;Bata;x;
5297;89;129;176;Zapaxi;x;
5298;131;132;49;Ulmi;x;
5299;173;135;177;Maghas;x;
5300;5;138;50;Etzeri;x;
5301;47;141;178;Betzini;x;
5302;89;144;51;Tatartopa;x;
5303;131;147;179;Besinada;x;
5304;173;150;52;Balanjar;x;
5305;5;153;180;Samander;x;
5306;47;156;53;Durdzukia;x;
5307;89;159;181;Kizlyar;x;
5308;131;162;54;Cabartei;x;
5309;173;165;182;Tserlona;x;
5310;5;168;55;Cisterki;x;
5311;47;171;183;Astrakhan;x;
5312;89;174;56;Sara;x;
5313;131;177;184;Saqsin;x;
5314;173;180;57;Verchina Uzen;x;
5315;5;183;185;Aksay;x;
5316;47;186;58;Nikolaievsk;x;
5317;89;189;186;Saraychiq;x;
5318;131;192;59;Kalmikovsky;x;
5319;173;195;187;Yaitsk;x;
5320;5;198;60;Lozova;x;
5321;47;201;188;Pokrovsk;x;
5322;89;204;61;Tor;x;
5323;131;207;189;Volcha;x;
5324;173;210;62;Donetsk;x;
5325;5;0;190;Boguchar;x;
5326;47;3;63;Millerovo;x;
5327;89;6;191;Podgornye;x;
5328;131;9;64;Kuzeyrog;x;
5329;173;12;192;Ivanovskoye;x;
5330;5;15;65;Aqmescit;x;
5331;47;18;193;Dzhankoi;x;
5332;89;21;66;Semikarakary;x;
5333;131;24;194;Sarepta;x;
5334;173;27;67;Yenotayevka;x;
5335;5;30;195;Kuban;x;
5336;47;33;68;Soleny;x;
5337;89;36;196;Chelbaska;x;
5338;131;39;69;Tikhon;x;
5339;173;42;197;Chamchev;x;
5340;5;45;70;Yergolyk;x;
5341;47;48;198;Kuba;x;
5342;89;51;71;Sambalut;x;
5343;131;54;199;Samiran;x;
5344;173;57;72;Majar;x;
5345;5;60;200;Chyorny Yar;x;
5346;47;63;73;Ryn;x;
5347;89;66;201;Engels;x;
5348;131;69;74;Chelykla;x;
5349;173;72;202;Zhaltyr;x;
5350;5;75;75;Voronezh;x;
5351;47;78;203;Lipetsk;x;
5352;89;81;76;Usman;x;
5353;131;84;204;Tambov;x;
5354;173;87;77;Szava;x;
5355;5;90;205;Plavitza;x;
5356;47;93;78;Matya;x;
5357;89;96;206;Kozlov;x;
5358;131;99;79;Oranienburg;x;
5359;173;102;207;Lachyk-Uba;x;
5360;5;105;80;Morchansk;x;
5361;47;108;208;Chatzk;x;
5362;89;111;81;Rakcha;x;
5363;131;114;209;Urmary;x;
5364;173;117;82;Tzyvil;x;
5365;5;120;210;Alatyr;x;
5366;47;123;83;Penza;x;
5367;89;126;211;Insara;x;
5368;131;129;84;Chechkeiev;x;
5369;173;132;212;Hanbalik;x;
5370;5;135;85;Uza;x;
5371;47;138;213;Karatayak;x;
5372;89;141;86;Babrov;x;
5373;131;144;214;Pavlovsk;x;
5374;173;147;87;Teluchezeva;x;
5375;5;150;215;Lejlotka;x;
5376;47;153;88;Trotskhoper;x;
5377;89;156;216;Balachev;x;
5378;131;159;89;Khoper;x;
5379;173;162;217;Viazovka;x;
5380;5;165;90;Bychok;x;
5381;47;168;218;Kriucha;x;
5382;89;171;91;Manina;x;
5383;131;174;219;Saran;x;
5384;173;177;92;Serdosk;x;
5385;5;180;220;Kachma;x;
5386;47;183;93;Vorona;x;
5387;89;186;221;Kirsanov;x;
5388;131;189;94;Durovka;x;
5389;173;192;222;Kolychev;x;
5390;5;195;95;Petrovsk;x;
5391;47;198;223;Treliaka;x;
5392;89;201;96;Alchanka;x;
5393;131;204;224;Volzhsk;x;
5394;173;207;97;Arda;x;
5395;5;210;225;Tsarevokokchaisk;x;
5396;47;0;98;Mari-Turek;x;
5397;89;3;226;Kashan;x;
5398;131;6;99;Arsk;x;
5399;173;9;227;Mamadych;x;
5400;5;12;0;Otarka;x;
5401;47;15;128;Mozhga;x;
5402;89;18;1;Voloz;x;
5403;131;21;129;Elabuga;x;
5404;173;24;2;Izhevsk;x;
5405;5;27;130;Cukataw;x;
5406;47;30;3;Suvar;x;
5407;89;33;131;Tukhchi;x;
5408;131;36;4;Yar Calli;x;
5409;173;39;132;Agidel;x;
5410;5;42;5;Tersa;x;
5411;47;45;133;Banja;x;
5412;89;48;6;Karabolam;x;
5413;131;51;134;Aqsubay;x;
5414;173;54;7;Elmet;x;
5415;5;57;135;Buzuluk;x;
5416;47;60;8;Pokhnishne;x;
5417;89;63;136;Neftegorsk;x;
5418;131;66;9;Belebey;x;
5419;173;69;137;Menzelinsk;x;
5420;5;72;10;Siun;x;
5421;47;75;138;Achaly;x;
5422;89;78;11;Jalmat;x;
5423;131;81;139;Pascherty;x;
5424;173;84;12;Bugulma;x;
5425;5;87;140;Almetyvesk;x;
5426;47;90;13;Bugurslan;x;
5427;89;93;141;Bol Uran;x;
5428;131;96;14;Sakmarskoi Gorodok;x;
5429;173;99;142;Sterlitamak;x;
5430;5;102;15;Teterpush;x;
5431;47;105;143;Salavat;x;
5432;89;108;16;Kumertau;x;
5433;131;111;144;Prechistenskaya;x;
5434;173;114;17;Kungur;x;
5435;5;117;145;Krasnooufimsk;x;
5436;47;120;18;Ovinskoi;x;
5437;89;123;146;Sebur;x;
5438;131;126;19;Okhansk;x;
5439;173;129;147;Aluchi;x;
5440;5;132;20;Saraninskor;x;
5441;47;135;148;Lysva;x;
5442;89;138;21;Kutamych;x;
5443;131;141;149;Serga;x;
5444;173;144;22;Sylva;x;
5445;5;147;150;Kumych;x;
5446;47;150;23;Bisserskaya;x;
5447;89;153;151;Klenovskaya;x;
5448;131;156;24;Kirgichanskaya;x;
5449;173;159;152;Votkinsk;x;
5450;5;162;25;Nytva;x;
5451;47;165;153;Obva;x;
5452;89;168;26;Krasnokamsk;x;
5453;131;171;154;Vilva;x;
5454;173;174;27;Solikamsk;x;
5455;5;177;155;Kerken;x;
5456;47;180;28;Shimal;x;
5457;89;183;156;Akchim;x;
5458;131;186;29;Kasib;x;
5459;173;189;157;Koca;x;
5460;5;192;30;Karsovay;x;
5461;47;195;158;Palniki;x;
5462;89;198;31;Lolog;x;
5463;131;201;159;Glazov;x;
5464;173;204;32;Igra;x;
5465;5;207;160;Uva;x;
5466;47;210;33;Kolyn;x;
5467;89;0;161;Nukrat;x;
5468;131;3;34;Suna;x;
5469;173;6;162;Arkul;x;
5470;5;9;35;Cykma;x;
5471;47;12;163;Semenov;x;
5472;89;15;36;Luch;x;
5473;131;18;164;Vetluga;x;
5474;173;21;37;Vokhma;x;
5475;5;24;165;Birsk;x;
5476;47;27;38;Sim;x;
5477;89;30;166;Yeldiatzkaya;x;
5478;131;33;39;Inzer;x;
5479;173;36;167;Prigorod Tabynsk;x;
5480;5;39;40;Bielaya;x;
5481;47;42;168;Yanokul;x;
5482;89;45;41;Kaginskoi;x;
5483;131;48;169;Sakmara;x;
5484;173;51;42;Yuldybayevo;x;
5485;5;54;170;Verkouralsk;x;
5486;47;57;43;Yumanova;x;
5487;89;60;171;Uiska;x;
5488;131;63;44;Satka;x;
5489;173;66;172;Ust-Katav;x;
5490;5;69;45;Karabash;x;
5491;47;72;173;Revda;x;
5492;89;75;46;Zlatoust;x;
5493;131;78;174;Parizh;x;
5494;173;81;47;Duvan;x;
5495;5;84;175;Yamantau;x;
5496;47;87;48;Arti;x;
5497;89;90;176;Achichskaya;x;
5498;131;93;49;Repnoye;x;
5499;173;96;177;Orskaya;x;
5500;5;99;50;Chalap Kerman;x;
5501;47;102;178;Orenburg;x;
5502;89;105;51;Ilekskoi Gorodok;x;
5503;131;108;179;Kamelik;x;
5504;173;111;52;Jambalar;x;
5505;5;114;180;Yalachi;x;
5506;47;117;53;Maza;x;
5507;89;120;181;Maloi Irghiz;x;
5508;131;123;54;Peschanka;x;
5509;173;126;182;Atkarsk;x;
5510;5;129;55;river_kama;x;
5511;47;132;183;river_kama;x;
5512;89;135;56;Vepsian Wasteland;x;
5513;131;138;184;Ryn Desert;x;
5514;173;141;57;Caucasus Wasteland;x;
5515;5;144;185;Caucasus Mountains;x;
5516;47;147;58;Northern Urals;x;
5517;89;150;186;Southern Urals;x;
5518;131;153;59;Northern Urals;x;
5519;173;156;187;Yekaterinburg;x;
5520;5;159;60;Alapaevsk;x;
5521;47;162;188;Irbit;x;
5522;89;165;61;Kamychlov;x;
5523;131;168;189;Iset;x;
5524;173;171;62;Silach;x;
5525;5;174;190;Chadrinsk;x;
5526;47;177;63;Chelabinsk;x;
5527;89;180;191;Troizk;x;
5528;131;183;64;Baklanska;x;
5529;173;186;192;Adramytium;x;
5530;5;189;65;Pergamon;x;
5531;47;192;193;Phocaea;x;
5532;89;195;66;Lebedos;x;
5533;131;198;194;Miletus;x;
5534;173;201;67;Iassus;x;
5535;5;204;195;Attalia;x;
5536;47;207;68;Hadrianeia;x;
5537;89;210;196;Cybele;x;
5538;131;0;69;Synaos;x;
5539;173;3;197;Thyatira;x;
5540;5;6;70;Tabala;x;
5541;47;9;198;Cadi;x;
5542;89;12;71;Akrainos;x;
5543;131;15;199;Bagis;x;
5544;173;18;72;Silandos;x;
5545;5;21;200;Sardes;x;
5546;47;24;73;Philadelphia;x;
5547;89;27;201;Mylasa;x;
5548;131;30;74;Chonae;x;
5549;173;33;202;Apamea;x;
5550;5;36;75;Sebaste;x;
5551;47;39;203;Poimanenon;x;
5552;89;42;76;Miletopolis;x;
5553;131;45;204;Appollonia;x;
5554;173;48;77;Apemea;x;
5555;5;51;205;Helge;x;
5556;47;54;78;Hadrianoi;x;
5557;89;57;206;Catyaeum;x;
5558;131;60;79;Katyaion;x;
5559;173;63;207;Dabla;x;
5560;5;66;80;Saegud;x;
5561;47;69;208;Gordium;x;
5562;89;72;81;Midaeum_OPSI;x;
5563;131;75;209;Pessinus;x;
5564;173;78;82;Oka;x;
5565;5;81;210;Chalcedon;x;
5566;47;84;83;Chelai;x;
5567;89;87;211;Prusias ad Hypium;x;
5568;131;90;84;Modra;x;
5569;173;93;212;Tarsos;x;
5570;5;96;85;Crius;x;
5571;47;99;213;Claudiopolis;x;
5572;89;102;86;Boli;x;
5573;131;105;214;Cratea;x;
5574;173;108;87;Hadrionopolis;x;
5575;5;111;215;Krateia;x;
5576;47;114;88;Iuliopolis;x;
5577;89;117;216;Lagania;x;
5578;131;120;89;Vindia;x;
5579;173;123;217;Papira;x;
5580;5;126;90;Gangra;x;
5581;47;129;218;Amastris;x;
5582;89;132;91;Aigialos;x;
5583;131;135;219;Ionopolis;x;
5584;173;138;92;Pampeiopolis;x;
5585;5;141;220;Castamon;x;
5586;47;144;93;Kandara;x;
5587;89;147;221;Ziporea;x;
5588;131;150;94;Zagora;x;
5589;173;153;222;Gadilon;x;
5590;5;156;95;Amaseia;x;
5591;47;159;223;Magnopolis;x;
5592;89;162;96;Andrapa;x;
5593;131;165;224;Pimolisa;x;
5594;173;168;97;Euchaita;x;
5595;5;171;225;Carissa;x;
5596;47;174;98;Pteria;x;
5597;89;177;226;Zela;x;
5598;131;180;99;Comana Pontica;x;
5599;173;183;227;Sebastopolis;x;
5600;5;186;0;Agranai;x;
5601;47;189;128;Pedachtoe;x;
5602;89;192;1;Sebasteia;x;
5603;131;195;129;Malandra;x;
5604;173;198;2;Karnalis;x;
5605;5;201;130;Euspena;x;
5606;47;204;3;Gauraina;x;
5607;89;207;131;Dalanda;x;
5608;131;210;4;Osdara;x;
5609;173;0;132;Tanadaris;x;
5610;5;3;5;Comana_LYK;x;
5611;47;6;133;Arabissus;x;
5612;89;9;6;Cocussus;x;
5613;131;12;134;Ariaratheia;x;
5614;173;15;7;Armaxa;x;
5615;5;18;135;Herpha;x;
5616;47;21;8;Arasaxa;x;
5617;89;24;136;Charsianon;x;
5618;131;27;9;Therma;x;
5619;173;30;137;Soanda;x;
5620;5;33;10;Aspona_CHA;x;
5621;47;36;138;Euaissa;x;
5622;89;39;11;Zeila_CHA;x;
5623;131;42;139;Kyzistra;x;
5624;173;45;12;Mallus;x;
5625;5;48;140;Anazaribus;x;
5626;47;51;13;Faustinopolis;x;
5627;89;54;141;Podandus;x;
5628;131;57;14;Cybistra;x;
5629;173;60;142;Comitanassus;x;
5630;5;63;15;Garsaura;x;
5631;47;66;143;Nazianzus;x;
5632;89;69;16;Parnassos;x;
5633;131;72;144;Aspona;x;
5634;173;75;17;Kinna;x;
5635;5;78;145;Corycus;x;
5636;47;81;18;Claudiopolis_SELEUCIA;x;
5637;89;84;146;Adrasos;x;
5638;131;87;19;Anemurium;x;
5639;173;90;147;Selinus;x;
5640;5;93;20;Korakesion;x;
5641;47;96;148;Side;x;
5642;89;99;21;Cremna;x;
5643;131;102;149;Phaselis;x;
5644;173;105;22;Limyra;x;
5645;5;108;150;Myra;x;
5646;47;111;23;Olbasa;x;
5647;89;114;151;Telmessos;x;
5648;131;117;24;Cibyra;x;
5649;173;120;152;Cridus;x;
5650;5;123;25;Aphrodisias;x;
5651;47;126;153;Aezani;x;
5652;89;129;26;Nakoleia;x;
5653;131;132;154;Midaeum;x;
5654;173;135;27;Polybotus;x;
5655;5;138;155;Germa;x;
5656;47;141;28;Tyraion;x;
5657;89;144;156;Philomelium;x;
5658;131;147;29;Amorion;x;
5659;173;150;157;Docimium;x;
5660;5;153;30;Synnada;x;
5661;47;156;158;Antiochia;x;
5662;89;159;31;Neapolis;x;
5663;131;162;159;Adada;x;
5664;173;165;32;Selge;x;
5665;5;168;160;Sagalassus;x;
5666;47;171;33;Parlais;x;
5667;89;174;161;Salda;x;
5668;131;177;34;Kaklauma;x;
5669;173;180;162;Ouasada;x;
5670;5;183;35;Mistea;x;
5671;47;186;163;Lystra;x;
5672;89;189;36;Isaura;x;
5673;131;192;164;Laranalia;x;
5674;173;195;37;Soloi;x;
5675;5;198;165;Derbe;x;
5676;47;201;38;Barata;x;
5677;89;204;166;Pappa;x;
5678;131;207;39;Katakekaumene;x;
5679;173;210;167;Cerynia;x;
5680;5;0;40;Soli_CYP;x;
5681;47;3;168;Nicosia;x;
5682;89;6;41;Paphos;x;
5683;131;9;169;Tabia;x;
5684;173;12;42;Ecobrogis;x;
5685;5;15;170;Western Taurus Mountains;x;
5686;47;18;43;Eastern Taurus Mountains;x;
5687;89;21;171;Mount Demirkazik;x;
5688;131;24;44;Mount Argaeus;x;
5689;173;27;172;Oinaion;x;
5690;5;30;45;Polemonium;x;
5691;47;33;173;Koralla;x;
5692;89;36;46;Rhizus;x;
5693;131;39;174;Hyspiratis;x;
5694;173;42;47;Baeberdon;x;
5695;5;45;175;Keltzine;x;
5696;47;48;48;Archabis;x;
5697;89;51;176;Petra;x;
5698;131;54;49;Neocaesara;x;
5699;173;57;177;Sinoria;x;
5700;5;60;50;Hypseie;x;
5701;47;63;178;Nicopolis_ARM;x;
5702;89;66;51;Kheranion;x;
5703;131;69;179;Satala;x;
5704;173;72;52;Kamisa;x;
5705;5;75;180;Tephrice;x;
5706;47;78;53;Arguvan;x;
5707;89;81;181;Arsamosata;x;
5708;131;84;54;Arca;x;
5709;173;87;182;Speri;x;
5710;5;90;55;Camacha;x;
5711;47;93;183;Koloberd;x;
5712;89;96;56;Balu;x;
5713;131;99;184;Mardali;x;
5714;173;102;57;Khinisi;x;
5715;5;105;185;Varto;x;
5716;47;108;58;Musch;x;
5717;89;111;186;Tatvan;x;
5718;131;114;59;Khlat;x;
5719;173;117;187;Arjesh;x;
5720;5;120;60;Bagavan;x;
5721;47;123;188;Berkri;x;
5722;89;126;61;Maku;x;
5723;131;129;189;Akhtamar;x;
5724;173;132;62;Hadamakert;x;
5725;5;135;190;Dlim;x;
5726;47;138;63;Bagaran;x;
5727;89;141;191;Kumayri;x;
5728;131;144;64;Yerevan;x;
5729;173;147;192;Garni;x;
5730;5;150;65;Tsalakert;x;
5731;47;153;193;Valashkert;x;
5732;89;156;66;Patnos;x;
5733;131;159;194;Zariskat;x;
5734;173;162;67;Kars;x;
5735;5;165;195;Sevuki;x;
5736;47;168;68;Taoskari;x;
5737;89;171;196;Tortomi;x;
5738;131;174;69;Tmogvi;x;
5739;173;177;197;Akhaltsikhe;x;
5740;5;180;70;Arthanuji;x;
5741;47;183;198;Artaani;x;
5742;89;186;71;Tskhinvali;x;
5743;131;189;199;Uplistsikhe;x;
5744;173;192;72;Bichvinta;x;
5745;5;195;200;Anacopia;x;
5746;47;198;73;Tskhumi;x;
5747;89;201;201;Gudakva;x;
5748;131;204;74;Seti;x;
5749;173;207;202;Zugdidi;x;
5750;5;210;75;Tsageri;x;
5751;47;0;203;Ambrolauri;x;
5752;89;3;76;Kasriskari;x;
5753;131;6;204;Kvara;x;
5754;173;9;77;Poti;x;
5755;5;12;205;Marakan;x;
5756;47;15;78;Vartsikhe;x;
5757;89;18;206;Shorapann;x;
5758;131;21;79;Dmanisi;x;
5759;173;24;207;Tbilisi;x;
5760;5;27;80;Rustavi;x;
5761;47;30;208;Bolnisi;x;
5762;89;33;81;Kayan;x;
5763;131;36;209;Nektesi;x;
5764;173;39;82;Mtskheta;x;
5765;5;42;210;Gavazi;x;
5766;47;45;83;Kharnabuji;x;
5767;89;48;211;Ujarma;x;
5768;131;51;84;Zaqatala;x;
5769;173;54;212;Ghisi;x;
5770;5;57;85;Dedoplitskhara;x;
5771;47;60;213;Baku;x;
5772;89;63;86;Maras;x;
5773;131;66;214;Salyan;x;
5774;173;69;87;Kabala;x;
5775;5;72;215;Kudevan;x;
5776;47;75;88;Paidangaran;x;
5777;89;78;216;Ganja;x;
5778;131;81;89;Mingachevir;x;
5779;173;84;217;Barda;x;
5780;5;87;90;Tovuz;x;
5781;47;90;218;Shamkur;x;
5782;89;93;91;Gardman;x;
5783;131;96;219;Parnes;x;
5784;173;99;92;Ktis;x;
5785;5;102;220;Naxcivan;x;
5786;47;105;93;Goris;x;
5787;89;108;221;Jugha;x;
5788;131;111;94;Gabarawan;x;
5789;173;114;222;Varsan;x;
5790;5;117;95;Paytakaran;x;
5791;47;120;223;Langarkanan;x;
5792;89;123;96;Nakorzan;x;
5793;131;126;224;Barzand;x;
5794;173;129;97;Gher;x;
5795;5;132;225;Mount Ararat;x;
5796;47;135;98;Mount Aragats;x;
5797;89;138;226;Dvin range;x;
5798;131;141;99;Kholmogory;x;
5799;173;144;227;Arkhangelsk;x;
5800;5;147;0;Brin Navolok;x;
5801;47;150;128;Pertominsk;x;
5802;89;153;1;Lopshenga;x;
5803;131;156;129;Onega;x;
5804;173;159;2;Pole;x;
5805;5;162;130;Korelskoye;x;
5806;47;165;3;Malashuyka;x;
5807;89;168;131;Povenets;x;
5808;131;171;4;Malenga;x;
5809;173;174;132;Yangary;x;
5810;5;177;5;Kustranda;x;
5811;47;180;133;Pudozh;x;
5812;89;183;6;Vershinino;x;
5813;131;186;134;Yarnema;x;
5814;173;189;7;Kargopol;x;
5815;5;192;135;Vitzgora;x;
5816;47;195;8;Ostrov_BJA;x;
5817;89;198;136;Kirillov;x;
5818;131;201;9;Dvinitza;x;
5819;173;204;137;Pelsina;x;
5820;5;207;10;Totma;x;
5821;47;210;138;Tasta;x;
5822;89;0;11;Tischna;x;
5823;131;3;139;Kadnikov;x;
5824;173;6;12;Vologda;x;
5825;5;9;140;Sheksna;x;
5826;47;12;13;Gryazovets;x;
5827;89;15;141;Danilov;x;
5828;131;18;14;Vyatskoye;x;
5829;173;21;142;Lyubim;x;
5830;5;24;15;Razlivnoye;x;
5831;47;27;143;Soligalich;x;
5832;89;30;16;Onsthia;x;
5833;131;33;144;Karitsa;x;
5834;173;36;17;Suday;x;
5835;5;39;145;Choklema;x;
5836;47;42;18;Gorodek;x;
5837;89;45;146;Boborossa;x;
5838;131;48;19;Veliky Ustyug;x;
5839;173;51;147;Nyuksenitsa;x;
5840;5;54;20;Kotlas;x;
5841;47;57;148;Usyorga;x;
5842;89;60;21;Shenkursk;x;
5843;131;63;149;Krasny Bor;x;
5844;173;66;22;Bereznik;x;
5845;5;69;150;Velsk;x;
5846;47;72;23;Verkhovazhye;x;
5847;89;75;151;Ous Vaga;x;
5848;131;78;24;Yemetsk;x;
5849;173;81;152;Kevrola;x;
5850;5;84;25;Verkola;x;
5851;47;87;153;Osmova;x;
5852;89;90;26;Velsk wasteland;x;
5853;131;93;154;Ustyug wasteland;x;
5854;173;96;27;Bjarmaland lakes;x;
5855;5;99;155;river_dvina;x;
5856;47;102;28;river_dvina;x;
5857;89;105;156;river_dvina;x;
5858;131;108;29;lake_siberia;x;
5859;173;111;157;Sosvan wasteland;x;
5860;5;114;30;Samoyed wasteland;x;
5861;47;117;158;Tobol-Ishim wasteland;x;
5862;89;120;31;Tara wasteland;x;
5863;131;123;159;Kushmurun wasteland;x;
5864;173;126;32;Kazakh wasteland;x;
5865;5;129;160;Sukhorukova;x;
5866;47;132;33;Belogorye;x;
5867;89;135;161;Kari Pospat Vosh;x;
5868;131;138;34;Arant;x;
5869;173;141;162;Kandiskaya;x;
5870;5;144;35;Kartauzh;x;
5871;47;147;163;Pelym;x;
5872;89;150;36;Sosva;x;
5873;131;153;164;Totkarak;x;
5874;173;156;37;Koshuki;x;
5875;5;159;165;Alymka;x;
5876;47;162;38;Chalbych;x;
5877;89;165;166;Chukas Vosh;x;
5878;131;168;39;Topar Vosh;x;
5879;173;171;167;Neramkary;x;
5880;5;174;40;Verkhoturye;x;
5881;47;177;168;Tura Kala;x;
5882;89;180;41;Tabary;x;
5883;131;183;169;Oblacas;x;
5884;173;186;42;Tagil;x;
5885;5;189;170;Laia;x;
5886;47;192;43;Deriabinskoye;x;
5887;89;195;171;Shantoskoye;x;
5888;131;198;44;Turinsk;x;
5889;173;201;172;Terom;x;
5890;5;204;45;Ukavskaya;x;
5891;47;207;173;Baklansky;x;
5892;89;210;46;Sabakyul;x;
5893;131;0;174;Kostanay;x;
5894;173;3;47;Ore;x;
5895;5;6;175;Tobol_BIS;x;
5896;47;9;48;Yugan;x;
5897;89;12;176;Nizyani;x;
5898;131;15;49;Atlym;x;
5899;173;18;177;Karymkary;x;
5900;5;21;50;AINTAB;x;
5901;47;24;178;TALL_BASHIR;x;
5902;89;27;51;JARABULUS;x;
5903;131;30;179;QURUS;x;
5904;173;33;52;BAGHRAS;x;
5905;5;36;180;ALEXANDRETTA;x;
5906;47;39;53;TALL_AFRIN;x;
5907;89;42;181;AZAZ;x;
5908;131;45;54;MANBIJ;x;
5909;173;48;182;AS-SUWAYDIYA;x;
5910;5;51;55;ANTIOCH;x;
5911;47;54;183;JABALA;x;
5912;89;57;56;LATAKIA;x;
5913;131;60;184;TIBET IMPASSABLE;x;
5914;173;63;57;MASYAF;x;
5915;5;66;185;SHAIZAR;x;
5916;47;69;58;ANTARTUS;x;
5917;89;72;186;RAFANIYA-KRAK;x;
5918;131;75;59;TRIPOLIS;x;
5919;173;78;187;BEIRUT;x;
5920;5;81;60;SAIDA;x;
5921;47;84;188;TYRE;x;
5922;89;87;61;BANIYAS;x;
5923;131;90;189;NAWA;x;
5924;173;93;62;DAMASCUS;x;
5925;5;96;190;AZ-ZABADANI;x;
5926;47;99;63;BAALBAK;x;
5927;89;102;191;AL-QASTAL;x;
5928;131;105;64;JUSIYA;x;
5929;173;108;192;HIMS;x;
5930;5;111;65;HAMA;x;
5931;47;114;193;SALAMIYA;x;
5932;89;117;66;KAFARTAB;x;
5933;131;120;194;QINNASRIN;x;
5934;173;123;67;HALAB;x;
5935;5;126;195;ARTAH;x;
5936;47;129;68;AR-RIKHA;x;
5937;89;132;196;ANJAR;x;
5938;131;135;69;BUZAA;x;
5939;173;138;197;SIFFIN;x;
5940;5;141;70;AR-RUSAFA;x;
5941;47;144;198;KHUNASIRA;x;
5942;89;147;71;SURIYA;x;
5943;131;150;199;RATLA;x;
5944;173;153;72;DAIR_AR-RUMAN;x;
5945;5;156;200;AS-SUKHNA;x;
5946;47;159;73;URD;x;
5947;89;162;201;ARAK;x;
5948;131;165;74;TADMUR;x;
5949;173;168;202;JUDR;x;
5950;5;171;75;AL-QARYATAN;x;
5951;47;174;203;JUWAIR;x;
5952;89;177;76;MARJ-RAHIT;x;
5953;131;180;204;DARAYYA;x;
5954;173;183;77;ZURRA;x;
5955;5;186;205;BUSRA;x;
5956;47;189;78;SARKHAD;x;
5957;89;192;206;AS-SUWAIDA-HAURAN;x;
5958;131;195;79;IRBID;x;
5959;173;198;207;TIBERIAS;x;
5960;5;201;80;ACRE;x;
5961;47;204;208;CESAREA;x;
5962;89;207;81;YAFFA;x;
5963;131;210;209;AR-RAMLA;x;
5964;173;0;82;NABLUS;x;
5965;5;3;210;JERUSALEM;x;
5966;47;6;83;HEBRON;x;
5967;89;9;211;ASCALON;x;
5968;131;12;84;GHAZZA;x;
5969;173;15;212;ZUGHAR;x;
5970;5;18;85;AL-ARISH;x;
5971;47;21;213;BAIDHA-PETRA;x;
5972;89;24;86;ARANDAL;x;
5973;131;27;214;AILA;x;
5974;173;30;87;AQABA;x;
5975;5;33;215;AL-HUMAYMA;x;
5976;47;36;88;MAAN;x;
5977;89;39;216;ADRUH;x;
5978;131;42;89;SHAWBAK;x;
5979;173;45;217;AT-TAFILA;x;
5980;5;48;90;KERAK;x;
5981;47;51;218;MAAB;x;
5982;89;54;91;ZAIZA;x;
5983;131;57;219;MUJIB;x;
5984;173;60;92;AMMAN;x;
5985;5;63;220;JARASH;x;
5986;47;66;93;AZ-ZARQA;x;
5987;89;69;221;AL-AZRAQ;x;
5988;131;72;94;AL-JILAT;x;
5989;173;75;222;QURAQIR;x;
5990;5;78;95;AIN AT-TAMR;x;
5991;47;81;223;SAFATA;x;
5992;89;84;96;AL-KUFA;x;
5993;131;87;224;AN-NAJAF;x;
5994;173;90;97;AL-QADISIYA;x;
5995;5;93;225;AL-UDHAIB;x;
5996;47;96;98;KHAFFAN;x;
5997;89;99;226;TIBET IMPASSABLE;x;
5998;131;102;99;AL-QARA;x;
5999;173;105;227;AS-SUBIA;x;
6000;6;108;0;WAQISA;x;
6001;48;111;128;AS-SALMAN;x;
6002;90;114;1;AL-AKHADID;x;
6003;132;117;129;NIFFAR;x;
6004;174;120;2;AS-SALIQ;x;
6005;6;123;130;AR-RUSAFA-IRAQ;x;
6006;48;126;3;AL-FARUT;x;
6007;90;129;131;AL-QATR;x;
6008;132;132;4;NAHR_SIMMARA;x;
6009;174;135;132;AL-MADHAR;x;
6010;6;138;5;BASINNA;x;
6011;48;141;133;AHWAZ;x;
6012;90;144;6;HUWAIZA;x;
6013;132;147;134;AZAM;x;
6014;174;150;7;DAWRAQ;x;
6015;6;153;135;JUBBA;x;
6016;48;156;8;BAYAN;x;
6017;90;159;136;ABBADAN;x;
6018;132;162;9;BASIYAN;x;
6019;174;165;137;BALJAN;x;
6020;6;168;10;AL-UBULLA;x;
6021;48;171;138;MATARA-IRAQ;x;
6022;90;174;11;AL-BASRA;x;
6023;132;177;139;AIN_SAID;x;
6024;174;180;12;AR-RUKHAIL;x;
6025;6;183;140;HIFAIR;x;
6026;48;186;13;river_nile;x;
6027;90;189;141;river_nile;x;
6028;132;192;14;river_nile;x;
6029;174;195;142;river_nile;x;
6030;6;198;15;FIRAUN;x;
6031;48;201;143;DAHAB;x;
6032;90;204;16;STCATHERINE;x;
6033;132;207;144;AT-TUR;x;
6034;174;210;17;FARAN;x;
6035;6;0;145;QALAT_JUNDI;x;
6036;48;3;18;WARRADA;x;
6037;90;6;146;TIH;x;
6038;132;9;19;FARAMA;x;
6039;174;12;147;QUZLUM;x;
6040;6;15;20;BILBAYS;x;
6041;48;18;148;QALYUB;x;
6042;90;21;21;CAIRO;x;
6043;132;24;149;DAQAHLA;x;
6044;174;27;22;FAQUS;x;
6045;6;30;150;TINNIS;x;
6046;48;33;23;DUMIYAT;x;
6047;90;36;151;SAMANNUD;x;
6048;132;39;24;BURULLUS;x;
6049;174;42;152;NASTARAWA;x;
6050;6;45;25;IBYAR;x;
6051;48;48;153;MINUF;x;
6052;90;51;26;RASHID;x;
6053;132;54;154;ALEXANDRIA;x;
6054;174;57;27;DAMANHUR;x;
6055;6;60;155;RAMSIS;x;
6056;48;63;28;ABU_GHALIB;x;
6057;90;66;156;GIZA;x;
6058;132;69;29;BUSIR;x;
6059;174;72;157;TIRSA;x;
6060;6;75;30;AL-FAYYUM;x;
6061;48;78;158;IQNA;x;
6062;90;81;31;AHNAS;x;
6063;132;84;159;AL-BAHNASA;x;
6064;174;87;32;IHRIT;x;
6065;6;90;160;ATFIH;x;
6066;48;93;33;HULWAN-CAIRO;x;
6067;90;96;161;AL-USHMUNAIN;x;
6068;132;99;34;ANSINA;x;
6069;174;102;162;MANFALUT;x;
6070;6;105;35;ASYUT;x;
6071;48;108;163;BAWIT;x;
6072;90;111;36;IKHMIN;x;
6073;132;114;164;IBSHAYA;x;
6074;174;117;37;HUW;x;
6075;6;120;165;FAW;x;
6076;48;123;38;QINA;x;
6077;90;126;166;QUS;x;
6078;132;129;39;ARMANT;x;
6079;174;132;167;UDFU;x;
6080;6;135;40;ZARNIKH;x;
6081;48;138;168;ASWAN;x;
6082;90;141;41;ASWAN-WEST;x;
6083;132;144;169;KHARGA;x;
6084;174;147;42;BARIS;x;
6085;6;150;170;MUT;x;
6086;48;153;43;TUNAYDA;x;
6087;90;156;171;AL-QASR-DAKHLA;x;
6088;132;159;44;AL-FARAFRA;x;
6089;174;162;172;AL-BAHRIYA;x;
6090;6;165;45;BAWITI;x;
6091;48;168;173;AL-HARRA;x;
6092;90;171;46;AIN_AL-GHANBI;x;
6093;132;174;174;SIWA;x;
6094;174;177;47;AL-HAMAM;x;
6095;6;180;175;QASR_ASH_SHAMMAS;x;
6096;48;183;48;KANAIS_AL-HADID;x;
6097;90;186;176;SULLUM;x;
6098;132;189;49;TOBRUK;x;
6099;174;192;177;DERNA;x;
6100;6;195;50;WADI_MAKHIL;x;
6101;48;198;178;MARAWA;x;
6102;90;201;51;WADI MASUS;x;
6103;132;204;179;JABAL_AL-GHARBI;x;
6104;174;207;52;BARQA-AL-MARJ;x;
6105;6;210;180;BENGHAZI;x;
6106;48;0;53;AWJILA;x;
6107;90;3;181;JALU;x;
6108;132;6;54;JAKHARRAD;x;
6109;174;9;182;QUSAYR;x;
6110;6;12;55;AYDHAB;x;
6111;48;15;183;DERAHIB;x;
6112;90;18;56;HAIMUR;x;
6113;132;21;184;ALLAQI;x;
6114;174;24;57;EASTERN DESERT;x;
6115;6;27;185;LIBYAN DESERT;x;
6116;48;30;58;WADI_NATRUN;x;
6117;90;33;186;QARA;x;
6118;132;36;59;NORTH_JBL_QUZLUM;x;
6119;174;39;187;CENTRAL_JBL_QUZLUM;x;
6120;6;42;60;SOUTH_JBL_QUZLUM;x;
6121;48;45;188;UM SHASHOBA;x;
6122;90;48;61;SAFAGA;x;
6123;132;51;189;SINAI DESERT;x;
6124;174;54;62;SYRIAN DESERT;x;
6125;6;57;190;river_nile;x;
6126;48;60;63;river_euphrates;x;
6127;90;63;191;river_euphrates;x;
6128;132;66;64;river_euphrates;x;
6129;174;69;192;TAWWAM;x;
6130;6;72;65;TAWWAM-WEST;x;
6131;48;75;193;JULFAR;x;
6132;90;78;66;MUSANDAM;x;
6133;132;81;194;DABBA;x;
6134;174;84;67;SUHAR;x;
6135;6;87;195;BATINA-EAST;x;
6136;48;90;68;RUSTAQ-OMAN;x;
6137;90;93;196;HAFIT;x;
6138;132;96;69;DHANK;x;
6139;174;99;197;BAHLA;x;
6140;6;102;70;NIZWA;x;
6141;48;105;198;SAMAD;x;
6142;90;108;71;JEBEL AKHDAR;x;
6143;132;111;199;MATRAH;x;
6144;174;114;72;MASQAT;x;
6145;6;117;200;QALHAT;x;
6146;48;120;73;SUR;x;
6147;90;123;201;JAALAN;x;
6148;132;126;74;AZ-DHAFRA;x;
6149;174;129;202;AL-JIWA;x;
6150;6;132;75;MURWAB;x;
6151;48;135;203;MASHQAR;x;
6152;90;138;76;AL-HAJAR;x;
6153;132;141;204;AL-MUSHAQQAR;x;
6154;174;144;77;AL-HASA;x;
6155;6;147;205;AL-UQAYR;x;
6156;48;150;78;UWAL;x;
6157;90;153;206;AL-KHATT;x;
6158;132;156;79;AL-QATIF;x;
6159;174;159;207;AL-JUBAYL;x;
6160;6;162;80;THAJ;x;
6161;48;165;208;KAZIMA;x;
6162;90;168;81;AR-RUQAII;x;
6163;132;171;209;YABRIN;x;
6164;174;174;82;HAFAR;x;
6165;6;177;210;AL-MAWIYA;x;
6166;48;180;83;AS-SAMMAN;x;
6167;90;183;211;AD-DAHNA DESERT;x;
6168;132;186;84;ATH-THALABIYA;x;
6169;174;189;212;ZUBALA;x;
6170;6;192;85;LINA;x;
6171;48;195;213;AL-KHUZAIMIYA;x;
6172;90;198;86;HAIL;x;
6173;132;201;214;NUFUD-AS-SIRR;x;
6174;174;204;87;AS-SUMAINA;x;
6175;6;207;215;BITAN;x;
6176;48;210;88;SAKAKA;x;
6177;90;0;216;AL-QARA;x;
6178;132;3;89;AL-JAWF;x;
6179;174;6;217;QASR_AT-TUBA;x;
6180;6;9;90;SIRHAN;x;
6181;48;12;218;JUBBA-HAIL;x;
6182;90;15;91;MAWQAQ;x;
6183;132;18;219;MAQNA;x;
6184;174;21;92;AINUN;x;
6185;6;24;220;SHARAF AL-BAL;x;
6186;48;27;93;SARJ;x;
6187;90;30;221;MADYAN;x;
6188;132;33;94;TABUK;x;
6189;174;36;222;FAJR;x;
6190;6;39;95;AL-AQRA;x;
6191;48;42;223;AL-MUHDATHA;x;
6192;90;45;96;TAYMA;x;
6193;132;48;224;ZIBA;x;
6194;174;51;97;AN-NABAK;x;
6195;6;54;225;AL-AWNID;x;
6196;48;57;98;BADA;x;
6197;90;60;226;AL-WAJH;x;
6198;132;63;99;AL-HAWRA;x;
6199;174;66;227;AS-SUQYA;x;
6200;6;69;0;AL-ULA;x;
6201;48;72;128;AL-HIJR;x;
6202;90;75;1;AN-NAFUD;x;
6203;132;78;129;FADAK;x;
6204;174;81;2;FAYD;x;
6205;6;84;130;TUZ;x;
6206;48;87;3;HAJIR;x;
6207;90;90;131;KHAYBAR;x;
6208;132;93;4;DHUL-MARWA;x;
6209;174;96;132;YANBU;x;
6210;6;99;5;AL-JAR;x;
6211;48;102;133;AS-SAYAA;x;
6212;90;105;6;AL-MADINA;x;
6213;132;108;134;BATN_NAKHL;x;
6214;174;111;7;RABADHA;x;
6215;6;114;135;MADIN-AN-NAQIRA;x;
6216;48;117;8;AS-SALILA;x;
6217;90;120;136;MADINAT_SULAYM;x;
6218;132;123;9;AS-SAWARIQIYA;x;
6219;174;126;137;AS-SAFRA;x;
6220;6;129;10;RABIGH;x;
6221;48;132;138;KHULAYS;x;
6222;90;135;11;JIDDA;x;
6223;132;138;139;MAKKA;x;
6224;174;141;12;AS-SIRAYN;x;
6225;6;144;140;AT-TAIF;x;
6226;48;147;13;USFAN;x;
6227;90;150;141;SUFAINA;x;
6228;132;153;14;MARRAN;x;
6229;174;156;142;AD-DATHINA;x;
6230;6;159;15;SUBAY;x;
6231;48;162;143;RANYA;x;
6232;90;165;16;WADI_GHAMID;x;
6233;132;168;144;TURABA;x;
6234;174;171;17;TABALA-HIJAZ;x;
6235;6;174;145;BISHA;x;
6236;48;177;18;JURASH;x;
6237;90;180;146;KUTHBA;x;
6238;132;183;19;HALI;x;
6239;174;186;147;ASH-SHUQAYQ;x;
6240;6;189;20;ATTAR;x;
6241;48;192;148;HARAD;x;
6242;90;195;21;SADA;x;
6243;132;198;149;NAJRAN;x;
6244;174;201;22;WADI_TATHLITH;x;
6245;6;204;150;DAM;x;
6246;48;207;23;AQIQ_TAMRA;x;
6247;90;210;151;SARBA;x;
6248;132;0;24;AL-HADDAR;x;
6249;174;3;152;QASR-AL-ADI;x;
6250;6;6;25;FALAJ;x;
6251;48;9;153;AL-KHADARIM;x;
6252;90;12;26;AL-KHARJ;x;
6253;132;15;154;YAMAMA;x;
6254;174;18;27;AL-ARID;x;
6255;6;21;155;UBAD;x;
6256;48;24;28;NUFUD-AD-DIHI;x;
6257;90;27;156;NUFUD-AS-SURRAH;x;
6258;132;30;29;JIBAL-AL-URD;x;
6259;174;33;157;JIBALA;x;
6260;6;36;30;AN-NIBAJ;x;
6261;48;39;158;AL-QARYATAN-QASIM;x;
6262;90;42;31;UNAYZA;x;
6263;132;45;159;RAMA;x;
6264;174;48;32;TIKHFA;x;
6265;6;51;160;DARIYA;x;
6266;48;54;33;JADILA;x;
6267;90;57;161;FALJA;x;
6268;132;60;34;WAHIBA;x;
6269;174;63;162;DUQM;x;
6270;6;66;35;AL-MAHJAM;x;
6271;48;69;163;KAMARAN;x;
6272;90;72;36;ASH-SHARAF;x;
6273;132;75;164;HUTH;x;
6274;174;78;37;AR-RAYDA;x;
6275;6;81;165;SHIBAM-SANAA;x;
6276;48;84;38;SANAA;x;
6277;90;87;166;JABAL AYBAN;x;
6278;132;90;39;FASHAL;x;
6279;174;93;167;GHALAFIQA;x;
6280;6;96;40;ZABID;x;
6281;48;99;168;MAWZA;x;
6282;90;102;41;AL-MANDAB;x;
6283;132;105;169;AL-MAAFIR;x;
6284;174;108;42;TAIZZ;x;
6285;6;111;170;AL-JANAD;x;
6286;48;114;43;ZAFAR;x;
6287;90;117;171;RADA;x;
6288;132;120;44;LAWDAR;x;
6289;174;123;172;MUSAYMIR;x;
6290;6;126;45;ADEN;x;
6291;48;129;173;SAQRA;x;
6292;90;132;46;AHWAN;x;
6293;132;135;174;BALHAF;x;
6294;174;138;47;AZZAN;x;
6295;6;141;175;NISAB;x;
6296;48;144;48;SHABWA;x;
6297;90;147;176;BAYHAN;x;
6298;132;150;49;BARAQISH;x;
6299;174;153;177;MAIN;x;
6300;6;156;50;WABAR;x;
6301;48;159;178;HISN_AL-ABR;x;
6302;90;162;51;AL-AHQAF;x;
6303;132;165;179;THAMUD;x;
6304;174;168;52;BARHUT;x;
6305;6;171;180;INAT;x;
6306;48;174;53;SHIBAM;x;
6307;90;177;181;QABR_SALIH;x;
6308;132;180;54;QUTN;x;
6309;174;183;182;HURAYDA;x;
6310;6;186;55;KHURAYBA;x;
6311;48;189;183;MUKALLA;x;
6312;90;192;56;ASH-SHIHR;x;
6313;132;195;184;AL-ASA;x;
6314;174;198;57;RAYSUT;x;
6315;6;201;185;DHUFAR;x;
6316;48;204;58;MIRBA;x;
6317;90;207;186;HASIK;x;
6318;132;210;59;RUB-AL-KHALI;x;
6319;174;0;187;JIBAL-AL-HIJAZI;x;
6320;6;3;60;AL-HAJRA;x;
6321;48;6;188;SINAWIN;x;
6322;90;9;61;TEDMAIT;x;
6323;132;12;189;ERG-SHARQI;x;
6324;174;15;62;ERG-MZABI;x;
6325;6;18;190;ATLAS-AS-SAHRI;x;
6326;48;21;63;ERG-GHARBI;x;
6327;90;24;191;WAHAT-DESERT;x;
6328;132;27;64;WESTERN_DESERT;x;
6329;174;30;192;QURTA;x;
6330;6;33;65;IKHMINDI;x;
6331;48;36;193;SAYALA;x;
6332;90;39;66;KOROSKO;x;
6333;132;42;194;SHEIKH_DAWUD;x;
6334;174;45;67;QASR_IBRIM;x;
6335;6;48;195;SERRA;x;
6336;48;51;68;FARAS;x;
6337;90;54;196;SEMNA;x;
6338;132;57;69;AKASHA;x;
6339;174;60;197;SAI;x;
6340;6;63;70;DELGO;x;
6341;48;66;198;TUMBUS;x;
6342;90;69;71;KEMNA;x;
6343;132;72;199;DONGOLA;x;
6344;174;75;72;OLD-DONGOLA;x;
6345;6;78;200;DEBBA;x;
6346;48;81;73;GRNETTI;x;
6347;90;84;201;TANKASI;x;
6348;132;87;74;KAREIMA;x;
6349;174;90;202;NURI;x;
6350;6;93;75;AL-GHAZALI;x;
6351;48;96;203;KURGUS;x;
6352;90;99;76;ABU-HAMMAD;x;
6353;132;102;204;TARFAYA;x;
6354;174;105;77;KOROSKO-ROAD;x;
6355;6;108;205;BERBER;x;
6356;48;111;78;ATBARA;x;
6357;90;114;206;AL-BAWGA;x;
6358;132;117;79;ED-DAMER;x;
6359;174;120;207;KASSI-MARKOL;x;
6360;6;123;80;DIFFAR;x;
6361;48;126;208;SABAGURA;x;
6362;90;129;81;KALABSHA;x;
6363;132;132;209;AL-ABWAB;x;
6364;174;135;82;SHENDI;x;
6365;6;138;210;KELI;x;
6366;48;141;83;WAD_HAMID;x;
6367;90;144;211;SHEMKHIYA;x;
6368;132;147;84;REDAB;x;
6369;174;150;212;KUWEIB;x;
6370;6;153;85;AL-HAJAR_NUBIA;x;
6371;48;156;213;DUNGUNAB;x;
6372;90;159;86;WADI_ODIB;x;
6373;132;162;214;GEBEIT;x;
6374;174;165;87;NAQIS-NORTH;x;
6375;6;168;215;KHAWR_NUBT;x;
6376;48;171;88;SINKAT;x;
6377;90;174;216;SUAKIN;x;
6378;132;177;89;TOKAR;x;
6379;174;180;217;AKIK;x;
6380;6;183;90;BADI;x;
6381;48;186;218;BAZIN;x;
6382;90;189;91;WADI_AMUR;x;
6383;132;192;219;UPPER_AMUR;x;
6384;174;195;92;NAQIS-SOUTH;x;
6385;6;198;220;BAQLIN-NORTH;x;
6386;48;201;93;BAQLIN-WEST;x;
6387;90;204;221;BAQLIN-EAST;x;
6388;132;207;94;LOWER_ODIB;x;
6389;174;210;222;SHUNQAYR;x;
6390;6;0;95;SHAHEINAB;x;
6391;48;3;223;GEILI;x;
6392;90;6;96;KADERO;x;
6393;132;9;224;USHARA;x;
6394;174;12;97;SOBA;x;
6395;6;15;225;ALTI;x;
6396;48;18;98;GETEINA;x;
6397;90;21;226;KAMLIN;x;
6398;132;24;99;ARBAJI;x;
6399;174;27;227;UM_SUNT;x;
6400;6;30;0;SENNAR;x;
6401;48;33;128;SAQADI;x;
6402;90;36;1;JEBEL_MOYA;x;
6403;132;39;129;SINGA;x;
6404;174;42;2;ABU_GEILI;x;
6405;6;45;130;EL-ELEILA;x;
6406;48;48;3;BASHARGA;x;
6407;90;51;131;NAGA;x;
6408;132;54;4;BASA;x;
6409;174;57;132;UMM_USUDA;x;
6410;6;60;5;JEBEL_GEILI;x;
6411;48;63;133;MIDDLE_ATBARA;x;
6412;90;66;6;KASSALA;x;
6413;132;69;134;KHAWR_BARAKA;x;
6414;174;72;7;DJARIN;x;
6415;6;75;135;WADI_EL-MILK;x;
6416;48;78;8;BAYUDA_WEST;x;
6417;90;81;136;BAYUDA_EAST;x;
6418;132;84;9;BUTANA;x;
6419;174;87;137;BUTANA_NORTH;x;
6420;6;90;10;NUBIAN_DESERT_SOUTH;x;
6421;48;93;138;NUBIAN_DESERT_EAST;x;
6422;90;96;11;NUBIAN_DESERT_WEST;x;
6423;132;99;139;JEBEL_BEJA;x;
6424;174;102;12;WESTERN_NUB_DESERT;x;
6425;6;105;140;WAHAT-DESERT-SOUTH;x;
6426;48;108;13;DAR_HAMID;x;
6427;90;111;141;JEBEL_ABU_NEGILA;x;
6428;132;114;14;BIR_EL-KAI;x;
6429;174;117;142;KOSTI;x;
6430;6;120;15;TAGALI;x;
6431;48;123;143;TAGALI_SOUTH;x;
6432;90;126;16;RENK;x;
6433;132;129;144;FAZUGHLI;x;
6434;174;132;17;AL-RUSAYRISI;x;
6435;6;135;145;FAZUGHLI-EAST;x;
6436;48;138;18;WOLQAYT;x;
6437;90;141;146;SHOWAK;x;
6438;132;144;19;QATAA;x;
6439;174;147;147;MARYA;x;
6440;6;150;20;DHERBE;x;
6441;48;153;148;KA'BIR;x;
6442;90;156;21;TO_LUS;x;
6443;132;159;149;GASH;x;
6444;174;162;22;SHOWAK_SOUTH;x;
6445;6;165;150;WAD_ABU_NAHL;x;
6446;48;168;23;ZALHA;x;
6447;90;171;151;ZAWILA;x;
6448;132;174;24;SABHA;x;
6449;174;177;152;GERMA;x;
6450;6;180;25;TASSAWA;x;
6451;48;183;153;MURZUK;x;
6452;90;186;26;DJADO;x;
6453;132;189;154;TUMMO;x;
6454;174;192;27;SAKADAME;x;
6455;6;195;155;GISSEBI;x;
6456;48;198;28;DIRKU;x;
6457;90;201;156;BILMA;x;
6458;132;204;29;DIBELA;x;
6459;174;207;157;TAMZAWA;x;
6460;6;210;30;GHAT;x;
6461;48;0;158;AL-FEWET;x;
6462;90;3;31;AL-BARKAT;x;
6463;132;6;159;DJANET;x;
6464;174;9;32;EFERI;x;
6465;6;12;160;REGGANE;x;
6466;48;15;33;TAMENTIT;x;
6467;90;18;161;ADRAR_TIMMI;x;
6468;132;21;34;BOUDA;x;
6469;174;24;162;WADI_DAOURA;x;
6470;6;27;35;TINDOUF;x;
6471;48;30;163;SEQIUET_EL-HAMRA;x;
6472;90;33;36;ZAMMOUR;x;
6473;132;36;164;BIR_UM-GHREIN;x;
6474;174;39;37;TIRIS;x;
6475;6;42;165;IJIL;x;
6476;48;45;38;WADAN;x;
6477;90;48;166;TINIGI;x;
6478;132;51;39;SHINQITI;x;
6479;174;54;167;AZUKKI;x;
6480;6;57;40;AKJOUJT;x;
6481;48;60;168;AMATLUS;x;
6482;90;63;41;TIRIS-SOUTH;x;
6483;132;66;169;GARUMELE;x;
6484;174;69;42;NGUIGMI;x;
6485;6;72;170;MANAN;x;
6486;48;75;43;KANEM;x;
6487;90;78;171;JIMI;x;
6488;132;81;44;TIE;x;
6489;174;84;172;TARAZKI;x;
6490;6;87;45;KAGUSTI;x;
6491;48;90;173;MADAN;x;
6492;90;93;46;AUNO;x;
6493;132;96;174;KORO_TORO;x;
6494;174;99;47;BORKOU;x;
6495;6;102;175;FAYA;x;
6496;48;105;48;AIN_GALAKKA;x;
6497;90;108;176;TIBESTI-SOUTH;x;
6498;132;111;49;TIBESTI-CENTRAL;x;
6499;174;114;177;BARDAI;x;
6500;6;117;50;AJERE;x;
6501;48;120;178;BALBELEC;x;
6502;90;123;51;GASKERU;x;
6503;132;126;179;DIFFA;x;
6504;174;129;52;YAU;x;
6505;6;132;180;KUKAWA;x;
6506;48;135;53;GARU_KIME;x;
6507;90;138;181;DIKWA;x;
6508;132;141;54;MEGE;x;
6509;174;144;182;YERWA;x;
6510;6;147;55;GALAGA;x;
6511;48;150;183;GAZARGAMO;x;
6512;90;153;56;GAMBARU;x;
6513;132;156;184;DIAKAM;x;
6514;174;159;57;ZAMTAM;x;
6515;6;162;185;MUNIO;x;
6516;48;165;58;NGURU;x;
6517;90;168;186;HADEJIA;x;
6518;132;171;59;KUFAN_KANAWA;x;
6519;174;174;187;KANO;x;
6520;6;177;60;KURA;x;
6521;48;180;188;BAUCHI;x;
6522;90;183;61;GOMBE;x;
6523;132;186;189;WUKARI;x;
6524;174;189;62;WASE;x;
6525;6;192;190;MURI;x;
6526;48;195;63;AZARE;x;
6527;90;198;191;KATAGUM;x;
6528;132;201;64;KUDU;x;
6529;174;204;192;RANO;x;
6530;6;207;65;DURUM;x;
6531;48;210;193;JOS;x;
6532;90;0;66;GONGOLA;x;
6533;132;3;194;KWARARAFA;x;
6534;174;6;67;FIKA;x;
6535;6;9;195;GABAS;x;
6536;48;12;68;DAURA;x;
6537;90;15;196;KATSINA;x;
6538;132;18;69;MARANDI;x;
6539;174;21;197;GOBIR;x;
6540;6;24;70;DUTSI;x;
6541;48;27;198;SOKOTO;x;
6542;90;30;71;ANKA;x;
6543;132;33;199;GUSAU;x;
6544;174;36;72;ZAZZAU;x;
6545;6;39;200;TURUNKU;x;
6546;48;42;73;NOK;x;
6547;90;45;201;TARUGA;x;
6548;132;48;74;BIDA;x;
6549;174;51;202;MINNA;x;
6550;6;54;75;KADUNA;x;
6551;48;57;203;ZURU;x;
6552;90;60;76;KONTOKORO;x;
6553;132;63;204;YAURI;x;
6554;174;66;77;GUMMI;x;
6555;6;69;205;KEBBI;x;
6556;48;72;78;SOKOTO-NORTH;x;
6557;90;75;206;TAHOUA;x;
6558;132;78;79;GOBIR-EAST;x;
6559;174;81;207;ZINDER;x;
6560;6;84;80;MARANDET;x;
6561;48;87;208;AGADEZ;x;
6562;90;90;81;TAKKEDA;x;
6563;132;93;209;AIR;x;
6564;174;96;82;TESSALIT;x;
6565;6;99;210;ADRAR_IFOGHAS;x;
6566;48;102;83;TADMEKKA;x;
6567;90;105;211;KIDAL;x;
6568;132;108;84;DOSSO;x;
6569;174;111;212;GAYA2;x;
6570;6;114;85;ROZI;x;
6571;48;117;213;TILLABERI;x;
6572;90;120;86;KUKIYA;x;
6573;132;123;214;TANDO_HUSUBIYA;x;
6574;174;126;87;KAMGALA;x;
6575;6;129;215;ANSONGO;x;
6576;48;132;88;GADEI;x;
6577;90;135;216;GAO;x;
6578;132;138;89;SARNAH;x;
6579;174;141;217;KOIMA;x;
6580;6;144;90;BOUREM;x;
6581;48;147;218;TIRAKKA;x;
6582;90;150;91;GURMA-RHAROUS;x;
6583;132;153;219;DAHAR_WALATA;x;
6584;174;156;92;AGHARAF;x;
6585;6;159;220;TIRIS_DESERT;x;
6586;48;162;93;ERG_CHECH;x;
6587;90;165;221;ERG_IGUIDI;x;
6588;132;168;94;HAMADAT_DRAA;x;
6589;174;171;222;TANZEROUFT;x;
6590;6;174;95;TIDIKELT;x;
6591;48;177;223;HAMADAT_TINGHERT;x;
6592;90;180;96;ERG_ATLASI;x;
6593;132;183;224;ERG_TOUATI;x;
6594;174;186;97;HAMADAT_HAMRA;x;
6595;6;189;225;JEBEL_NAFUSA;x;
6596;48;192;98;IDEHAN_MURZUQ;x;
6597;90;195;226;SAHARAT_HAGGAR;x;
6598;132;198;99;SAHARAT_AIR;x;
6599;174;201;227;TALAK;x;
6600;6;204;0;TENERE_GHARBI;x;
6601;48;207;128;WADI_IRAWAN;x;
6602;90;210;1;ERG_GHATI;x;
6603;132;0;129;TENERE_SHARQI;x;
6604;174;3;2;TIBESTI-DESERT;x;
6605;6;6;130;BODELE-DESERT;x;
6606;48;9;3;BAHR_EL-GHAZAL;x;
6607;90;12;131;JUFRA;x;
6608;132;15;4;KABARA;x;
6609;174;18;132;TIMBUKTU;x;
6610;6;21;5;ARAWAN;x;
6611;48;24;133;RAS_EL-MA;x;
6612;90;27;6;KILLI;x;
6613;132;30;134;KOUGA;x;
6614;174;33;7;TONDIARU;x;
6615;6;36;135;AKUMBU;x;
6616;48;39;8;KOLIMA;x;
6617;90;42;136;TOLADIE;x;
6618;132;45;9;BOULEL;x;
6619;174;48;137;DIA;x;
6620;6;51;10;MARA;x;
6621;48;54;138;SHOMA;x;
6622;90;57;11;WEST_MEMA;x;
6623;132;60;139;NIARA;x;
6624;174;63;12;BOU_KHZAMA;x;
6625;6;66;140;WALATA;x;
6626;48;69;13;TIMBEDRA;x;
6627;90;72;141;KUMBI;x;
6628;132;75;14;AL-GHABA;x;
6629;174;78;142;GUMBU;x;
6630;6;81;15;BIRU2;x;
6631;48;84;143;AWGHAM;x;
6632;90;87;16;KRI;x;
6633;132;90;144;BANAMBA;x;
6634;174;93;17;NIAMINA;x;
6635;6;96;145;KOULIKORO;x;
6636;48;99;18;KOLOKANI;x;
6637;90;102;146;SIBI2;x;
6638;132;105;19;KIRINA;x;
6639;174;108;147;KANGABA;x;
6640;6;111;20;TABON;x;
6641;48;114;148;BANGASI;x;
6642;90;117;21;LANBA;x;
6643;132;120;149;TAMANI;x;
6644;174;123;22;SANADO;x;
6645;6;126;150;SEGOU;x;
6646;48;129;23;SOUM;x;
6647;90;132;151;KANIANA;x;
6648;132;135;24;TABA;x;
6649;174;138;152;SAN;x;
6650;6;141;25;AGHARAF_ROAD;x;
6651;48;144;153;IGUIDI_WEST;x;
6652;90;147;26;TINDOUF_ROAD;x;
6653;132;150;154;IGUIDI_EAST;x;
6654;174;153;27;TAGHAZA_ROAD;x;
6655;6;156;155;SAOURA;x;
6656;48;159;28;ARAWAN_ROAD;x;
6657;90;162;156;KAWAR_ROAD;x;
6658;132;165;29;AIR_ROUTE;x;
6659;174;168;157;FACHI;x;
6660;6;171;30;FACHI_ROUTE;x;
6661;48;174;158;GHAT_ROUTE;x;
6662;90;177;31;EAST_AHAGGAR;x;
6663;132;180;159;AHAGGAR;x;
6664;174;183;32;TADMEKKA_ROUTE;x;
6665;6;186;160;BAHR_EL-GHAZAL_ROUTE;x;
6666;48;189;33;TIBESTI_ROUTE;x;
6667;90;192;161;FEZZAN_ROUTE;x;
6668;132;195;34;DJADO_ROUTE;x;
6669;174;198;162;TRAGHAN;x;
6670;6;201;35;BANGU;x;
6671;48;204;163;SAFARE;x;
6672;90;207;36;NGUMA;x;
6673;132;210;164;KORIENZA;x;
6674;174;0;37;ZAMPIA;x;
6675;6;3;165;DOUENTZA;x;
6676;48;6;38;SAMYERE;x;
6677;90;9;166;HOMBORI;x;
6678;132;12;39;DINDE;x;
6679;174;15;167;OURSI;x;
6680;6;18;40;KISSI;x;
6681;48;21;168;SAOUGA;x;
6682;90;24;41;DORI;x;
6683;132;27;169;GABOU;x;
6684;174;30;42;BURA;x;
6685;6;33;170;ARIBINDA;x;
6686;48;36;43;SIRBA;x;
6687;90;39;171;TONDIKWAREY;x;
6688;132;42;44;SAY;x;
6689;174;45;172;BILANGA;x;
6690;6;48;45;GURMA-WEST;x;
6691;48;51;173;NUNGU;x;
6692;90;54;46;TENKUDUGO;x;
6693;132;57;174;BURZANGA;x;
6694;174;60;47;GITI;x;
6695;6;63;175;MERGAO;x;
6696;48;66;48;WALGUYO;x;
6697;90;69;176;ZONDOMA;x;
6698;132;72;49;GURSI;x;
6699;174;75;177;GUILONGU;x;
6700;6;78;50;WAGADUGU;x;
6701;48;81;178;DOUNA;x;
6702;90;84;51;RIM;x;
6703;132;87;179;SANGA;x;
6704;174;90;52;OUNJOUGOU;x;
6705;6;93;180;BANDIAGARA;x;
6706;48;96;53;BANKASS;x;
6707;90;99;181;SENO-SOUTH;x;
6708;132;102;54;BENA;x;
6709;174;105;182;DOUROLA;x;
6710;6;108;55;MOPTI;x;
6711;48;111;183;JENNE-JENO;x;
6712;90;114;56;KIRI-BARA;x;
6713;132;117;184;BURUNFONGO;x;
6714;174;120;57;PEKINGA;x;
6715;6;123;185;BIRNIN_LAFIYA;x;
6716;48;126;58;SOTA;x;
6717;90;129;186;MADEKALI;x;
6718;132;132;59;BUSA;x;
6719;174;135;187;GOBNANGOU;x;
6720;6;138;60;PENTENGA;x;
6721;48;141;188;BIUN;x;
6722;90;144;61;SIKASSO;x;
6723;132;147;189;KUMYA;x;
6724;174;150;62;BANINKO;x;
6725;6;153;190;MANI;x;
6726;48;156;63;MORIBUGU;x;
6727;90;159;191;DAKAJALAN;x;
6728;132;162;64;FIGUIRA;x;
6729;174;165;192;NIANI;x;
6730;6;168;65;WASULU;x;
6731;48;171;193;YANFOLILA;x;
6732;90;174;66;KAMARO;x;
6733;132;177;194;KANKAN;x;
6734;174;180;67;JELIBAKORO;x;
6735;6;183;195;FADAMA;x;
6736;48;186;68;AMANA;x;
6737;90;189;196;KOUROUSSA;x;
6738;132;192;69;BALATO;x;
6739;174;195;197;SIGUIRI;x;
6740;6;198;70;TINKISSO;x;
6741;48;201;198;KONFARA;x;
6742;90;204;71;DIAKHA;x;
6743;132;207;199;NYENINGO;x;
6744;174;210;72;GOUNDAFA;x;
6745;6;0;200;DIOUBOYE;x;
6746;48;3;73;ARONDO;x;
6747;90;6;201;YARESNA;x;
6748;132;9;74;GHIYARU;x;
6749;174;12;202;BAFULABE;x;
6750;6;15;75;KUNJAN;x;
6751;48;18;203;BADUMBE;x;
6752;90;21;76;KITA;x;
6753;132;24;204;BIRGO;x;
6754;174;27;77;GEMUKURA;x;
6755;6;30;205;FARABUGU;x;
6756;48;33;78;SORMA;x;
6757;90;36;206;BAKUNU;x;
6758;132;39;79;DIARA;x;
6759;174;42;207;NIORO;x;
6760;6;45;80;KEDAMA;x;
6761;48;48;208;MASIN;x;
6762;90;51;81;AKRIJIT;x;
6763;132;54;209;TICHITT;x;
6764;174;57;82;AWDAGHOST;x;
6765;6;60;210;HODH-SOUTH;x;
6766;48;63;83;HODH-WEST;x;
6767;90;66;211;TAGANT;x;
6768;132;69;84;TAGANT-WEST;x;
6769;174;72;212;KANIAGA;x;
6770;6;75;85;YELIMANE;x;
6771;48;78;213;SERO;x;
6772;90;81;86;GUIDIMAKA;x;
6773;132;84;214;DIAFUNU;x;
6774;174;87;87;KARAKORO;x;
6775;6;90;215;WOMPU;x;
6776;48;93;88;JOWOL;x;
6777;90;96;216;NGOPPUGU;x;
6778;132;99;89;SILLA;x;
6779;174;102;217;BAKEL;x;
6780;6;105;90;OGO;x;
6781;48;108;218;PODOR;x;
6782;90;111;91;TAKRUR;x;
6783;132;114;219;WAALO;x;
6784;174;117;92;WARAM;x;
6785;6;120;220;AWLIL;x;
6786;48;123;93;CUBALEL;x;
6787;90;126;221;DAGANA;x;
6788;132;129;94;HODH_DESERT;x;
6789;174;132;222;INLAND_NIGER_DELTA;x;
6790;6;135;95;SIKASSO_HILLS;x;
6791;48;138;223;river_niger;x;
6792;90;141;96;river_niger;x;
6793;132;144;224;river_niger;x;
6794;174;147;97;river_niger;x;
6795;6;150;225;river_niger;x;
6796;48;153;98;river_niger;x;
6797;90;156;226;DHRAINA;x;
6798;132;159;99;ANATE;x;
6799;174;162;227;KINGUI;x;
6800;6;165;0;GALAM;x;
6801;48;168;128;KONKO;x;
6802;90;171;1;SANGALAN;x;
6803;132;174;129;UPPER_GAMBIA;x;
6804;174;177;2;BAGUIRMI-WEST;x;
6805;6;180;130;BAGUIRMI;x;
6806;48;183;3;MASSENYA;x;
6807;90;186;131;BIDDIRI;x;
6808;132;189;4;DAM;x;
6809;174;192;132;BARMA2;x;
6810;6;195;5;MIGRI;x;
6811;48;198;133;BANRE;x;
6812;90;201;6;LOGONE-BIRNI;x;
6813;132;204;134;MAKARI;x;
6814;174;207;7;NGALA;x;
6815;6;210;135;BAMA;x;
6816;48;0;8;KOUSSERI;x;
6817;90;3;136;DUOLO;x;
6818;132;6;9;BOGO;x;
6819;174;9;137;MINDIF;x;
6820;6;12;10;KALFOU;x;
6821;48;15;138;DAGWAMBA;x;
6822;90;18;11;BIU;x;
6823;132;21;139;GAROUA;x;
6824;174;24;12;BIBEMI;x;
6825;6;27;140;BINDIR;x;
6826;48;30;13;MARGI;x;
6827;90;33;141;BABUR;x;
6828;132;36;14;KERA;x;
6829;174;39;142;GIZEY;x;
6830;6;42;15;MARBA;x;
6831;48;45;143;NGAMBAY;x;
6832;90;48;16;KIM;x;
6833;132;51;144;MILTOU;x;
6834;174;54;17;KWANG;x;
6835;6;57;145;MASA;x;
6836;48;60;18;MBARA;x;
6837;90;63;146;LAFANA;x;
6838;132;66;19;BOUSSO;x;
6839;174;69;147;TUMAK;x;
6840;6;72;20;SUMRAY;x;
6841;48;75;148;NIELLIM;x;
6842;90;78;21;BOA;x;
6843;132;81;149;SARWA;x;
6844;174;84;22;MELFI_SAO;x;
6845;6;87;150;NGAMA;x;
6846;48;90;23;FELLATA;x;
6847;90;93;151;LAIRI;x;
6848;132;96;24;KOUKI;x;
6849;174;99;152;WAGNA;x;
6850;6;102;25;GHAZZAL;x;
6851;48;105;153;MANGA;x;
6852;90;108;26;YAO_FITRI;x;
6853;132;111;154;GASGA;x;
6854;174;114;27;KADAM;x;
6855;6;117;155;KADAM-WEST;x;
6856;48;120;28;KADAM-SOUTH;x;
6857;90;123;156;DAR_RASHID;x;
6858;132;126;29;IRO;x;
6859;174;129;157;SALAMAT;x;
6860;6;132;30;GOZ_BEIDA;x;
6861;48;135;158;DAR_SILA;x;
6862;90;138;31;ABECHE;x;
6863;132;141;159;WARA;x;
6864;174;144;32;WADAI;x;
6865;6;147;160;MASALIT;x;
6866;48;150;33;WADI_AZWA;x;
6867;90;153;161;KABKABIYA;x;
6868;132;156;34;KUBAYH;x;
6869;174;159;162;EL-FASHER;x;
6870;6;162;35;TURRA;x;
6871;48;165;163;DAR_WONA;x;
6872;90;168;36;KUNDI;x;
6873;132;171;164;MASA;x;
6874;174;174;37;URI;x;
6875;6;177;165;AIN_FARAH;x;
6876;48;180;38;MAO_DARFUR;x;
6877;90;183;166;HILEILA;x;
6878;132;186;39;HURAYZ;x;
6879;174;189;167;UMM_GAFALA;x;
6880;6;192;40;GHUBAYSH;x;
6881;48;195;168;EN_NAHUD;x;
6882;90;198;41;WEST_KORDOFAN;x;
6883;132;201;169;EL-OBEID;x;
6884;174;204;42;EAST_KORDOFAN;x;
6885;6;207;170;MALHA;x;
6886;48;210;43;KERKER;x;
6887;90;0;171;UMM_KEDADA;x;
6888;132;3;44;TAGABO;x;
6889;174;6;172;TEIGA;x;
6890;6;9;45;SIMIAT;x;
6891;48;12;173;TUREIQ;x;
6892;90;15;46;QIMR;x;
6893;132;18;174;TAMA;x;
6894;174;21;47;EAST_SILA;x;
6895;6;24;175;EAST_DARFUR;x;
6896;48;27;48;UPPER_MILK;x;
6897;90;30;176;LAGOWA;x;
6898;132;33;49;SHATT;x;
6899;174;36;177;LIGURI;x;
6900;6;39;50;CENTRAL_KORDOFAN;x;
6901;48;42;178;SIDRAH;x;
6902;90;45;51;MUERA_MTS;x;
6903;132;48;179;MANDARA_MTS;x;
6904;174;51;52;DARFUR_DESERT;x;
6905;6;54;180;ULAIRA;x;
6906;48;57;53;KULFO;x;
6907;90;60;181;KUTIGI;x;
6908;132;63;54;RABA;x;
6909;174;66;182;GBAJIGBO;x;
6910;6;69;55;TADA;x;
6911;48;72;183;ILORIN;x;
6912;90;75;56;OYO-ILE;x;
6913;132;78;184;JEBBA;x;
6914;174;81;57;KAIAMA;x;
6915;6;84;185;KAOJE;x;
6916;48;87;58;ILO;x;
6917;90;90;186;KANDI;x;
6918;132;93;59;SEGBANA;x;
6919;174;96;187;NIKKI;x;
6920;6;99;60;OKUTA;x;
6921;48;102;188;KENU;x;
6922;90;105;61;ILESA;x;
6923;132;108;189;IGBOHO;x;
6924;174;111;62;PARAKOU;x;
6925;6;114;190;ODO-AKABA;x;
6926;48;117;63;BORGU;x;
6927;90;120;191;MOSHI;x;
6928;132;123;64;NIKKI_WEST;x;
6929;174;126;192;ALIBORI;x;
6930;6;129;65;MEKROU;x;
6931;48;132;193;KOUANDE;x;
6932;90;135;66;YOHONGOU;x;
6933;132;138;194;SANSANE_MANGO;x;
6934;174;141;67;PUSUGA;x;
6935;6;144;195;BAWKU;x;
6936;48;147;68;DIKUTATENI;x;
6937;90;150;196;KUISUGU;x;
6938;132;153;69;PERMA;x;
6939;174;156;197;DJUGU;x;
6940;6;159;70;JIMBALE;x;
6941;48;162;198;SAKOGU;x;
6942;90;165;71;YENDI;x;
6943;132;168;199;SALAGA;x;
6944;174;171;72;MOLE_SOUTH;x;
6945;6;174;200;MAWLI;x;
6946;48;177;73;DABOYA;x;
6947;90;180;201;NAKANBE;x;
6948;132;183;74;PO;x;
6949;174;186;202;GURUNSI;x;
6950;6;189;75;LEO;x;
6951;48;192;203;LOWER_LOBI;x;
6952;90;195;76;UPPER_LOBI;x;
6953;132;198;204;KIRIKONGO;x;
6954;174;201;77;BOROMO;x;
6955;6;204;205;MOUHOUN;x;
6956;48;207;78;WA;x;
6957;90;210;206;UPPER_MOLE;x;
6958;132;0;79;BOLE2;x;
6959;174;3;207;BOUNA;x;
6960;6;6;80;LOROPENI;x;
6961;48;9;208;BANDA;x;
6962;90;12;81;BONDUKU;x;
6963;132;15;209;SAMPA;x;
6964;174;18;82;BEGHO;x;
6965;6;21;210;WENCHI;x;
6966;48;24;83;BUIPE;x;
6967;90;27;211;AHWENE_KOKO;x;
6968;132;30;84;UPPER_TANO;x;
6969;174;33;212;TEKYIMAN;x;
6970;6;36;85;BONO_MANSO;x;
6971;48;39;213;KINTAMPO;x;
6972;90;42;86;BUGURIBA;x;
6973;132;45;214;BOBO_DYULASSO;x;
6974;174;48;87;IRINGU;x;
6975;6;51;215;KOMOE;x;
6976;48;54;88;LERABA;x;
6977;90;57;216;KONG-NORTH;x;
6978;132;60;89;UPPER_NZI;x;
6979;174;63;217;KORHOGO;x;
6980;6;66;90;FOLONA;x;
6981;48;69;218;BANDAMA_SPRINGS;x;
6982;90;72;91;UPPER_NYENE;x;
6983;132;75;219;LOWER_NYENE;x;
6984;174;78;92;BANIFING;x;
6985;6;81;220;BAOULE;x;
6986;48;84;93;DEGOU;x;
6987;90;87;221;TUDUGU;x;
6988;132;90;94;ODIENNE;x;
6989;174;93;222;TYEME;x;
6990;6;96;95;SAMATIGILA;x;
6991;48;99;223;SANAFULA;x;
6992;90;102;96;BISANDUGU;x;
6993;132;105;224;BASANDO;x;
6994;174;108;97;KULIYA;x;
6995;6;111;225;NYADA;x;
6996;48;114;98;FWALA-KONYAN;x;
6997;90;117;226;KAYAO;x;
6998;132;120;99;VOLTA_HIGHLAND;x;
6999;174;123;227;GAMBAGA_ESCARPMENT;x;
7000;7;126;0;Demiianka;x;
7001;49;129;128;Bardak;x;
7002;91;132;1;Koshley Vosh;x;
7003;133;135;129;Uluskate;x;
7004;175;138;2;Liniek;x;
7005;7;141;130;Selinga;x;
7006;49;144;3;Sibir;x;
7007;91;147;131;Berisiy;x;
7008;133;150;4;Asmaak;x;
7009;175;153;132;Yorgaet;x;
7010;7;156;5;Vagaiskoy;x;
7011;49;159;133;Kulema;x;
7012;91;162;6;Kartaszevo;x;
7013;133;165;134;Petropavolsk;x;
7014;175;168;7;Vagay;x;
7015;7;171;135;Dolgujar;x;
7016;49;174;8;Ust-Ishim;x;
7017;91;177;136;Yalu Torovsk;x;
7018;133;180;9;Mostovskoye;x;
7019;175;183;137;Uktuz;x;
7020;7;186;10;Vargashi;x;
7021;49;189;138;Mamlyutka;x;
7022;91;192;11;Skramlrak;x;
7023;133;195;139;Kak;x;
7024;175;198;12;Auliekol;x;
7025;7;201;140;Kush-Murun;x;
7026;49;204;13;Karasu;x;
7027;91;207;141;Omgul;x;
7028;133;210;14;Zavialova;x;
7029;175;0;142;Vikulova;x;
7030;7;3;15;Kazanskoye;x;
7031;49;6;143;Tenis;x;
7032;91;9;16;Tukalinsk;x;
7033;133;12;144;Sargatka;x;
7034;175;15;17;Ibeitei;x;
7035;7;18;145;Petropavl;x;
7036;49;21;18;Kafa;x;
7037;91;24;146;Kokchetav;x;
7038;133;27;19;Atbasar;x;
7039;175;30;147;Chargaldzin;x;
7040;7;33;20;Astrakhanka;x;
7041;49;36;148;Erementau;x;
7042;91;39;21;Karu Samys;x;
7043;133;42;149;Koriakovsky;x;
7044;175;45;22;Omsk;x;
7045;7;48;150;Tiabis;x;
7046;49;51;23;Tatarka;x;
7047;91;54;151;Kainsk;x;
7048;133;57;24;Sals Poveret;x;
7049;175;60;152;Abyszkan;x;
7050;7;63;25;Chany;x;
7051;49;66;153;Tatarki;x;
7052;91;69;26;Karasuk;x;
7053;133;72;154;Pavlodar;x;
7054;175;75;27;Yamishevo;x;
7055;7;78;155;Ishim wasteland;x;
7056;49;81;28;Altin Wasteland;x;
7057;91;84;156;Kurtan;x;
7058;133;87;29;Shchuchye;x;
7059;175;90;157;Shchuchinsk;x;
7060;7;93;30;Koksengrisor;x;
7061;49;96;158;Seletyteniz;x;
7062;91;99;31;Teke;x;
7063;133;102;159;Ertis;x;
7064;175;105;32;Karaoba;x;
7065;7;108;160;Qoshagyl;x;
7066;49;111;33;Azgyl;x;
7067;91;114;161;Issenjau;x;
7068;133;117;34;Namastau;x;
7069;175;120;162;Asheh-Atrik;x;
7070;7;123;35;Kos-Buwak;x;
7071;49;126;163;Chumishtikul;x;
7072;91;129;36;Kumstan;x;
7073;133;132;164;Tengiz;x;
7074;175;135;37;Beyneu;x;
7075;7;138;165;Sam;x;
7076;49;141;38;Churuk;x;
7077;91;144;166;Fort Novoaleksandrovkiy;x;
7078;133;147;39;Kajdak;x;
7079;175;150;167;Koizak;x;
7080;7;153;40;Karasye;x;
7081;49;156;168;Fort Aleksandrovkiy;x;
7082;91;159;41;Busaga;x;
7083;133;162;169;Porsu-Burun;x;
7084;175;165;42;Sai-Kule;x;
7085;7;168;170;Bekdas;x;
7086;49;171;43;Sumbe;x;
7087;91;174;171;Kum-Sebszen;x;
7088;133;177;44;Oglamych;x;
7089;175;180;172;Vezir;x;
7090;7;183;45;Davlet-Girei;x;
7091;49;186;173;Kulandy;x;
7092;91;189;46;Kugaral;x;
7093;133;192;174;Kashkarata;x;
7094;175;195;47;Djamantau;x;
7095;7;198;175;Emba;x;
7096;49;201;48;Barsuki;x;
7097;91;204;176;Agyspe;x;
7098;133;207;49;Chushka-Kol;x;
7099;175;210;177;Airyuk;x;
7100;7;0;50;Irgis;x;
7101;49;3;178;Djelavi;x;
7102;91;6;51;Zhelanash;x;
7103;133;9;179;Terekli;x;
7104;175;12;52;Kalmas;x;
7105;7;15;180;Chalkar;x;
7106;49;18;53;Chubar;x;
7107;91;21;181;Arys-kum;x;
7108;133;24;54;Tailyak-kul;x;
7109;175;27;182;Dzangent;x;
7110;7;30;55;Kazalinsk;x;
7111;49;33;183;Raimskoe;x;
7112;91;36;56;Kara-Mugai;x;
7113;133;39;184;Uzun-kul;x;
7114;175;42;57;Buzai;x;
7115;7;45;185;Koskul;x;
7116;49;48;58;Beljan;x;
7117;91;51;186;Azez-kul;x;
7118;133;54;59;Telegul;x;
7119;175;57;187;Aq-Masjid;x;
7120;7;60;60;Tashti;x;
7121;49;63;188;Mushun;x;
7122;91;66;61;Suzak;x;
7123;133;69;189;Sighnaq;x;
7124;175;72;62;Oktyabr;x;
7125;7;75;190;Uzgend;x;
7126;49;78;63;Sawran;x;
7127;91;81;191;Shulak;x;
7128;133;84;64;Yasi;x;
7129;175;87;192;Shavgar;x;
7130;7;90;65;Sary-Ozek;x;
7131;49;93;193;Karakul;x;
7132;91;96;66;Talas;x;
7133;133;99;194;Quriltay;x;
7134;175;102;67;Akkum;x;
7135;7;105;195;Sayram;x;
7136;49;108;68;Chimkent;x;
7137;91;111;196;Nuket;x;
7138;133;114;69;Isfijab;x;
7139;175;117;197;Chakpak;x;
7140;7;120;70;Awliya-Ata;x;
7141;49;123;198;Taraz;x;
7142;91;126;71;Shelji;x;
7143;133;129;199;Itte-Kichu;x;
7144;175;132;72;Nevaket;x;
7145;7;135;200;Ashpara;x;
7146;49;138;73;Merke;x;
7147;91;141;201;Pishkek;x;
7148;133;144;74;Sayaq;x;
7149;175;147;202;Tinimseyit;x;
7150;7;150;75;Bagish;x;
7151;49;153;203;Cherik;x;
7152;91;156;76;Narin;x;
7153;133;159;204;Barskhan;x;
7154;175;162;77;Balasaghun;x;
7155;7;165;205;Shyganak;x;
7156;49;168;78;Mirnyy;x;
7157;91;171;206;Aksuyek;x;
7158;133;174;79;Chu;x;
7159;175;177;207;Akzhar;x;
7160;7;180;80;Tamgaly;x;
7161;49;183;208;Kurdai;x;
7162;91;186;81;Kaskelen;x;
7163;133;189;209;Kopathal;x;
7164;175;192;82;Almaty;x;
7165;7;195;210;Talgar;x;
7166;49;198;83;Kyzyl Suu;x;
7167;91;201;211;Kegen;x;
7168;133;204;84;Qayaliq;x;
7169;175;207;212;Ichiwooq;x;
7170;7;210;85;Altyn-Emel;x;
7171;49;0;213;Taldiqorgan;x;
7172;91;3;86;Kopal;x;
7173;133;6;214;Uchkul;x;
7174;175;9;87;Lyukum;x;
7175;7;12;215;Djusagach;x;
7176;49;15;88;Kokpektinsk;x;
7177;91;18;216;Bazarka;x;
7178;133;21;89;Kokpekty;x;
7179;175;24;217;Cherga;x;
7180;7;27;90;Zatsan;x;
7181;49;30;218;Chuguchak;x;
7182;91;33;91;Ayagoz;x;
7183;133;36;219;Guzkol;x;
7184;175;39;92;Usharal;x;
7185;7;42;220;Lepsink;x;
7186;49;45;93;Bole;x;
7187;91;48;221;Emil;x;
7188;133;51;94;Ala-kul;x;
7189;175;54;222;Sarychulsyn;x;
7190;7;57;95;Baiyang;x;
7191;49;60;223;Toli;x;
7192;91;63;96;Karamay;x;
7193;133;66;224;Modo-Bartik;x;
7194;175;69;97;Ebi-nor;x;
7195;7;72;225;Kuytun;x;
7196;49;75;98;Dahyansi;x;
7197;91;78;226;Jinsko;x;
7198;133;81;99;Koltun;x;
7199;175;84;227;Iliq;x;
7200;7;87;0;Junzi;x;
7201;49;90;128;Tekes;x;
7202;91;93;1;Ghulja;x;
7203;133;96;129;Kash;x;
7204;175;99;2;Musari;x;
7205;7;102;130;Iren-Chabirga;x;
7206;49;105;3;Kunges;x;
7207;91;108;131;Avrautau;x;
7208;133;111;4;Oghuz lakes;x;
7209;175;114;132;Ustyurt Plateau;x;
7210;7;117;5;Kyzylkum;x;
7211;49;120;133;Betpak-Dala;x;
7212;91;123;6;Chimmkent mountains;x;
7213;133;126;134;Saryesik-Atyrau Desert;x;
7214;175;129;7;Southern Balkash wasteland;x;
7215;7;132;135;Tarbagatai mountains;x;
7216;49;135;8;Arslanbob;x;
7217;91;138;136;Sarybulak;x;
7218;133;141;9;Santas;x;
7219;175;144;137;Barbastau;x;
7220;7;147;10;Chubar_KAZ;x;
7221;49;150;138;Manatau;x;
7222;91;153;11;Taisugan;x;
7223;133;156;139;Kyz Imchik;x;
7224;175;159;12;Jaksybai;x;
7225;7;162;140;Isanbai;x;
7226;49;165;13;Ulu-Uil;x;
7227;91;168;141;Sagiz;x;
7228;133;171;14;Hyan;x;
7229;175;174;142;Bakash-aul;x;
7230;7;177;15;Kainar;x;
7231;49;180;143;Zarapan;x;
7232;91;183;16;Jarkul;x;
7233;133;186;144;Basagha;x;
7234;175;189;17;Temir;x;
7235;7;192;145;Ak Su;x;
7236;49;195;18;Sorkul;x;
7237;91;198;146;Tulugai Sor;x;
7238;133;201;19;Baisary;x;
7239;175;204;147;Kos Uba;x;
7240;7;207;20;Airyk;x;
7241;49;210;148;Kos Biryuk;x;
7242;91;0;21;Karabutak;x;
7243;133;3;149;Kum Saï;x;
7244;175;6;22;Chir Kala;x;
7245;7;9;150;Jity Kul;x;
7246;49;12;23;Suvunduk;x;
7247;91;15;151;Atamansku;x;
7248;133;18;24;Kbumak;x;
7249;175;21;152;Dantenkul;x;
7250;7;24;25;Jarli Butak;x;
7251;49;27;153;Jitikul;x;
7252;91;30;26;Kosh Kurbay;x;
7253;133;33;154;Kamichly Kul;x;
7254;175;36;27;Tibis Sor;x;
7255;7;39;155;Kyzyl Yar;x;
7256;49;42;28;Tumar;x;
7257;91;45;156;Murun Tomis;x;
7258;133;48;29;Tatyr Kul;x;
7259;175;51;157;Tusum Kum;x;
7260;7;54;30;Jaman Akkul;x;
7261;49;57;158;Chumkar Kia;x;
7262;91;60;31;Janai Cheku;x;
7263;133;63;159;Jilali;x;
7264;175;66;32;Karalbak;x;
7265;7;69;160;Sor Kuduk;x;
7266;49;72;33;Ulu Jitanjik;x;
7267;91;75;161;Achu;x;
7268;133;78;34;Kyzyl Cheku;x;
7269;175;81;162;Tuzdyn;x;
7270;7;84;35;Jilanjik;x;
7271;49;87;163;Tamdins;x;
7272;91;90;36;Ulytau;x;
7273;133;93;164;Ajutasty;x;
7274;175;96;37;Kaska;x;
7275;7;99;165;Kaptadyr;x;
7276;49;102;38;Jaman Arganaty;x;
7277;91;105;166;Chubar Kul;x;
7278;133;108;39;Kokjetau;x;
7279;175;111;167;Junkur Kul;x;
7280;7;114;40;Koja Kul;x;
7281;49;117;168;Nura;x;
7282;91;120;41;Eghiz Kara;x;
7283;133;123;169;Kara Sor;x;
7284;175;126;42;Konek;x;
7285;7;129;170;Jaksy Kyzy Kurt;x;
7286;49;132;43;Sopak Sor;x;
7287;91;135;171;Kulan Utmas;x;
7288;133;138;44;Bulandy;x;
7289;175;141;172;Ak Tasty;x;
7290;7;144;45;Jasky Kart;x;
7291;49;147;173;Juzbay;x;
7292;91;150;46;Ulenty;x;
7293;133;153;174;Uliuty;x;
7294;175;156;47;Ku-Jeku;x;
7295;7;159;175;Bayan Aulska;x;
7296;49;162;48;Bol Agach;x;
7297;91;165;176;Uch Katyn;x;
7298;133;168;49;Sokur;x;
7299;175;171;177;Karabas;x;
7300;7;174;50;Arkalyk;x;
7301;49;177;178;Bugaly;x;
7302;91;180;51;Altyn Su;x;
7303;133;183;179;Mautan Tas;x;
7304;175;186;52;Tokumbay;x;
7305;7;189;180;Nurtay;x;
7306;49;192;53;Kyzyl Ray;x;
7307;91;195;181;Kent_KAZ;x;
7308;133;198;54;Bos-Tau;x;
7309;175;201;182;Tokobay;x;
7310;7;204;55;Betpa;x;
7311;49;207;183;Manaka;x;
7312;91;210;56;Kuntun Kul;x;
7313;133;0;184;Asaybay;x;
7314;175;3;57;Bulat;x;
7315;7;6;185;Baykara;x;
7316;49;9;58;Targyl;x;
7317;91;12;186;Kara Urunkay;x;
7318;133;15;59;Edreï;x;
7319;175;18;187;Dogolan;x;
7320;7;21;60;Kokchetau;x;
7321;49;24;188;Jildi;x;
7322;91;27;61;Koy-Bagar;x;
7323;133;30;189;Akcha-Adyr;x;
7324;175;33;62;Jiren Suat;x;
7325;7;36;190;Kalmek-Imel;x;
7326;49;39;63;Jorga;x;
7327;91;42;191;Bakanas;x;
7328;133;45;64;Serek;x;
7329;175;48;192;Akjeku;x;
7330;7;51;65;Tulkulam;x;
7331;49;54;193;Kyzyl Küskü;x;
7332;91;57;66;Jinghiz;x;
7333;133;60;194;Degelen;x;
7334;175;63;67;Ak-Taylak;x;
7335;7;66;195;Mukhor;x;
7336;49;69;68;Arkalyk_KAZe;x;
7337;91;72;196;Urta Tau;x;
7338;133;75;69;Arkat;x;
7339;175;78;197;Chulak-Terek;x;
7340;7;81;70;Sasyk Kul;x;
7341;49;84;198;Ayrtau;x;
7342;91;87;71;Kalbin;x;
7343;133;90;199;Kandygataï;x;
7344;175;93;72;Altyn-Kolekis;x;
7345;7;96;200;Aljan;x;
7346;49;99;73;Semey;x;
7347;91;102;201;Uba_KAZ;x;
7348;133;105;74;Öskemen;x;
7349;175;108;202;Ridder;x;
7350;7;111;75;Bukhtarma;x;
7351;49;114;203;Zyryan;x;
7352;91;117;76;Western Kazakh Steppe;x;
7353;133;120;204;Central Kazakh Steppe;x;
7354;175;123;77;Jumek waste;x;
7355;7;126;205;Tekar;x;
7356;49;129;78;Abugan;x;
7357;91;132;206;Jangyztau;x;
7358;133;135;79;Burluk;x;
7359;175;138;207;Dombraly;x;
7360;7;141;80;Chich;x;
7361;49;144;208;Olyn;x;
7362;91;147;81;Kargalin;x;
7363;133;150;209;Tartas_SIB;x;
7364;175;153;82;Gulyus;x;
7365;7;156;210;Om;x;
7366;49;159;83;Sayak;x;
7367;91;162;211;Umiai;x;
7368;133;165;84;Vasyugan;x;
7369;175;168;212;Yugar;x;
7370;7;171;85;Chergana;x;
7371;49;174;213;Yonoir;x;
7372;91;177;86;Parabel;x;
7373;133;180;214;Ubins;x;
7374;175;183;87;Kargat;x;
7375;7;186;215;Igaran;x;
7376;49;189;88;Iau;x;
7377;91;192;216;Chegarka;x;
7378;133;195;89;Konda_ob;x;
7379;175;198;217;Toya;x;
7380;7;201;90;Baksa;x;
7381;49;204;218;Kolyvan;x;
7382;91;207;91;Chik;x;
7383;133;210;219;Kayask;x;
7384;175;0;92;Karasuk;x;
7385;7;3;220;Chulym;x;
7386;49;6;93;Sartlan;x;
7387;91;9;221;Bagan;x;
7388;133;12;94;Topolno;x;
7389;175;15;222;Kacharsku;x;
7390;7;18;95;Lamych;x;
7391;49;21;223;Kuchuk;x;
7392;91;24;96;Dolgo;x;
7393;133;27;224;Kulunda;x;
7394;175;30;97;Kuria;x;
7395;7;33;225;Gorko;x;
7396;49;36;98;Kasmala;x;
7397;91;39;226;Barnaul;x;
7398;133;42;99;Barnaii;x;
7399;175;45;227;Gorkoalei;x;
7400;7;48;0;Kachu;x;
7401;49;51;128;Dolons;x;
7402;91;54;1;Molibay;x;
7403;133;57;129;Poperech;x;
7404;175;60;2;Korginia;x;
7405;7;63;130;Korgon;x;
7406;49;66;3;Aley;x;
7407;91;69;131;Charych;x;
7408;133;72;4;Anyu;x;
7409;175;75;132;Anuy;x;
7410;7;78;5;Katun;x;
7411;49;81;133;Ongutai;x;
7412;91;84;6;Terektai;x;
7413;133;87;134;Chumych;x;
7414;175;90;7;Yeshil Chumych;x;
7415;7;93;135;Sary Chumych;x;
7416;49;96;8;Ojin;x;
7417;91;99;136;Bilbe;x;
7418;133;102;9;Mus Tagh;x;
7419;175;105;137;Kyin;x;
7420;7;108;10;Kara Chumych;x;
7421;49;111;138;Kondoma;x;
7422;91;114;11;Sorok;x;
7423;133;117;139;Our;x;
7424;175;120;12;Kalym;x;
7425;7;123;140;Iaya;x;
7426;49;126;13;Torema;x;
7427;91;129;141;Ob;x;
7428;133;132;14;Berd';x;
7429;175;135;142;Inia;x;
7430;7;138;15;Obchikanak;x;
7431;49;141;143;Salim;x;
7432;91;144;16;Kiia;x;
7433;133;147;144;Yaia;x;
7434;175;150;17;Krolu;x;
7435;7;153;145;Perasku;x;
7436;49;156;18;Taskyl;x;
7437;91;159;146;Yogoran;x;
7438;133;162;19;Kitat;x;
7439;175;165;147;Chulym_bis;x;
7440;7;168;20;Chet;x;
7441;49;171;148;Biriku;x;
7442;91;174;21;Shurysh;x;
7443;133;177;149;Kojuk;x;
7444;175;180;22;Tym;x;
7445;7;183;150;Keljiga;x;
7446;49;186;23;Yutur;x;
7447;91;189;151;Jorugul;x;
7448;133;192;24;Sochur;x;
7449;175;195;152;Yenisei;x;
7450;7;198;25;Yahtin;x;
7451;49;201;153;Belska;x;
7452;91;204;26;Vasyugan Mire N;x;
7453;133;207;154;Vasyugan Mire S;x;
7454;175;210;27;Kulyndy Steppe;x;
7455;7;0;155;Yarkhoto;x;
7456;49;3;28;Turpan;x;
7457;91;6;156;Yidu;x;
7458;133;9;29;Hami;x;
7459;175;12;157;Beshbalik;x;
7460;7;15;30;Fukang;x;
7461;49;18;158;Cheshi;x;
7462;91;21;31;Jimsar;x;
7463;133;24;159;Beilu;x;
7464;175;27;32;Pilu;x;
7465;7;30;160;Yangjibalik;x;
7466;49;33;33;Manas;x;
7467;91;36;161;Wutanzili;x;
7468;133;39;34;Wusu;x;
7469;175;42;162;Barkul;x;
7470;7;45;35;Liaotun;x;
7471;49;48;163;Pulei;x;
7472;91;51;36;Yizhi;x;
7473;133;54;164;Kulris;x;
7474;175;57;37;Kran_DZU;x;
7475;7;60;165;Talta;x;
7476;49;63;38;Irmengtau;x;
7477;91;66;166;Burqin;x;
7478;133;69;39;Qinggil;x;
7479;175;72;167;Chungul;x;
7480;7;75;40;Zagan-gol;x;
7481;49;78;168;Tengerge;x;
7482;91;81;41;Borultokay;x;
7483;133;84;169;Agairik;x;
7484;175;87;42;Bostal;x;
7485;7;90;170;Belesek;x;
7486;49;93;43;Narym_DZU;x;
7487;91;96;171;Kurchum;x;
7488;133;99;44;Kurguni;x;
7489;175;102;172;Torangy Kul;x;
7490;7;105;45;Chaklym;x;
7491;49;108;173;Sarytau;x;
7492;91;111;46;Hoboksar;x;
7493;133;114;174;Tiebuken;x;
7494;175;117;47;Jeminay;x;
7495;7;120;175;Kaerji;x;
7496;49;123;48;Ulan Chuzir;x;
7497;91;126;176;Bulun-Tok;x;
7498;133;129;49;Olon-bulak;x;
7499;175;132;177;Jie_DZU;x;
7500;7;135;50;Sulugu;x;
7501;49;138;178;Cheko;x;
7502;91;141;51;Balgun;x;
7503;133;144;179;Sugi;x;
7504;175;147;52;Kabtag;x;
7505;7;150;180;Chumy-su;x;
7506;49;153;53;Kara Asirgan;x;
7507;91;156;181;Morin Tolochai;x;
7508;133;159;54;Tegurik;x;
7509;175;162;182;Boro Burgasu;x;
7510;7;165;55;Suchatu;x;
7511;49;168;183;Alak-Nor;x;
7512;91;171;56;Gurbantünggüt desert;x;
7513;133;174;184;Dzungar lakes;x;
7514;175;177;57;Khuiten;x;
7515;7;180;185;Khoton;x;
7516;49;183;58;Dayan;x;
7517;91;186;186;Mumo;x;
7518;133;189;59;Khoyorgol;x;
7519;175;192;187;Bayan Nuur;x;
7520;7;195;60;Longcheng;x;
7521;49;198;188;Khogno Khan;x;
7522;91;201;61;Batkhaan;x;
7523;133;204;189;Shankh;x;
7524;175;207;62;Hanhai;x;
7525;7;210;190;Karabalgasun;x;
7526;49;0;63;Ogiy;x;
7527;91;3;191;Khanjargalant;x;
7528;133;6;64;Erdenet;x;
7529;175;9;192;Ishgent;x;
7530;7;12;65;Sharga_OTU;x;
7531;49;15;193;Bulgan Uul;x;
7532;91;18;66;Ulaanbaatar;x;
7533;133;21;194;Moltsog Els;x;
7534;175;24;67;Hustai;x;
7535;7;27;195;Orkhontuul;x;
7536;49;30;68;Oarkhan Uul;x;
7537;91;33;196;Tuul Khentii;x;
7538;133;36;69;Gorkhii-Terelj;x;
7539;175;39;197;Khentii;x;
7540;7;42;70;Burkal;x;
7541;49;45;198;Chikoy_OGR;x;
7542;91;48;71;Naushki;x;
7543;133;51;199;Baibalik;x;
7544;175;54;72;Namnan Uul;x;
7545;7;57;200;Airkhan;x;
7546;49;60;73;Erkhel;x;
7547;91;63;201;Khokhoo;x;
7548;133;66;74;Dayan-Deerkhiin;x;
7549;175;69;202;Khargal;x;
7550;7;72;75;Karatsagaan;x;
7551;49;75;203;Jida;x;
7552;91;78;76;Buteeliin Nuruu;x;
7553;133;81;204;Khamar-Daban;x;
7554;175;84;77;Galuut Nuur;x;
7555;7;87;205;Selenga;x;
7556;49;90;78;Arshan;x;
7557;91;93;206;Kyngarga;x;
7558;133;96;79;Dachi Gama;x;
7559;175;99;207;Khasagt Khairkhan;x;
7560;7;102;80;Gegeen;x;
7561;49;105;208;Taigan;x;
7562;91;108;81;Bombogor;x;
7563;133;111;209;Boon Tsagaan;x;
7564;175;114;82;Khutag;x;
7565;7;117;210;Tuin;x;
7566;49;120;83;Orog;x;
7567;91;123;211;Khuisiin Naiman Nuur;x;
7568;133;126;84;Taatsiin Tsagaan;x;
7569;175;129;212;Myangan Yamaat;x;
7570;7;132;85;Ongi;x;
7571;49;135;213;Guchin-Us;x;
7572;91;138;86;Arvaikheer;x;
7573;133;141;214;Tovkhon;x;
7574;175;144;87;Oigon;x;
7575;7;147;215;Telmen;x;
7576;49;150;88;Ikh Uul;x;
7577;91;153;216;Tsetsen Khairkhan;x;
7578;133;156;89;Ulaagchiin Khar;x;
7579;175;159;217;Uliastai;x;
7580;7;162;90;Otgontenger;x;
7581;49;165;218;Galt;x;
7582;91;168;91;Tariat;x;
7583;133;171;219;Karates;x;
7584;175;174;92;Sangiin Dalai;x;
7585;7;177;220;Tomorbulag;x;
7586;49;180;93;Dood Tsagaan Nuur;x;
7587;91;183;221;Ulaantaiga;x;
7588;133;186;94;Darkhad;x;
7589;175;189;222;Khoridol Saridag;x;
7590;7;192;95;Bumbag Hayrhan Uul;x;
7591;49;195;223;Alag Khairkhan;x;
7592;91;198;96;Tseel;x;
7593;133;201;224;Nutsgen Uul;x;
7594;175;204;97;Eej Khairkhan;x;
7595;7;207;225;Zarman;x;
7596;49;210;98;Uvs Nuur;x;
7597;91;0;226;Ulaangom;x;
7598;133;3;99;Turgen;x;
7599;175;6;227;Khyarhgas;x;
7600;7;9;0;Tesiin Gol;x;
7601;49;12;128;Bayan_UVS;x;
7602;91;15;1;Altan Els;x;
7603;133;18;129;Khan Khokhii;x;
7604;175;21;2;Khan Huhiin;x;
7605;7;24;130;Airag;x;
7606;49;27;3;Urgamal;x;
7607;91;30;131;Setsen Sart;x;
7608;133;33;4;Durgun;x;
7609;175;36;132;Elsen Tasarkhai;x;
7610;7;39;5;Khar Us;x;
7611;49;42;133;Achit Nuur;x;
7612;91;45;6;Tsagan Shibetu;x;
7613;133;48;134;Turgen Uul;x;
7614;175;51;7;Tal-Tugal;x;
7615;7;54;135;Tsambagarau;x;
7616;49;57;8;Munkh-Khairkhan;x;
7617;91;60;136;Saryg-Sep;x;
7618;133;63;9;Por-Bajin;x;
7619;175;66;137;Tapsa;x;
7620;7;69;10;Ikh Nogoon;x;
7621;49;72;138;Ak-Altyg Khol;x;
7622;91;75;11;Bilin;x;
7623;133;78;139;Eki-Khem;x;
7624;175;81;12;Azas;x;
7625;7;84;140;Turgen Uul_bis;x;
7626;49;87;13;Mungun Taiga;x;
7627;91;90;141;Khindigtik Khol;x;
7628;133;93;14;Khemchiq;x;
7629;175;96;142;Sagly;x;
7630;7;99;15;Despen;x;
7631;49;102;143;Altyn Kol;x;
7632;91;105;16;Katu-Yaryk;x;
7633;133;108;144;Kara-Khol_TUV;x;
7634;175;111;17;Tsagaan Gazar;x;
7635;7;114;145;Gosudar;x;
7636;49;117;18;Sutkhol;x;
7637;91;120;146;Kantegir;x;
7638;133;123;19;Sayanchu;x;
7639;175;126;147;Stoyanka;x;
7640;7;129;20;Urbun;x;
7641;49;132;148;Ulaan Gol;x;
7642;91;135;21;Arja;x;
7643;133;138;149;Julym;x;
7644;175;141;22;Yezagash;x;
7645;7;144;150;Uchum;x;
7646;49;147;23;Ulugkol;x;
7647;91;150;151;Sosno;x;
7648;133;153;24;Jerjul;x;
7649;175;156;152;Argyjek;x;
7650;7;159;25;Sisim;x;
7651;49;162;153;Tuba_TUV;x;
7652;91;165;26;Shinda;x;
7653;133;168;154;Kizir;x;
7654;175;171;27;Anja_TUV;x;
7655;7;174;155;Tofa Nuruud;x;
7656;49;177;28;Tiberkul;x;
7657;91;180;156;Bolsho Kyzylkul;x;
7658;133;183;29;Kop Golyn;x;
7659;175;186;157;Amyl;x;
7660;7;189;30;Borus;x;
7661;49;192;158;Kuztom;x;
7662;91;195;31;Kuzalatau;x;
7663;133;198;159;Kuznetsk;x;
7664;175;201;32;Kondoma_MON;x;
7665;7;204;160;Mrassu;x;
7666;49;207;33;Khartomor Uul;x;
7667;91;210;161;Shor;x;
7668;133;0;34;Abaza;x;
7669;175;3;162;Granuul;x;
7670;7;6;35;Tofalaria;x;
7671;49;9;163;Miirchun;x;
7672;91;12;36;Ikh Orgil;x;
7673;133;15;164;Kandat Uul;x;
7674;175;18;37;Kazyr;x;
7675;7;21;165;Kazas;x;
7676;49;24;38;Ergaki;x;
7677;91;27;166;Orgogdon Rok;x;
7678;133;30;39;Baldyrgannyg;x;
7679;175;33;167;Karauda;x;
7680;7;36;40;Iya_TUV;x;
7681;49;39;168;Doloon Nuur;x;
7682;91;42;41;Shityy;x;
7683;133;45;169;Tsagaan Kropot;x;
7684;175;48;42;Dibi_TUV;x;
7685;7;51;170;Kropot;x;
7686;49;54;43;Urik;x;
7687;91;57;171;Setgel Uul;x;
7688;133;60;44;Khurel Uul;x;
7689;175;63;172;Monkh Saridag;x;
7690;7;66;45;Ulan-Ude;x;
7691;49;69;173;Altaichei;x;
7692;91;72;46;Khudan_BUR;x;
7693;133;75;174;Saranka;x;
7694;175;78;47;Chikoy;x;
7695;7;81;175;Khilok;x;
7696;49;84;48;Oungo;x;
7697;91;87;176;Kabans;x;
7698;133;90;49;Itantsa;x;
7699;175;93;177;Kotokel;x;
7700;7;96;50;Yera;x;
7701;49;99;178;Shilmuustoi;x;
7702;91;102;51;Zuunbaykal;x;
7703;133;105;179;Vitimkan;x;
7704;175;108;52;Bargajan;x;
7705;7;111;180;Frolikha;x;
7706;49;114;53;Jergin;x;
7707;91;117;181;Muya;x;
7708;133;120;54;Kotera;x;
7709;175;123;182;Gants Khondii;x;
7710;7;126;55;Mamakhondii;x;
7711;49;129;183;Shugel Ondor;x;
7712;91;132;56;Vitimkhad;x;
7713;133;135;184;Karamuya;x;
7714;175;138;57;Vitim;x;
7715;7;141;185;Chuulunuruu;x;
7716;49;144;58;Chonoshud;x;
7717;91;147;186;Karaoi;x;
7718;133;150;59;Alskholoi;x;
7719;175;153;187;Chuya;x;
7720;7;156;60;Kirenga;x;
7721;49;159;188;Nogoon-naluu;x;
7722;91;162;61;Cherskogo;x;
7723;133;165;189;Baigalan Chaya;x;
7724;175;168;62;Daoroouul;x;
7725;7;171;190;Khilgazar;x;
7726;49;174;63;Khuldursgal;x;
7727;91;177;191;Ryty;x;
7728;133;180;64;Berikul;x;
7729;175;183;192;Chikan;x;
7730;7;186;65;Kutukan Ondort;x;
7731;49;189;193;Ichikta;x;
7732;91;192;66;Lena;x;
7733;133;195;194;Kem_MON;x;
7734;175;198;67;Kemchug;x;
7735;7;201;195;Stolby;x;
7736;49;204;68;Mana_MON;x;
7737;91;207;196;Kyzyl-Kan;x;
7738;133;210;69;Shishina;x;
7739;175;0;197;Taseya;x;
7740;7;3;70;Nemkina;x;
7741;49;6;198;Biriusa;x;
7742;91;9;71;Kansk;x;
7743;133;12;199;Khoidkhiliin;x;
7744;175;15;72;Tagul;x;
7745;7;18;200;Agul;x;
7746;49;21;73;Narsgol;x;
7747;91;24;201;Moson Kholtos;x;
7748;133;27;74;Chuna;x;
7749;175;30;202;Tsartsanmod;x;
7750;7;33;75;Biryusa;x;
7751;49;36;203;Khereeoi;x;
7752;91;39;76;Tsasengiin;x;
7753;133;42;204;Bratsk;x;
7754;175;45;77;Bugyntalbar;x;
7755;7;48;205;Kaduy;x;
7756;49;51;78;Tulun;x;
7757;91;54;206;Kirei;x;
7758;133;57;79;Angaragiin Degee;x;
7759;175;60;207;Kymyl'Tey;x;
7760;7;63;80;Zima_MON;x;
7761;49;66;208;Okangara;x;
7762;91;69;81;Bisha_MON;x;
7763;133;72;209;Mori Kliringiin;x;
7764;175;75;82;Kada_MON;x;
7765;7;78;210;Alyaty;x;
7766;49;81;83;Kurkat;x;
7767;91;84;211;Noty;x;
7768;133;87;84;Kitoi;x;
7769;175;90;212;Olkha;x;
7770;7;93;85;Gatsuurgazar;x;
7771;49;96;213;Khoosonoi;x;
7772;91;99;86;Ilim_MON;x;
7773;133;102;214;Ilga;x;
7774;175;105;87;Ivda;x;
7775;7;108;215;Osa_MON;x;
7776;49;111;88;Kuda_MON;x;
7777;91;114;216;Manzurka;x;
7778;133;117;89;Olkhon;x;
7779;175;120;217;Bugulde;x;
7780;7;123;90;Irkutsk;x;
7781;49;126;218;Gobi-Altai South;x;
7782;91;129;91;Gobi-Altai;x;
7783;133;132;219;Khangai;x;
7784;175;135;92;Khovsgod Mountains;x;
7785;7;138;220;Darkhad Mountains;x;
7786;49;141;93;Eastern Sayan Mountains;x;
7787;91;144;221;TIBET IMPASSABLE;x;
7788;133;147;94;Suraparaka;x;
7789;175;150;222;Ambaranatha;x;
7790;7;153;95;Chaul;x;
7791;49;156;223;Dabhol;x;
7792;91;159;96;Chiplun;x;
7793;133;162;224;Kollapura;x;
7794;175;165;97;Panaji;x;
7795;7;168;225;Hinawr;x;
7796;49;171;98;Eastern Ghats (E);x;
7797;91;174;226;Mangalur;x;
7798;133;177;99;Kannanur;x;
7799;175;180;227;Malappuram;x;
7800;7;183;0;Palakkad;x;
7801;49;186;128;Kunjakari;x;
7802;91;189;1;Kottayam;x;
7803;133;192;129;Kollam;x;
7804;175;195;2;Kovai;x;
7805;7;198;130;Tiruppur;x;
7806;49;201;3;Dindigul;x;
7807;91;204;131;Uraiyur;x;
7808;133;207;4;Sivaganga;x;
7809;175;210;132;Rameshvaram;x;
7810;7;0;5;Virudhukkalvetti;x;
7811;49;3;133;Sivakasi;x;
7812;91;6;6;Korkai;x;
7813;133;9;134;Kayal;x;
7814;175;12;7;Kottar;x;
7815;7;15;135;Togarakunta;x;
7816;49;18;8;Anantapur;x;
7817;91;21;136;Puspagiri;x;
7818;133;24;9;Vallurapura;x;
7819;175;27;137;Mangalavada;x;
7820;7;30;10;Melpadi;x;
7821;49;33;138;Kalahasti;x;
7822;91;36;11;Nandi;x;
7823;133;39;139;Nangali;x;
7824;175;42;12;Muluvagil;x;
7825;7;45;140;Padaividu;x;
7826;49;48;13;Takkaloma;x;
7827;91;51;141;Mamallapuram;x;
7828;133;54;14;Kuvalala;x;
7829;175;57;142;Kudalasangama_bis;x;
7830;7;60;15;Tiruvannamalai;x;
7831;49;63;143;Uttaramerur;x;
7832;91;66;16;Jinji;x;
7833;133;69;144;Kelrayan;x;
7834;175;72;17;Srirangam;x;
7835;7;75;145;Tirukoilur;x;
7836;49;78;18;Kannanur_2;x;
7837;91;81;146;Gangaikondacolapuram;x;
7838;133;84;19;Nagapattinam;x;
7839;175;87;147;Pondugala;x;
7840;7;90;20;Ittagi;x;
7841;49;93;148;Sriparvata;x;
7842;91;96;21;Addanki;x;
7843;133;99;149;Mudivemu;x;
7844;175;102;22;Ahobalam;x;
7845;7;105;150;Bhairavunikonda;x;
7846;49;108;23;Mutfili;x;
7847;91;111;151;Mercara;x;
7848;133;114;24;Moyar;x;
7849;175;117;152;Seringapatam;x;
7850;7;120;25;Masur;x;
7851;49;123;153;Shringeri;x;
7852;91;126;26;Arka;x;
7853;133;129;154;Kudala;x;
7854;175;132;27;Kandanavolu;x;
7855;7;135;155;Adoni;x;
7856;49;138;28;Adavani;x;
7857;91;141;156;Gutti;x;
7858;133;144;29;Vijayanagara;x;
7859;175;147;157;Kampili;x;
7860;7;150;30;Nidugallu;x;
7861;49;153;158;Basavapattana;x;
7862;91;156;31;Hemavati;x;
7863;133;159;159;Honnavalli;x;
7864;175;162;32;Parivi;x;
7865;7;165;160;Belapura;x;
7866;49;168;33;Shravana_Belgola;x;
7867;91;171;161;Sosavur;x;
7868;133;174;34;Kurundaka;x;
7869;175;177;162;Pranala;x;
7870;7;180;35;Belgaum;x;
7871;49;183;163;Keladi;x;
7872;91;186;36;Hubli;x;
7873;133;189;164;Hangal;x;
7874;175;192;37;Koppam;x;
7875;7;195;165;Vankapura;x;
7876;49;198;38;Anegandi;x;
7877;91;201;166;Mushangi;x;
7878;133;204;39;Raichur;x;
7879;175;207;167;Karahataka;x;
7880;7;210;40;Bhimashankara;x;
7881;49;0;168;Pundarika;x;
7882;91;3;41;Karhada;x;
7883;133;6;169;Miraj;x;
7884;175;9;42;Hastikundi;x;
7885;7;12;170;Vijayapura_bis;x;
7886;49;15;43;Bagavadi;x;
7887;91;18;171;Kembavi;x;
7888;133;21;44;Jirnanagara;x;
7889;175;24;172;Patkapur;x;
7890;7;27;45;Sholapur;x;
7891;49;30;173;Purnagiri;x;
7892;91;33;46;Ausa;x;
7893;133;36;174;Ahmadnagar;x;
7894;175;39;47;Bhid;x;
7895;7;42;175;Darur;x;
7896;49;45;48;Qandhar;x;
7897;91;48;176;Seunapura;x;
7898;133;51;49;Ankai;x;
7899;175;54;177;Elapura;x;
7900;7;57;50;Jhodga;x;
7901;49;60;178;Gulbarga;x;
7902;91;63;51;Yetagiri;x;
7903;133;66;179;Golkonda;x;
7904;175;69;52;Nalgonda;x;
7905;7;72;180;Devarakonda;x;
7906;49;75;53;Indur;x;
7907;91;78;181;Kaulas;x;
7908;133;81;54;Palampet;x;
7909;175;84;182;Vinukonda;x;
7910;7;87;55;Palwancha;x;
7911;49;90;183;Polavaram;x;
7912;91;93;56;Ellur;x;
7913;133;96;184;Bhadracala;x;
7914;175;99;57;Malkangiri;x;
7915;7;102;185;Chutur;x;
7916;49;105;58;Draksharama;x;
7917;91;108;186;Jalna;x;
7918;133;111;59;Sindkhed;x;
7919;175;114;187;Bhainsa;x;
7920;7;117;60;Nirmal;x;
7921;49;120;188;Mahur;x;
7922;91;123;61;Kerimeri;x;
7923;133;126;189;Mancherial;x;
7924;175;129;62;Mekhar;x;
7925;7;132;190;Amraoti;x;
7926;49;135;63;Kalam;x;
7927;91;138;191;Wun;x;
7928;133;141;64;Kundina;x;
7929;175;144;192;Nagpur;x;
7930;7;147;65;Bhandara;x;
7931;49;150;193;Seoni;x;
7932;91;153;66;Lanjika;x;
7933;133;156;194;Mungeli;x;
7934;175;159;67;Nandgram;x;
7935;7;162;195;Gondia;x;
7936;49;165;68;Southwestern Ghats;x;
7937;91;168;196;Palakkad Pass;x;
7938;133;171;69;Western Ghats (S);x;
7939;175;174;197;Western Ghats (M);x;
7940;7;177;70;Western Ghats (NS);x;
7941;49;180;198;TIBET IMPASSABLE;x;
7942;91;183;71;Western Ghats (NN);x;
7943;133;186;199;Eastern Ghats (W);x;
7944;175;189;72;Sadhaura;x;
7945;7;192;200;Brahmapura;x;
7946;49;195;73;Campa2;x;
7947;91;198;201;Waihind;x;
7948;133;201;74;Allai;x;
7949;175;204;202;Kaghan;x;
7950;7;207;75;Chilas;x;
7951;49;210;203;Kalam_TARIM;x;
7952;91;0;76;Shandur;x;
7953;133;3;204;Golaghmuli;x;
7954;175;6;77;Yasin;x;
7955;7;9;205;Naltar;x;
7956;49;12;78;Baltit;x;
7957;91;15;206;Tashkurgan;x;
7958;133;18;79;Yengisar;x;
7959;175;21;207;Makit;x;
7960;7;24;80;Yopurga;x;
7961;49;27;208;Yengi_Xahar;x;
7962;91;30;81;Kona_Xahar;x;
7963;133;33;209;Akto;x;
7964;175;36;82;Muji;x;
7965;7;39;210;Badakhshan_TARIM;x;
7966;49;42;83;Ulugqat;x;
7967;91;45;211;Terek;x;
7968;133;48;84;Atus;x;
7969;175;51;212;Maralbeshi;x;
7970;7;54;85;Barchuk;x;
7971;49;57;213;Tumshuk;x;
7972;91;60;86;Uch_TARIM;x;
7973;133;63;214;Stwerap;x;
7974;175;66;87;Jigdalik;x;
7975;7;69;215;Duldulokur;x;
7976;49;72;88;Toksu;x;
7977;91;75;216;Shayar;x;
7978;133;78;89;Bugur_TARIM;x;
7979;175;81;217;Subashi;x;
7980;7;84;90;Luntai;x;
7981;49;87;218;Shorchuk;x;
7982;91;90;91;Nasi_Erkule;x;
7983;133;93;219;Bosten;x;
7984;175;96;92;Narinkira;x;
7985;7;99;220;Toksun;x;
7986;49;102;93;Bezeklik;x;
7987;91;105;221;Sengim;x;
7988;133;108;94;Korla;x;
7989;175;111;222;Kongque;x;
7990;7;114;95;Turin_TARIM;x;
7991;49;117;223;Tikenik;x;
7992;91;120;96;Argan;x;
7993;133;123;224;Chelik;x;
7994;175;126;97;Kumtag;x;
7995;7;129;225;Shule_river;x;
7996;49;132;98;Dafang;x;
7997;91;135;226;Nanhu_TARIM;x;
7998;133;138;99;Omotrunnaisse;x;
7999;175;141;227;Miran;x;
8000;8;144;0;GANEBOAFO;x;
8001;50;147;128;ATEBUBU;x;
8002;92;150;1;DONKORO_NKWANTA;x;
8003;134;153;129;MAMPON;x;
8004;176;156;2;BASSA-AFRAM;x;
8005;8;159;130;AFRAM;x;
8006;50;162;3;KWAHU-SOUTH;x;
8007;92;165;131;PRANG;x;
8008;134;168;4;ASANTE_MANSO;x;
8009;176;171;132;KUMASI;x;
8010;8;174;5;BEKWAI;x;
8011;50;177;133;MANSO_NKWANTA;x;
8012;92;180;6;ADABOYE;x;
8013;134;183;134;ADANSE_MANSO;x;
8014;176;186;7;BUKURUWA;x;
8015;8;189;135;SHAI;x;
8016;50;192;8;ACCRA;x;
8017;92;195;136;MANKESSIM;x;
8018;134;198;9;ELMINA;x;
8019;176;201;137;SHAMA;x;
8020;8;204;10;BEYIN;x;
8021;50;207;138;WASSA;x;
8022;92;210;11;TARKWA;x;
8023;134;0;139;ASSIN;x;
8024;176;3;12;SANWI;x;
8025;8;6;140;AOWIN;x;
8026;50;9;13;SEHWI;x;
8027;92;12;141;NDENYE;x;
8028;134;15;14;MIDDLE_TANO;x;
8029;176;18;142;DIABE;x;
8030;8;21;15;AKPAFU;x;
8031;50;24;143;WUSUTA;x;
8032;92;27;16;AMEZDOFE;x;
8033;134;30;144;NOTSE;x;
8034;176;33;17;TODO;x;
8035;8;36;145;LOME;x;
8036;50;39;18;KETA;x;
8037;92;42;146;NANUMBA;x;
8038;134;45;19;KETE_KARACHI;x;
8039;176;48;147;ATAKPAME;x;
8040;8;51;20;ABOMEY;x;
8041;50;54;148;WHYIDAH;x;
8042;92;57;21;SOKODE;x;
8043;134;60;149;KOTOKOL;x;
8044;176;63;22;UPPER_MONO;x;
8045;8;66;150;KPESSI;x;
8046;50;69;23;SAVALU;x;
8047;92;72;151;WEME;x;
8048;134;75;24;SHABE;x;
8049;176;78;152;SAVE;x;
8050;8;81;25;KETU;x;
8051;50;84;153;IFONYIN;x;
8052;92;87;26;BADAGRY;x;
8053;134;90;154;ILARO;x;
8054;176;93;27;IBARAPA;x;
8055;8;96;155;IGANA;x;
8056;50;99;28;ISEYIN;x;
8057;92;102;156;IGBODO-SAKI;x;
8058;134;105;29;OTEFAN;x;
8059;176;108;157;OGBOMOSO;x;
8060;8;111;30;OYO;x;
8061;50;114;158;IJAYE;x;
8062;92;117;31;IBADAN;x;
8063;134;120;159;ABEOKUTA;x;
8064;176;123;32;IKORODU;x;
8065;8;126;160;IJEBU;x;
8066;50;129;33;OWU;x;
8067;92;132;161;OSHUN;x;
8068;134;135;34;ILE-IFE;x;
8069;176;138;162;IJESHA;x;
8070;8;141;35;SILUKO;x;
8071;50;144;163;BENIN;x;
8072;92;147;36;BENIN-CITY;x;
8073;134;150;164;EDO;x;
8074;176;153;37;OWO;x;
8075;8;156;165;ONDO;x;
8076;50;159;38;OSSE;x;
8077;92;162;166;LOKOJA;x;
8078;134;165;39;KAKANDA;x;
8079;176;168;167;IKARE;x;
8080;8;171;40;EKITI;x;
8081;50;174;168;AJASE_IPO;x;
8082;92;177;41;IDOFIAN;x;
8083;134;180;169;GIRAGI;x;
8084;176;183;42;YAGBA;x;
8085;8;186;170;KYADYA;x;
8086;50;189;43;ODE_ITSERIKI;x;
8087;92;192;171;NEMBE;x;
8088;134;195;44;BENIN_MARSHES;x;
8089;176;198;172;NIGER_MARSHES;x;
8090;8;201;45;ASANTE_HILLS;x;
8091;50;204;173;TOGO_UPLANDS;x;
8092;92;207;46;river_niger_delta;x;
8093;134;210;174;river_niger;x;
8094;176;0;47;river_niger;x;
8095;8;3;175;river_niger;x;
8096;50;6;48;river_bussa_rapids;x;
8097;92;9;176;JOS_PLATEAU;x;
8098;134;12;49;NIMBA_MOUNTS;x;
8099;176;15;177;GUINEA_UPLANDS;x;
8100;8;18;50;LOWER_GUARA;x;
8101;50;21;178;UMAISHA;x;
8102;92;24;51;OPANDA;x;
8103;134;27;179;GUWARI;x;
8104;176;30;52;MODA;x;
8105;8;33;180;KEFFI;x;
8106;50;36;53;GBAGYE;x;
8107;92;39;181;IGALA;x;
8108;134;42;54;IBAH;x;
8109;176;45;182;ABAKALIKI;x;
8110;8;48;55;IGBO-UKWU;x;
8111;50;51;183;ONITSHA;x;
8112;92;54;56;NSUKKA;x;
8113;134;57;184;EAST_IGALA;x;
8114;176;60;57;SOUTH_IGBO;x;
8115;8;63;185;BONNY;x;
8116;50;66;58;OKRIKA;x;
8117;92;69;186;CALABAR;x;
8118;134;72;59;CHUKWU;x;
8119;176;75;187;UBURU;x;
8120;8;78;60;OTUKPO;x;
8121;50;81;188;IDOMA;x;
8122;92;84;61;BENDE;x;
8123;134;87;189;BOHI;x;
8124;176;90;62;ZANZAN;x;
8125;8;93;190;NASSIAN;x;
8126;50;96;63;KULANGO;x;
8127;92;99;191;KONG;x;
8128;134;102;64;DABAKALA;x;
8129;176;105;192;GYIMINI;x;
8130;8;108;65;SENUFO;x;
8131;50;111;193;BOUAKE;x;
8132;92;114;66;MIDDLE_NZI;x;
8133;134;117;194;SATAMA-SOKORO;x;
8134;176;120;67;EASTERN_NZI;x;
8135;8;123;195;EAST_ATTIE;x;
8136;50;126;68;NORTH_ATTIE;x;
8137;92;129;196;ATTIE;x;
8138;134;132;69;WEST_ATTIE;x;
8139;176;135;197;BORON;x;
8140;8;138;70;BORON-NORTH;x;
8141;50;141;198;BANDAMA;x;
8142;92;144;71;KWENI-EAST;x;
8143;134;147;199;BOU;x;
8144;176;150;72;DABOU;x;
8145;8;153;200;TIAGBA;x;
8146;50;156;73;KWENI;x;
8147;92;159;201;WORODUGU;x;
8148;134;162;74;SEGUELA;x;
8149;176;165;202;KORO;x;
8150;8;168;75;BARALA;x;
8151;50;171;203;MAU;x;
8152;92;174;76;BAFINKO;x;
8153;134;177;204;TURA;x;
8154;176;180;77;TOUBA;x;
8155;8;183;205;WORODUGU_EAST;x;
8156;50;186;78;KARAGWA;x;
8157;92;189;206;BEYTA;x;
8158;134;192;79;MUSADUGU;x;
8159;176;195;207;MACENTA;x;
8160;8;198;80;TOMA2;x;
8161;50;201;208;BUZYE;x;
8162;92;204;81;GUERZE;x;
8163;134;207;209;FALANKO;x;
8164;176;210;82;KISSI;x;
8165;8;0;210;MARA;x;
8166;50;3;83;LELE;x;
8167;92;6;211;DA;x;
8168;134;9;84;MAN;x;
8169;176;12;212;SERADU;x;
8170;8;15;85;MAFINDI-KABAYA;x;
8171;50;18;213;FIRIYA;x;
8172;92;21;86;MUSALA;x;
8173;134;24;214;SOLIMANA;x;
8174;176;27;87;LIMBA;x;
8175;8;30;215;KURANKA;x;
8176;50;33;88;KUNIKI;x;
8177;92;36;216;KOKUNYA;x;
8178;134;39;89;TAMISO;x;
8179;176;42;217;TONKO;x;
8180;8;45;90;KAMABAI-SANDA;x;
8181;50;48;218;BOMBALI;x;
8182;92;51;91;UPPER_BAFING;x;
8183;134;54;219;TIMBO;x;
8184;176;57;92;LABE;x;
8185;8;60;220;KULA;x;
8186;50;63;93;TIMBI_TUNNI;x;
8187;92;66;221;BILIMA;x;
8188;134;69;94;GOMBA;x;
8189;176;72;222;BENNA;x;
8190;8;75;95;KANEYA;x;
8191;50;78;223;KONKURE;x;
8192;92;81;96;KOMPELA;x;
8193;134;84;224;BAMBAYA;x;
8194;176;87;97;WAASU;x;
8195;8;90;225;GEME;x;
8196;50;93;98;KAADE;x;
8197;92;96;226;BUSURA;x;
8198;134;99;99;NDAMA;x;
8199;176;102;227;TOMBO;x;
8200;8;105;0;BOULOM;x;
8201;50;108;128;KURAMORA;x;
8202;92;111;1;ZILM;x;
8203;134;114;129;KOKASU;x;
8204;176;117;2;KONO;x;
8205;8;120;130;BOLM;x;
8206;50;123;3;BANDAMA-WEST;x;
8207;92;126;131;BOUBO;x;
8208;134;129;4;GAGNOA;x;
8209;176;132;132;DAVO;x;
8210;8;135;5;UPPER_LOBO;x;
8211;50;138;133;LOWER_LOBO;x;
8212;92;141;6;KONDO;x;
8213;134;144;134;FOLGUE_KARU;x;
8214;176;147;7;KPELLE;x;
8215;8;150;135;GBANSHAY;x;
8216;50;153;8;GEBBA;x;
8217;92;156;136;BASSA;x;
8218;134;159;9;NUON;x;
8219;176;162;137;MANON;x;
8220;8;165;10;KRAWI;x;
8221;50;168;138;GREBO;x;
8222;92;171;11;WENYON;x;
8223;134;174;139;PUTU;x;
8224;176;177;12;TABU;x;
8225;8;180;140;LOWER_GREBO;x;
8226;50;183;13;WEST_KRU;x;
8227;92;186;141;SASSANDRA;x;
8228;134;189;14;NZO;x;
8229;176;192;142;EAST_KRU;x;
8230;8;195;15;NEYO;x;
8231;50;198;143;DIBRI;x;
8232;92;201;16;BUNDU;x;
8233;134;204;144;TENDA;x;
8234;176;207;17;NIOKOLO;x;
8235;8;210;145;DAMANTAN;x;
8236;50;0;18;WOORA_SAABE;x;
8237;92;3;146;BAJAR;x;
8238;134;6;19;KENSALA;x;
8239;176;9;147;KANTOR;x;
8240;8;12;20;NAANI;x;
8241;50;15;148;MBOUNE;x;
8242;92;18;21;WULI;x;
8243;134;21;149;BADIBU;x;
8244;176;24;22;SAALUM;x;
8245;8;27;150;NIUMI;x;
8246;50;30;23;SINE;x;
8247;92;33;151;KAHONE;x;
8248;134;36;24;NAMANDIROU;x;
8249;176;39;152;DANKI;x;
8250;8;42;25;LINGUERE;x;
8251;50;45;153;TYENG;x;
8252;92;48;26;LAA2;x;
8253;134;51;154;LAMBAYE;x;
8254;176;54;27;YOFF;x;
8255;8;57;155;MBUL;x;
8256;50;60;28;PAKALA;x;
8257;92;63;156;OUARAK;x;
8258;134;66;29;MBOYNANE;x;
8259;176;69;157;KOMBO;x;
8260;8;72;30;FOGNY;x;
8261;50;75;158;BAINUK;x;
8262;92;78;31;KIANG;x;
8263;134;81;159;NIAMINA;x;
8264;176;84;32;TOUMANA;x;
8265;8;87;160;GABOU;x;
8266;50;90;33;PAKAO;x;
8267;92;93;161;PAKANE;x;
8268;134;96;34;BIRASU;x;
8269;176;99;162;ACHUM;x;
8270;8;102;35;MANSOA;x;
8271;50;105;163;BIJAGOS;x;
8272;92;108;36;PEPEL;x;
8273;134;111;164;BAKE;x;
8274;176;114;37;GUINALA;x;
8275;8;117;165;NALU;x;
8276;50;120;38;JAGARA;x;
8277;92;123;166;KASA;x;
8278;134;126;39;MASSAWA;x;
8279;176;129;167;DEHONO;x;
8280;8;132;40;DAHLAK_KEBIR;x;
8281;50;135;168;GIMHILE;x;
8282;92;138;41;HAMASEN;x;
8283;134;141;169;SERAYE;x;
8284;176;144;42;QOHAITO;x;
8285;8;147;170;SHIMAZANA;x;
8286;50;150;43;BURI;x;
8287;92;153;171;BUR;x;
8288;134;156;44;MATARA;x;
8289;176;159;172;AKSUM;x;
8290;8;162;45;SOUTH_SERAYE;x;
8291;50;165;173;TIGRE;x;
8292;92;168;46;WALDABBA;x;
8293;134;171;174;JOHA;x;
8294;176;174;47;WIQRO;x;
8295;8;177;175;INTARTA;x;
8296;50;180;48;QIHA;x;
8297;92;183;176;TEKEZE;x;
8298;134;186;49;LASTA;x;
8299;176;189;177;ADAFA;x;
8300;8;192;50;DOBA;x;
8301;50;195;178;LALIBELA;x;
8302;92;198;51;WEGERA;x;
8303;134;201;179;KOSOGE;x;
8304;176;204;52;SEMIEN;x;
8305;8;207;180;FALASHA;x;
8306;50;210;53;BELASA;x;
8307;92;0;181;DEMBIYA;x;
8308;134;3;54;ANGOT;x;
8309;176;6;182;BEGEMDIR;x;
8310;8;9;55;SANA;x;
8311;50;12;183;GOUZARA;x;
8312;92;15;56;GONDAR;x;
8313;134;18;184;GALILA;x;
8314;176;21;57;UPPER_DINDER;x;
8315;8;24;185;DINDER;x;
8316;50;27;58;BAD;x;
8317;92;30;186;KIBRAN;x;
8318;134;33;59;BASHILA;x;
8319;176;36;187;GISHE;x;
8320;8;39;60;BAHIR _GIYORGIS;x;
8321;50;42;188;GOJJAM;x;
8322;92;45;61;WARQ;x;
8323;134;48;189;DIMA;x;
8324;176;51;62;AMHARA;x;
8325;8;54;190;EAST_AMHARA;x;
8326;50;57;63;HAYQ;x;
8327;92;60;191;GIDIM;x;
8328;134;63;64;WAGDA;x;
8329;176;66;192;WALAQA;x;
8330;8;69;65;SAHO;x;
8331;50;72;193;EDD-NORTH;x;
8332;92;75;66;EDD;x;
8333;134;78;194;RAGALI;x;
8334;176;81;67;AMARTA;x;
8335;8;84;195;AFERA;x;
8336;50;87;68;DABAHU;x;
8337;92;90;196;SOUTH_DANAKIL;x;
8338;134;93;69;NORTH_AFAR;x;
8339;176;96;197;AFAR;x;
8340;8;99;70;ASSAB;x;
8341;50;102;198;AWBUK;x;
8342;92;105;71;TADJOURA;x;
8343;134;108;199;MORA-AWSSA;x;
8344;176;111;72;AWSSA;x;
8345;8;114;200;AWASH;x;
8346;50;117;73;MIDDLE_AWASH;x;
8347;92;120;201;IFAT;x;
8348;134;123;74;WARJIH;x;
8349;176;126;202;SILALISH;x;
8350;8;129;75;WARAB;x;
8351;50;132;203;SARMAT;x;
8352;92;135;76;KATATA;x;
8353;134;138;204;DEBRE_LIBANOS;x;
8354;176;141;77;KARAYU;x;
8355;8;144;205;SHARKA;x;
8356;50;147;78;HADYA;x;
8357;92;150;206;MUNESA;x;
8358;134;153;79;WALAMO;x;
8359;176;156;207;ABAYA;x;
8360;8;159;80;GAMO;x;
8361;50;162;208;GOJEB;x;
8362;92;165;81;INNARYA;x;
8363;134;168;209;GURAGE;x;
8364;176;171;82;WAJ;x;
8365;8;174;210;BIZAMO;x;
8366;50;177;83;GAFAT;x;
8367;92;180;211;MUGAR;x;
8368;134;183;84;KAMBATA;x;
8369;176;186;212;JIBAT;x;
8370;8;189;85;DAMOT-WEST;x;
8371;50;192;213;AGAW_MEDER;x;
8372;92;195;86;WEST_GOJJAM;x;
8373;134;198;214;JANJERO;x;
8374;176;201;87;GANZ;x;
8375;8;204;215;ABBAY-AGAW;x;
8376;50;207;88;BERTA;x;
8377;92;210;216;DIDESA;x;
8378;134;0;89;FATAGAR;x;
8379;176;3;217;BURJI;x;
8380;8;6;90;BORAMA;x;
8381;50;9;218;JAM-JAM;x;
8382;92;12;91;BALI-WEST;x;
8383;134;15;219;DUMALI;x;
8384;176;18;92;BOKE;x;
8385;8;21;220;GEBERGE;x;
8386;50;24;93;INDEGABTAN;x;
8387;92;27;221;GAMBO;x;
8388;134;30;94;BOSHA;x;
8389;176;33;222;GIBE_INNARYA;x;
8390;8;36;95;OMO;x;
8391;50;39;223;ABBE;x;
8392;92;42;96;SITTI;x;
8393;134;45;224;ADAL;x;
8394;176;48;97;WEST_ADAL;x;
8395;8;51;225;BATE;x;
8396;50;54;98;GENDEBELO;x;
8397;92;57;226;GABAL;x;
8398;134;60;99;ABASA;x;
8399;176;63;227;GHOUBET;x;
8400;8;66;0;ZAILA;x;
8401;50;69;128;AMUD;x;
8402;92;72;1;AW_BARRE;x;
8403;134;75;129;GOGESA;x;
8404;176;78;2;BERBERA;x;
8405;8;81;130;HARGEISA;x;
8406;50;84;3;DAKKAR;x;
8407;92;87;131;HARAR;x;
8408;134;90;4;HARGAYA;x;
8409;176;93;132;GABAL_SOUTH;x;
8410;8;96;5;JEBEL_AHMAR;x;
8411;50;99;133;HARGAYA-WEST;x;
8412;92;102;6;ARUSI-NORTH;x;
8413;134;105;134;ARUSI-SOUTH;x;
8414;176;108;7;DAWARO;x;
8415;8;111;135;DAWARO-WEST;x;
8416;50;114;8;HARGAYA-SOUTH;x;
8417;92;117;136;SHABELLE;x;
8418;134;120;9;BALI-EAST;x;
8419;176;123;137;BALI;x;
8420;8;126;10;FAFAN;x;
8421;50;129;138;GIDAYA;x;
8422;92;132;11;GIDAYA-NORTH;x;
8423;134;135;139;GIDAYA-EAST;x;
8424;176;138;12;MAKHIR;x;
8425;8;141;140;MAIT;x;
8426;50;144;13;LAAS_QORAY;x;
8427;92;147;141;HAYLAN;x;
8428;134;150;14;QUMBUCUL;x;
8429;176;153;142;EL-AYO;x;
8430;8;156;15;BOSASO;x;
8431;50;159;143;GARDAFUUL;x;
8432;92;162;16;RAS_HAFUN;x;
8433;134;165;144;GOMMA;x;
8434;176;168;17;WELAMO-WEST;x;
8435;8;171;145;BONGA;x;
8436;50;174;18;KAFFA;x;
8437;92;177;146;WELLEGA-SOUTH;x;
8438;134;180;19;WELLEGA-NORTH;x;
8439;176;183;147;METEKEL_DESERT;x;
8440;8;186;20;CHALBI_DESERT;x;
8441;50;189;148;OGADEN_DESERT;x;
8442;92;192;21;DANAKIL_HILLS;x;
8443;134;195;149;DANAKIL_DESERT;x;
8444;176;198;22;AHMAR_MOUNTAINS;x;
8445;8;201;150;MENDEBO;x;
8446;50;204;23;SHOA_HIGHLANDS;x;
8447;92;207;151;GOJJAM_HIGHLANDS;x;
8448;134;210;24;WOLLO_HIGHLANDS;x;
8449;176;0;152;SEMIEN_MOUNTAINS;x;
8450;8;3;25;YABELO;x;
8451;50;6;153;FUDALHI;x;
8452;92;9;26;WEST_SIDAMO;x;
8453;134;12;154;EAST_SIDAMO;x;
8454;176;15;27;LOWER_DAWA;x;
8455;8;18;155;LUUQ;x;
8456;50;21;28;SIDAMO-SOUTH;x;
8457;92;24;156;JUBBA-AJURAAN;x;
8458;134;27;29;BAYDHABO;x;
8459;176;30;157;BARDHERE;x;
8460;8;33;30;BARAAWE;x;
8461;50;36;158;MARKA;x;
8462;92;39;31;AFGOOYE;x;
8463;134;42;159;MOGADISHU;x;
8464;176;45;32;WARSHEIKH;x;
8465;8;48;160;EL_DERE;x;
8466;50;51;33;HOBYO;x;
8467;92;54;161;BELETWEYNE;x;
8468;134;57;34;QALAAFE;x;
8469;176;60;162;HIRAAB;x;
8470;8;63;35;MAREEG;x;
8471;50;66;163;EL_BUUR;x;
8472;92;69;36;DHUSAMAREB;x;
8473;134;72;164;JILIB;x;
8474;176;75;37;HUDUR;x;
8475;8;78;165;JOWHAAR;x;
8476;50;81;38;BUUR_HEYBE;x;
8477;92;84;166;BUG;x;
8478;134;87;39;MAREHAN-NORTH;x;
8479;176;90;167;MAREHAN-SOUTH;x;
8480;8;93;40;EL_WAAK;x;
8481;50;96;168;LAG_DERA;x;
8482;92;99;41;LOWER_JUBBA;x;
8483;134;102;169;DAWA-SOUTH;x;
8484;176;105;42;UPPER_KUTULO;x;
8485;8;108;170;KUTULO;x;
8486;50;111;43;LOWER_KUTULO;x;
8487;92;114;171;LAK_BOR;x;
8488;134;117;44;LAGH_BOGAL;x;
8489;176;120;172;MARSABIT;x;
8490;8;123;45;GESTRO;x;
8491;50;126;173;JUBBA-NORTH;x;
8492;92;129;46;GANALE;x;
8493;134;132;174;AUDO;x;
8494;176;135;47;MIDDLE-SHEBELLE;x;
8495;8;138;175;REEWIN;x;
8496;50;141;48;WAJID;x;
8497;92;144;176;SHABELLE-HIRAN;x;
8498;134;147;49;MUSTAHIL;x;
8499;176;150;177;GODE;x;
8500;8;153;50;FAFAN-SOUTH;x;
8501;50;156;178;HANAN;x;
8502;92;159;51;SHEIKH;x;
8503;134;162;179;TOGDHEER;x;
8504;176;165;52;LOWER_TOGDHEER;x;
8505;8;168;180;UPPER_NUGAAL;x;
8506;50;171;53;LOWER_NUGAAL;x;
8507;92;174;181;DHUUDO;x;
8508;134;177;54;JACEYL_BID;x;
8509;176;180;182;BARBACADLE;x;
8510;8;183;55;GALKAYO;x;
8511;50;186;183;HOBYO-NORTH;x;
8512;92;189;56;NUDUG-SOUTH;x;
8513;134;192;184;MUDUG-NORTH;x;
8514;176;195;57;GUMUZ-NORTH;x;
8515;8;198;185;GUMUZ-WEST;x;
8516;50;201;58;GUMUZ-SOUTH;x;
8517;92;204;186;DARA-SHARKA;x;
8518;134;207;59;LOWER_OMO;x;
8519;176;210;187;LAKE_TANA;x;
8520;8;0;60;ABAYA_LAKE;x;
8521;50;3;188;ABIJATA_SHALLA;x;
8522;92;6;61;ZIWAY_LAKE;x;
8523;134;9;189;LAKE_ABHE;x;
8524;176;12;62;LAKE_TURKANA;x;
8525;8;15;190;LAKE_GHOUBET;x;
8526;50;18;63;TIBET IMPASSABLE;x;
8527;92;21;191;TIBET IMPASSABLE;x;
8528;134;24;64;TIBET IMPASSABLE;x;
8529;176;27;192;TIBET IMPASSABLE;x;
8530;8;30;65;TIBET IMPASSABLE;x;
8531;50;33;193;TIBET IMPASSABLE;x;
8532;92;36;66;TIBET IMPASSABLE;x;
8533;134;39;194;TIBET IMPASSABLE;x;
8534;176;42;67;TIBET IMPASSABLE;x;
8535;8;45;195;TIBET IMPASSABLE;x;
8536;50;48;68;TIBET IMPASSABLE;x;
8537;92;51;196;TIBET IMPASSABLE;x;
8538;134;54;69;TIBET IMPASSABLE;x;
8539;176;57;197;GOBI DESERT;x;
8540;8;60;70;GOBI DESERT;x;
8541;50;63;198;GOBI DESERT;x;
8542;92;66;71;GOBI DESERT;x;
8543;134;69;199;GOBI DESERT;x;
8544;176;72;72;HIMALAYA;x;
8545;8;75;200;HIMALAYA;x;
8546;50;78;73;HIMALAYA;x;
8547;92;81;201;HIMALAYA;x;
8548;134;84;74;HIMALAYA;x;
8549;176;87;202;HIMALAYA;x;
8550;8;90;75;HIMALAYA;x;
8551;50;93;203;HIMALAYA;x;
8552;92;96;76;HIMALAYA;x;
8553;134;99;204;HIMALAYA;x;
8554;176;102;77;HIMALAYA;x;
8555;8;105;205;HIMALAYA;x;
8556;50;108;78;HIMALAYA;x;
8557;92;111;206;CAUCASUS MOUNTAINS;x;
8558;134;114;79;river_sognefjord;x;
8559;176;117;207;river_hardangerfjord;x;
8560;8;120;80;river_danube;x;
8561;50;123;208;river_dniester;x;
8562;92;126;81;river_dniester;x;
8563;134;129;209;river_dnieper;x;
8564;176;132;82;river_dnieper;x;
8565;8;135;210;river_dnieper;x;
8566;50;138;83;river_dnieper;x;
8567;92;141;211;river_dnieper;x;
8568;134;144;84;river_desna;x;
8569;176;147;212;river_volkhov;x;
8570;8;150;85;river_lovat;x;
8571;50;153;213;river_svir;x;
8572;92;156;86;river_belo_ozero;x;
8573;134;159;214;river_cheksna;x;
8574;176;162;87;river_oka;x;
8575;8;165;215;river_oka;x;
8576;50;168;88;river_oka;x;
8577;92;171;216;river_kama;x;
8578;134;174;89;river_volga;x;
8579;176;177;217;river_volga;x;
8580;8;180;90;river_volga;x;
8581;50;183;218;river_volga;x;
8582;92;186;91;river_volga;x;
8583;134;189;219;river_don;x;
8584;176;192;92;river_don;x;
8585;8;195;220;river_don;x;
8586;50;198;93;river_dvina;x;
8587;92;201;221;river_dvina;x;
8588;134;204;94;river_indus;x;
8589;176;207;222;river_indus;x;
8590;8;210;95;river_sutlej;x;
8591;50;0;223;river_sutlej;x;
8592;92;3;96;river_sutlej;x;
8593;134;6;224;river_tapti;x;
8594;176;9;97;river_tapti;x;
8595;8;12;225;river_kaveri;x;
8596;50;15;98;river_kaveri;x;
8597;92;18;226;river_godavari;x;
8598;134;21;99;river_godavari;x;
8599;176;24;227;river_godavari;x;
8600;8;27;0;river_mahanadi;x;
8601;50;30;128;river_mahanadi;x;
8602;92;33;1;river_ganges;x;
8603;134;36;129;river_brahmaputra;x;
8604;176;39;2;river_brahmaputra;x;
8605;8;42;130;river_brahmaputra;x;
8606;50;45;3;river_irrawaddy_delta;x;
8607;92;48;131;river_irrawaddy_delta;x;
8608;134;51;4;river_irrawaddy;x;
8609;176;54;132;river_irrawaddy;x;
8610;8;57;5;river_irrawaddy;x;
8611;50;60;133;river_irrawaddy;x;
8612;92;63;6;river_gambia;x;
8613;134;66;134;sea_iceland;x;
8614;176;69;7;sea_iceland;x;
8615;8;72;135;sea_faereyar;x;
8616;50;75;8;sea_shetland;x;
8617;92;78;136;sea_coast_norway;x;
8618;134;81;9;sea_bay_biscay;x;
8619;176;84;137;sea_portugal;x;
8620;8;87;10;sea_gulf_cadiz;x;
8621;50;90;138;sea_morocco;x;
8622;92;93;11;sea_canarias;x;
8623;134;96;139;sea_atlantic;x;
8624;176;99;12;sea_atlantic;x;
8625;8;102;140;sea_atlantic;x;
8626;50;105;13;sea_alboran;x;
8627;92;108;141;sea_alboran;x;
8628;134;111;14;sea_murcia;x;
8629;176;114;142;sea_balearic;x;
8630;8;117;15;sea_balearic;x;
8631;50;120;143;sea_balearic;x;
8632;92;123;16;sea_balearic;x;
8633;134;126;144;sea_tarragona;x;
8634;176;129;17;sea_barcelona;x;
8635;8;132;145;sea_ligurian;x;
8636;50;135;18;sea_corsica;x;
8637;92;138;146;sea_bonifacio;x;
8638;134;141;19;sea_ligurian;x;
8639;176;144;147;sea_balearic;x;
8640;8;147;20;sea_balearic;x;
8641;50;150;148;sea_algier;x;
8642;92;153;21;sea_punic;x;
8643;134;156;149;sea_sardinian_coast;x;
8644;176;159;22;sea_punic;x;
8645;8;162;150;sea_tyrrhenian;x;
8646;50;165;23;sea_tyrrhenian;x;
8647;92;168;151;sea_gulf_tunis;x;
8648;134;171;24;sea_gulf_gabes;x;
8649;176;174;152;sea_adriatic_sea;x;
8650;8;177;25;sea_adriatic_sea;x;
8651;50;180;153;sea_adriatic_sea;x;
8652;92;183;26;sea_adriatic_sea;x;
8653;134;186;154;sea_ionia;x;
8654;176;189;27;sea_tripoli;x;
8655;8;192;155;sea_gulf_sidra;x;
8656;50;195;28;sea_ionia;x;
8657;92;198;156;sea_ionia;x;
8658;134;201;29;sea_messenian;x;
8659;176;204;157;sea_levantine;x;
8660;8;207;30;sea_syria;x;
8661;50;210;158;sea_levantine;x;
8662;92;0;31;sea_levantine;x;
8663;134;3;159;sea_levantine;x;
8664;176;6;32;sea_levantine;x;
8665;8;9;160;sea_dardanelles;x;
8666;50;12;33;sea_aegean;x;
8667;92;15;161;sea_black;x;
8668;134;18;34;sea_bosporus;x;
8669;176;21;162;sea_black;x;
8670;8;24;35;sea_kerch;x;
8671;50;27;163;sea_black;x;
8672;92;30;36;sea_black;x;
8673;134;33;164;sea_red_sea;x;
8674;176;36;37;sea_gulf_aden;x;
8675;8;39;165;sea_gulf_aden;x;
8676;50;42;38;sea_somali_sea;x;
8677;92;45;166;sea_somali_sea;x;
8678;134;48;39;sea_persian_gulf;x;
8679;176;51;167;sea_persian_gulf;x;
8680;8;54;40;sea_arabian_sea;x;
8681;50;57;168;sea_arabian_sea;x;
8682;92;60;41;sea_arabian_sea;x;
8683;134;63;169;sea_laccadive_sea;x;
8684;176;66;42;sea_bay_of_bengal;x;
8685;8;69;170;sea_bay_of_bengal;x;
8686;50;72;43;sea_gulf_martaban;x;
8687;92;75;171;sea_andaman;x;
8688;134;78;44;sea_bay_of_bengal;x;
8689;176;81;172;sea_bay_of_bengal;x;
8690;8;84;45;sea_bay_of_bengal;x;
8691;50;87;173;ANDAMAN SEA;x;
8692;92;90;46;sea_guinea;x;
8693;134;93;174;sea_guinea;x;
8694;176;96;47;sea_guinea;x;
8695;8;99;175;sea_guinea;x;
8696;50;102;48;sea_guinea;x;
8697;92;105;176;sea_gulf_guinea;x;
8698;134;108;49;sea_gulf_guinea;x;
8699;176;111;177;sea_gulf_guinea;x;
8700;8;114;50;sea_gulf_guinea;x;
8701;50;117;178;ATLANTIC;x;
8702;92;120;51;river_geba;x;
8703;134;123;179;NORTHERN URALS;x;
8704;176;126;52;ALTAISHAN;x;
8705;8;129;180;ALTAISHAN;x;
8706;50;132;53;ALTAISHAN;x;
8707;92;135;181;ALTAISHAN;x;
8708;134;138;54;ALTAISHAN;x;
8709;176;141;182;TIANSHAN;x;
8710;8;144;55;Western Kazakh Steppe;x;
8711;50;147;183;East African Southern Impassable;x;
8712;92;150;56;Thiladhunmathi;x;
8713;134;153;184;Tenerife;x;
8714;176;156;57;Fuerteventura;x;
8715;8;159;185;Lanzarote;x;
8716;50;162;58;Madeira;x;
8717;92;165;186;Monteil;x;
8718;134;168;59;Briancon;x;
8719;176;171;187;Faucigny;x;
8720;8;174;60;Barcelonnette;x;
8721;50;177;188;Puget;x;
8722;92;180;61;Karnaphuli;x;
8723;134;183;189;Lacko;x;
8724;176;186;62;Opensten;x;
8725;8;189;190;Kindaholm;x;
8726;50;192;63;Torsas;x;
8727;92;195;191;Stegeholm;x;
8728;134;198;64;Leksand;x;
8729;176;201;192;Lima;x;
8730;8;204;65;Orsa;x;
8731;50;207;193;Nordmark;x;
8732;92;210;66;Josse;x;
8733;134;0;194;Norrkoping;x;
8734;176;3;67;Grebo;x;
8735;8;6;195;Palma;x;
8736;50;9;68;Moroccoan Lakes;x;
8737;92;12;196;Lagos Lagoons;x;
8738;134;15;69;Sarygamysh Lake;x;
8739;176;18;197;Farnebo;x;
8740;8;21;70;sea_gulf_lepanto;x;
8741;50;24;198;Bangor;x;
8742;92;27;71;Clogher;x;
8743;134;30;199;Dungannon;x;
8744;176;33;72;Adragh;x;
8745;8;36;200;Cruachu;x;
8746;50;39;73;Tuam;x;
8747;92;42;201;Da_Chainoc;x;
8748;134;45;74;Killala;x;
8749;176;48;202;Kincora;x;
8750;8;51;75;Kilmallock;x;
8751;50;54;203;Tropea;x;
8752;92;57;76;Belvedere;x;
8753;134;60;204;Catanzaro;x;
8754;176;63;77;Policastro;x;
8755;8;66;205;Lecce;x;
8756;50;69;78;Aversa;x;
8757;92;72;206;Ariano;x;
8758;134;75;79;Vieste;x;
8759;176;78;207;Agnone;x;
8760;8;81;80;Asciano;x;
8761;50;84;208;Tirano;x;
8762;92;87;81;Chiari;x;
8763;134;90;209;Mondovi;x;
8764;176;93;82;Santhia;x;
8765;8;96;210;Este;x;
8766;50;99;83;Portogruaro;x;
8767;92;102;211;Malamacco;x;
8768;134;105;84;Ski;x;
8769;176;108;212;Stange;x;
8770;8;111;85;Uddevalla;x;
8771;50;114;213;Olafsvik;x;
8772;92;117;86;Hofn;x;
8773;134;120;214;Vopnafjordur;x;
8774;176;123;87;Klaustur;x;
8775;8;126;215;Urquhart;x;
8776;50;129;88;Glenelg;x;
8777;92;132;216;Tain;x;
8778;134;135;89;Applecross;x;
8779;176;138;217;Assynt;x;
8780;8;141;90;Wigton;x;
8781;50;144;218;Ume;x;
8782;92;147;91;Vettanen;x;
8783;134;150;219;Ylikainuu;x;
8784;176;153;92;Kangos;x;
8785;8;156;220;Roavvenjarga;x;
8786;50;159;93;Kuusama;x;
8787;92;162;221;Kaddlhutt;x;
8788;134;165;94;Suenekele;x;
8789;176;168;222;Skolt;x;
8790;8;171;95;Peliza;x;
8791;50;174;223;Varsiga;x;
8792;92;177;96;Cascarena;x;
8793;134;180;224;Kaluga;x;
8794;176;183;97;Medyn;x;
8795;8;186;225;Kashira;x;
8796;50;189;98;Voskresensk;x;
8797;92;192;226;Shatura;x;
8798;134;195;99;Gorohovec;x;
8799;176;198;227;Meshchera;x;
8800;8;201;0;Undol;x;
8801;50;204;128;Ksnjatin;x;
8802;92;207;1;;x;
8803;134;210;129;;x;
8804;176;0;2;;x;
8805;8;3;130;;x;
8806;50;6;3;;x;
8807;92;9;131;;x;
8808;134;12;4;;x;
8809;176;15;132;;x;
8810;8;18;5;;x;
8811;50;21;133;;x;
8812;92;24;6;;x;
8813;134;27;134;;x;
8814;176;30;7;;x;
8815;8;33;135;;x;
8816;50;36;8;;x;
8817;92;39;136;;x;
8818;134;42;9;;x;
8819;176;45;137;;x;
8820;8;48;10;;x;
8821;50;51;138;;x;
8822;92;54;11;;x;
8823;134;57;139;;x;
8824;176;60;12;;x;
8825;8;63;140;;x;
8826;50;66;13;;x;
8827;92;69;141;;x;
8828;134;72;14;;x;
8829;176;75;142;;x;
8830;8;78;15;;x;
8831;50;81;143;;x;
8832;92;84;16;;x;
8833;134;87;144;;x;
8834;176;90;17;;x;
8835;8;93;145;;x;
8836;50;96;18;;x;
8837;92;99;146;;x;
8838;134;102;19;;x;
8839;176;105;147;;x;
8840;8;108;20;;x;
8841;50;111;148;;x;
8842;92;114;21;;x;
8843;134;117;149;;x;
8844;176;120;22;;x;
8845;8;123;150;;x;
8846;50;126;23;;x;
8847;92;129;151;;x;
8848;134;132;24;;x;
8849;176;135;152;;x;
8850;8;138;25;;x;
8851;50;141;153;;x;
8852;92;144;26;;x;
8853;134;147;154;;x;
8854;176;150;27;;x;
8855;8;153;155;;x;
8856;50;156;28;;x;
8857;92;159;156;;x;
8858;134;162;29;;x;
8859;176;165;157;;x;
8860;8;168;30;;x;
8861;50;171;158;;x;
8862;92;174;31;;x;
8863;134;177;159;;x;
8864;176;180;32;;x;
8865;8;183;160;;x;
8866;50;186;33;;x;
8867;92;189;161;;x;
8868;134;192;34;;x;
8869;176;195;162;;x;
8870;8;198;35;;x;
8871;50;201;163;;x;
8872;92;204;36;;x;
8873;134;207;164;;x;
8874;176;210;37;;x;
8875;8;0;165;;x;
8876;50;3;38;;x;
8877;92;6;166;;x;
8878;134;9;39;;x;
8879;176;12;167;;x;
8880;8;15;40;;x;
8881;50;18;168;;x;
8882;92;21;41;;x;
8883;134;24;169;;x;
8884;176;27;42;;x;
8885;8;30;170;;x;
8886;50;33;43;;x;
8887;92;36;171;;x;
8888;134;39;44;;x;
8889;176;42;172;;x;
8890;8;45;45;;x;
8891;50;48;173;;x;
8892;92;51;46;;x;
8893;134;54;174;;x;
8894;176;57;47;;x;
8895;8;60;175;;x;
8896;50;63;48;;x;
8897;92;66;176;;x;
8898;134;69;49;;x;
8899;176;72;177;;x;
8900;8;75;50;;x;
8901;50;78;178;;x;
8902;92;81;51;;x;
8903;134;84;179;;x;
8904;176;87;52;;x;
8905;8;90;180;;x;
8906;50;93;53;;x;
8907;92;96;181;;x;
8908;134;99;54;;x;
8909;176;102;182;;x;
8910;8;105;55;;x;
8911;50;108;183;;x;
8912;92;111;56;;x;
8913;134;114;184;;x;
8914;176;117;57;;x;
8915;8;120;185;;x;
8916;50;123;58;;x;
8917;92;126;186;;x;
8918;134;129;59;;x;
8919;176;132;187;;x;
8920;8;135;60;;x;
8921;50;138;188;;x;
8922;92;141;61;;x;
8923;134;144;189;;x;
8924;176;147;62;;x;
8925;8;150;190;;x;
8926;50;153;63;;x;
8927;92;156;191;;x;
8928;134;159;64;;x;
8929;176;162;192;;x;
8930;8;165;65;;x;
8931;50;168;193;;x;
8932;92;171;66;;x;
8933;134;174;194;;x;
8934;176;177;67;;x;
8935;8;180;195;;x;
8936;50;183;68;;x;
8937;92;186;196;;x;
8938;134;189;69;;x;
8939;176;192;197;;x;
8940;8;195;70;;x;
8941;50;198;198;;x;
8942;92;201;71;;x;
8943;134;204;199;;x;
8944;176;207;72;;x;
8945;8;210;200;;x;
8946;50;0;73;;x;
8947;92;3;201;;x;
8948;134;6;74;;x;
8949;176;9;202;;x;
8950;8;12;75;;x;
8951;50;15;203;;x;
8952;92;18;76;;x;
8953;134;21;204;;x;
8954;176;24;77;;x;
8955;8;27;205;;x;
8956;50;30;78;;x;
8957;92;33;206;;x;
8958;134;36;79;;x;
8959;176;39;207;;x;
8960;8;42;80;;x;
8961;50;45;208;;x;
8962;92;48;81;;x;
8963;134;51;209;;x;
8964;176;54;82;;x;
8965;8;57;210;;x;
8966;50;60;83;;x;
8967;92;63;211;;x;
8968;134;66;84;;x;
8969;176;69;212;;x;
8970;8;72;85;;x;
8971;50;75;213;;x;
8972;92;78;86;;x;
8973;134;81;214;;x;
8974;176;84;87;;x;
8975;8;87;215;;x;
8976;50;90;88;;x;
8977;92;93;216;;x;
8978;134;96;89;;x;
8979;176;99;217;;x;
8980;8;102;90;;x;
8981;50;105;218;;x;
8982;92;108;91;;x;
8983;134;111;219;;x;
8984;176;114;92;;x;
8985;8;117;220;;x;
8986;50;120;93;;x;
8987;92;123;221;;x;
8988;134;126;94;;x;
8989;176;129;222;;x;
8990;8;132;95;;x;
8991;50;135;223;;x;
8992;92;138;96;;x;
8993;134;141;224;Zarmatarey;x;
8994;176;144;97;Zarmaganda;x;
8995;8;147;225;Sargan;x;
8996;50;150;98;Konni;x;
8997;92;153;226;Ader;x;
8998;134;156;99;Matankari;x;
8999;176;159;227;Veseli;x;
9000;9;162;0;Lop Nur Lake;x;
9001;51;165;128;Bosten Lake;x;
9002;93;168;1;Leh;x;
9003;135;171;129;Shey;x;
9004;177;174;2;Khalatse;x;
9005;9;177;130;Tangtse;x;
9006;51;180;3;Demchok;x;
9007;93;183;131;Hanle;x;
9008;135;186;4;Chusul;x;
9009;177;189;132;Diskit;x;
9010;9;192;5;Panamik;x;
9011;51;195;133;Turtuk;x;
9012;93;198;6;Dipsang;x;
9013;135;201;134;Padum;x;
9014;177;204;7;Zangla;x;
9015;9;207;135;Lingshet;x;
9016;51;210;8;Darcha;x;
9017;93;0;136;Karzok;x;
9018;135;3;9;Purig;x;
9019;177;6;137;Dras;x;
9020;9;9;10;Skardu;x;
9021;51;12;138;Roundu;x;
9022;93;15;11;Tolti;x;
9023;135;18;139;Gultari;x;
9024;177;21;12;Astore;x;
9025;9;24;140;Minimarg;x;
9026;51;27;13;Shigar;x;
9027;93;30;141;Askole;x;
9028;135;33;14;Khaplu;x;
9029;177;36;142;Haldi;x;
9030;9;39;15;Khurnak;x;
9031;51;42;143;Nischu;x;
9032;93;45;16;Sumna;x;
9033;135;48;144;Thaldat;x;
9034;177;51;17;Sumnal;x;
9035;9;54;145;Sumdo;x;
9036;51;57;18;Chungtash;x;
9037;93;60;146;Rutog;x;
9038;135;63;19;Risum;x;
9039;177;66;147;Rebang;x;
9040;9;69;20;Changmar;x;
9041;51;72;148;Memar;x;
9042;93;75;21;Bangdag;x;
9043;135;78;149;Bairab;x;
9044;177;81;22;Nako;x;
9045;9;84;150;Tabo;x;
9046;51;87;23;Dhankar;x;
9047;93;90;151;Kardang;x;
9048;135;93;24;Poo;x;
9049;177;96;152;Kalpa;x;
9050;9;99;25;Kamru;x;
9051;51;102;153;Trashigang;x;
9052;93;105;26;Tsaparang;x;
9053;135;108;154;Tholing;x;
9054;177;111;27;Busin;x;
9055;9;114;155;Kyunglung;x;
9056;51;117;28;Gar;x;
9057;93;120;156;Zoco;x;
9058;135;123;29;Gegyai;x;
9059;177;126;157;Xungba;x;
9060;9;129;30;Chaka;x;
9061;51;132;158;Gerze;x;
9062;93;135;31;Dongco;x;
9063;135;138;159;Gomoco;x;
9064;177;141;32;Chagboco;x;
9065;9;144;160;Burogco;x;
9066;51;147;33;Coqen;x;
9067;93;150;161;Simbiling;x;
9068;135;153;34;Teglakar;x;
9069;177;156;162;Hor;x;
9070;9;159;35;Cuonaco;x;
9071;51;162;163;Argogco;x;
9072;93;165;36;Ringtor;x;
9073;135;168;164;Barma;x;
9074;177;171;37;Lunggar;x;
9075;9;174;165;Labrang;x;
9076;51;177;38;Baryang;x;
9077;93;180;166;Penchi;x;
9078;135;183;39;Yagra;x;
9079;177;186;167;Manthang;x;
9080;9;189;40;Muktinath;x;
9081;51;192;168;Changgo;x;
9082;93;195;41;Lhagcang;x;
9083;135;198;169;Kyakyaru;x;
9084;177;201;42;Gyesarco;x;
9085;9;204;170;Dolpo;x;
9086;51;207;43;Monicer;x;
9087;93;210;171;Dehradun;x;
9088;135;0;44;Uttarkashi;x;
9089;177;3;172;Srinagar;x;
9090;9;6;45;Devalgarh;x;
9091;51;9;173;Kartikeyapura;x;
9092;93;12;46;Champawat;x;
9093;135;15;174;Almora;x;
9094;177;18;47;Bhimtal;x;
9095;9;21;175;Doti;x;
9096;51;24;48;Godawari;x;
9097;93;27;176;Askot;x;
9098;135;30;49;Baitadi;x;
9099;177;33;177;Bajura;x;
9100;9;36;50;Simikot;x;
9101;51;39;178;Sinja;x;
9102;93;42;51;Jumla;x;
9103;135;45;179;Dullu;x;
9104;177;48;52;Jagatipur;x;
9105;9;51;180;Gautamkot;x;
9106;51;54;53;Rukum;x;
9107;93;57;181;Gulariya;x;
9108;135;60;54;Dang;x;
9109;177;63;182;Lumbini;x;
9110;9;66;55;Gulmi;x;
9111;51;69;183;Kaski;x;
9112;93;72;56;Tanahun;x;
9113;135;75;184;Gorkha;x;
9114;177;78;57;Dolakha;x;
9115;9;81;185;Hetauda;x;
9116;51;84;58;Kathmandu;x;
9117;93;87;186;Bhaktapur;x;
9118;135;90;59;Janakpur;x;
9119;177;93;187;Okhaldhunga;x;
9120;9;96;60;Khotang;x;
9121;51;99;188;Bhojpur;x;
9122;93;102;61;Rajbiraj;x;
9123;135;105;189;Bharatpur;x;
9124;177;108;62;Gograha;x;
9125;9;111;190;Ilam;x;
9126;51;114;63;Dhankuta;x;
9127;93;117;191;Panchthar;x;
9128;135;120;64;Darjeeling;x;
9129;177;123;192;Daramdin;x;
9130;9;126;65;Kirtipur;x;
9131;51;129;193;Lalitpur;x;
9132;93;132;66;Dhulikhel;x;
9133;135;135;194;Chungthang;x;
9134;177;138;67;Kalimpong;x;
9135;9;141;195;Dromo;x;
9136;51;144;68;Yangwarok;x;
9137;93;147;196;Paro;x;
9138;135;150;69;Thimpu;x;
9139;177;153;197;Daga;x;
9140;9;156;70;Punakha;x;
9141;51;159;198;Gasa;x;
9142;93;162;71;Sarpang;x;
9143;135;165;199;Trongsa;x;
9144;177;168;72;Zhemgang;x;
9145;9;171;200;Bumthang;x;
9146;51;174;73;Lhuentse;x;
9147;93;177;201;Mongar;x;
9148;135;180;74;Pemagatsel;x;
9149;177;183;202;Kurmaed;x;
9150;9;186;75;Cona;x;
9151;51;189;203;Nariyong;x;
9152;93;192;76;Lhunze;x;
9153;135;195;204;Yumai;x;
9154;177;198;77;Tawang;x;
9155;9;201;205;Morshing;x;
9156;51;204;78;Sepla;x;
9157;93;207;206;Itanagar;x;
9158;135;210;79;Ziro;x;
9159;177;0;207;Daporijo;x;
9160;9;3;80;Along;x;
9161;51;6;208;Mechuka;x;
9162;93;9;81;Tuting;x;
9163;135;12;209;Yingkiong;x;
9164;177;15;82;Anini;x;
9165;9;18;210;Roing;x;
9166;51;21;83;Tezu;x;
9167;93;24;211;Kibithu;x;
9168;135;27;84;Hawai;x;
9169;177;30;212;Wolong;x;
9170;9;33;85;Mainling;x;
9171;51;36;213;Bokthang;x;
9172;93;39;86;Medog;x;
9173;135;42;214;Dzayul;x;
9174;177;45;87;Zayu;x;
9175;9;48;215;Rima;x;
9176;51;51;88;Golag;x;
9177;93;54;216;Cawarong;x;
9178;135;57;89;Goyu;x;
9179;177;60;217;Kurtoed;x;
9180;9;63;90;Kungtang;x;
9181;51;66;218;Gyirong;x;
9182;93;69;91;Chagne;x;
9183;135;72;219;Tsongdu;x;
9184;177;75;92;Mainpu;x;
9185;9;78;220;Tingri;x;
9186;51;81;93;Shelkar;x;
9187;93;84;221;Dinggye;x;
9188;135;87;94;Kamba;x;
9189;177;90;222;Lhaze;x;
9190;9;93;95;Sagya;x;
9191;51;96;223;Se;x;
9192;93;99;96;Kamru;x;
9193;135;102;224;Banam;x;
9194;177;105;97;Xigaze;x;
9195;9;108;225;Kangmar;x;
9196;51;111;98;Rinbung;x;
9197;93;114;226;Gyangze;x;
9198;135;117;99;Nyamo;x;
9199;177;120;227;Kagar;x;
9200;9;123;0;Sangsang;x;
9201;51;126;128;Caze;x;
9202;93;129;1;Qulho;x;
9203;135;132;129;Rusar;x;
9204;177;135;2;Kunglung;x;
9205;9;138;130;Goingyibug;x;
9206;51;141;3;Quog;x;
9207;93;144;131;Tongmoin;x;
9208;135;147;4;Leba;x;
9209;177;150;132;Namling;x;
9210;9;153;5;Tobgyai;x;
9211;51;156;133;Qingtu;x;
9212;93;159;6;Xainza;x;
9213;135;162;134;Shyungme;x;
9214;177;165;7;Sinya;x;
9215;9;168;135;Nyima;x;
9216;51;171;8;Aso;x;
9217;93;174;136;Ladoi;x;
9218;135;177;9;Ngoqu;x;
9219;177;180;137;Garkung;x;
9220;9;183;10;Margai;x;
9221;51;186;138;Yurba;x;
9222;93;189;11;Gyagog;x;
9223;135;192;139;Nagarze;x;
9224;177;195;12;Lhozhag;x;
9225;9;198;140;Comai;x;
9226;51;201;13;Taktse;x;
9227;93;204;141;Tradruk;x;
9228;135;207;14;Samye;x;
9229;177;210;142;Yumbu_Lakhang;x;
9230;9;0;15;Zetang;x;
9231;51;3;143;Qusum;x;
9232;93;6;16;Gonggar;x;
9233;135;9;144;Gyaca;x;
9234;177;12;17;Daklha_Gampo;x;
9235;9;15;145;Nang;x;
9236;51;18;18;Sangri;x;
9237;93;21;146;Lhasa;x;
9238;135;24;19;Potala;x;
9239;177;27;147;Gyama;x;
9240;9;30;20;Kunggar;x;
9241;51;33;148;Drigung;x;
9242;93;36;21;Lhunzhub;x;
9243;135;39;149;Ngarnang;x;
9244;177;42;22;Reting;x;
9245;9;45;150;Quxu;x;
9246;51;48;23;Doilungdeqen;x;
9247;93;51;151;Nyemo;x;
9248;135;54;24;Damquka;x;
9249;177;57;152;Nyinhzhong;x;
9250;9;60;25;Yangpachen;x;
9251;51;63;153;Qewa;x;
9252;93;66;26;Xenkyer;x;
9253;135;69;154;Pukpa;x;
9254;177;72;27;Balla;x;
9255;9;75;155;Nagqu;x;
9256;51;78;28;Lhomar;x;
9257;93;81;156;Taksar;x;
9258;135;84;29;Qangma;x;
9259;177;87;157;Parling;x;
9260;9;90;30;Xibde;x;
9261;51;93;158;Cozhelhoma;x;
9262;93;96;31;Garco;x;
9263;135;99;159;Dorsoidong;x;
9264;177;102;32;Cozhedangma;x;
9265;9;105;160;Gedang;x;
9266;51;108;33;Mila;x;
9267;93;111;161;Paga;x;
9268;135;114;34;Codoi;x;
9269;177;117;162;Lingti;x;
9270;9;120;35;Lhari;x;
9271;51;123;163;Burqug;x;
9272;93;126;36;Nyang;x;
9273;135;129;164;Gongbo;x;
9274;177;132;37;Pagsum;x;
9275;9;135;165;Nyingchi;x;
9276;51;138;38;Lunang;x;
9277;93;141;166;Zhamog;x;
9278;135;144;39;Rawu;x;
9279;177;147;167;Bome;x;
9280;9;150;40;Yiong;x;
9281;51;153;168;Baxoi;x;
9282;93;156;41;Zogang;x;
9283;135;159;169;Kagong;x;
9284;177;162;42;Yiqen;x;
9285;9;165;170;Kangyu;x;
9286;51;168;43;Qundo;x;
9287;93;171;171;Banbar;x;
9288;135;174;44;Jaggang;x;
9289;177;177;172;Lhorong;x;
9290;9;180;45;Qizhu;x;
9291;51;183;173;Damdoi;x;
9292;93;186;46;Xamqu;x;
9293;135;189;174;Biru;x;
9294;177;192;47;Sog;x;
9295;9;195;175;Riwar;x;
9296;51;198;48;Arxog;x;
9297;93;201;176;Baqen;x;
9298;135;204;49;Lhaxi;x;
9299;177;207;177;Dengqen;x;
9300;9;210;50;Riwoqe;x;
9301;51;0;178;Karub;x;
9302;93;3;51;Qamdo;x;
9303;135;6;179;Lhatok;x;
9304;177;9;52;Nangqen;x;
9305;9;12;180;Nyangla;x;
9306;51;15;53;Gyegumdo;x;
9307;93;18;181;Longbaoco;x;
9308;135;21;54;Jomda;x;
9309;177;24;182;Derdoin;x;
9310;9;27;55;Bolo;x;
9311;51;30;183;Bumgye;x;
9312;93;33;56;Yendum;x;
9313;135;36;184;Rongzhub;x;
9314;177;39;57;Markam;x;
9315;9;42;185;Jangpa;x;
9316;51;45;58;Deqen;x;
9317;93;48;186;Balung;x;
9318;135;51;59;Gyaitang;x;
9319;177;54;187;Derong;x;
9320;9;57;60;Dabba_Tibet;x;
9321;51;60;188;Qagcheng;x;
9322;93;63;61;Takchongrong;x;
9323;135;66;189;Batang;x;
9324;177;69;62;Lenggu;x;
9325;9;72;190;Litang;x;
9326;51;75;63;Katok;x;
9327;93;78;191;Nyagqu;x;
9328;135;81;64;Gyezil;x;
9329;177;84;192;Jagsam;x;
9330;9;87;65;Darzedo;x;
9331;51;90;193;Lhagang;x;
9332;93;93;66;Shade;x;
9333;135;96;194;Rongzhag;x;
9334;177;99;67;Dawu;x;
9335;9;102;195;Nyatsho;x;
9336;51;105;68;Nyagrong;x;
9337;93;108;196;Draggo;x;
9338;135;111;69;Niba;x;
9339;177;114;197;Jalhaxi;x;
9340;9;117;70;Garze;x;
9341;51;120;198;Larung;x;
9342;93;123;71;Sertar;x;
9343;135;126;199;Dege;x;
9344;177;129;72;Palpung;x;
9345;9;132;200;Dzogchen;x;
9346;51;135;73;Manigango;x;
9347;93;138;201;Axu;x;
9348;135;141;74;Serxu;x;
9349;177;144;202;Lingtsang;x;
9350;9;147;75;Ariksar;x;
9351;51;150;203;Tromsa_Genma;x;
9352;93;153;76;Pelyul;x;
9353;135;156;204;Dewu;x;
9354;177;159;77;Nyainrong;x;
9355;9;162;205;Amdo;x;
9356;51;165;78;Gangnyi;x;
9357;93;168;206;Sibnak_Chenchungo;x;
9358;135;171;79;Marrong;x;
9359;177;174;207;Changco;x;
9360;9;177;80;Yenshipin;x;
9361;51;180;208;Quemoco;x;
9362;93;183;81;Marchu;x;
9363;135;186;209;Sewa;x;
9364;177;189;82;Ulenulaco;x;
9365;9;192;210;Dokecoring;x;
9366;51;195;83;Dokecoring_Qangco;x;
9367;93;198;211;Yuyico;x;
9368;135;201;84;Aqenganggyai;x;
9369;177;204;212;Hohaseco;x;
9370;9;207;85;Dangla;x;
9371;51;210;213;Nengyi;x;
9372;93;0;86;Drakbuk;x;
9373;135;3;214;Chumarho;x;
9374;177;6;87;Toma;x;
9375;9;9;215;Trandam;x;
9376;51;12;88;Damzhung;x;
9377;93;15;216;Ato;x;
9378;135;18;89;Qapugtang;x;
9379;177;21;217;Mukzhung;x;
9380;9;24;90;Zokya;x;
9381;51;27;218;Drakgur;x;
9382;93;30;91;Gyaijepozhangge;x;
9383;135;33;219;Triwang;x;
9384;177;36;92;Damda;x;
9385;9;39;220;Qumarleb;x;
9386;51;42;93;Mato;x;
9387;93;45;221;Chikdril;x;
9388;135;48;94;Ragbangadung;x;
9389;177;51;222;Ayakkum;x;
9390;9;54;95;Aqqikkol;x;
9391;51;57;223;Kytkol;x;
9392;93;60;96;Bokalik;x;
9393;135;63;224;Mangnai;x;
9394;177;66;97;Urtmoron;x;
9395;9;69;225;Lenghu;x;
9396;51;72;98;Nagormo;x;
9397;93;75;226;Qaidam;x;
9398;135;78;99;Zhiteu;x;
9399;177;81;227;Derlenka;x;
9400;9;84;0;Dagelhe;x;
9401;51;87;128;Ngoring;x;
9402;93;90;1;Balung;x;
9403;135;93;129;Tuulain;x;
9404;177;96;2;Ulam;x;
9405;9;99;130;Cakha;x;
9406;51;102;3;Fuqi;x;
9407;93;105;131;Temqen;x;
9408;135;108;4;Ngor;x;
9409;177;111;132;Yagkeng;x;
9410;9;114;5;Gangca;x;
9411;51;117;133;Haeyan;x;
9412;93;120;6;Serkok;x;
9413;135;123;134;Datong;x;
9414;177;126;7;Tongkor;x;
9415;9;129;135;Gonlung;x;
9416;51;132;8;Ledu;x;
9417;93;135;136;Chuankou;x;
9418;135;138;9;Shanzhou;x;
9419;177;141;137;Kuozhou;x;
9420;9;144;10;Yadzi;x;
9421;51;147;138;Rusar;x;
9422;93;150;11;Xining;x;
9423;135;153;139;Qabqa;x;
9424;177;156;12;Jainca;x;
9425;9;159;140;Triga;x;
9426;51;162;13;Changzhi;x;
9427;93;165;141;Xigortang;x;
9428;135;168;14;Namtang;x;
9429;177;171;142;Madoi;x;
9430;9;174;15;Dzogenrabar;x;
9431;51;177;143;Machu;x;
9432;93;180;16;Mangra;x;
9433;135;183;144;Gabasumdo;x;
9434;177;186;17;Rebgong;x;
9435;9;189;145;Zekog;x;
9436;51;192;18;Yegainnyin;x;
9437;93;195;146;Maqu;x;
9438;135;198;19;Murje;x;
9439;177;201;147;Luqu;x;
9440;9;204;20;Sangqu;x;
9441;51;207;148;Hzo;x;
9442;93;210;21;Linten;x;
9443;135;0;149;Jone;x;
9444;177;3;22;Tewo;x;
9445;9;6;150;Zhugqu;x;
9446;51;9;23;Maqen;x;
9447;93;12;151;Gade;x;
9448;135;15;24;Gyumai;x;
9449;177;18;152;Seretang;x;
9450;9;21;25;Jigzhi;x;
9451;51;24;153;Ngawa;x;
9452;93;27;26;Soxiq;x;
9453;135;30;154;Zoige;x;
9454;177;33;27;Yunglro;x;
9455;9;36;155;Khyungchu;x;
9456;51;39;28;Sungqu;x;
9457;93;42;156;Choqu;x;
9458;135;45;29;Maowun;x;
9459;177;48;157;Sumshul;x;
9460;9;51;30;Wunchoin;x;
9461;51;54;158;Zamtang;x;
9462;93;57;31;Rongbur;x;
9463;135;60;159;Barkam;x;
9464;177;63;32;Quqen;x;
9465;9;66;160;Trashingling;x;
9466;51;69;33;Zainlha;x;
9467;93;72;161;Kharsa;x;
9468;135;75;34;Conak;x;
9469;177;78;162;Haltang;x;
9470;9;81;35;Takoerpasitao;x;
9471;51;84;163;Hahaeci;x;
9472;93;87;36;Aksay;x;
9473;135;90;164;Yangguan;x;
9474;177;93;37;Yumenguan;x;
9475;9;96;165;Akeqi;x;
9476;51;99;38;Shazhou;x;
9477;93;102;166;Mogao;x;
9478;135;105;39;Yulin;x;
9479;177;108;167;Subei;x;
9480;9;111;40;Yanchiwan;x;
9481;51;114;168;Guazhou;x;
9482;93;117;41;Anxi;x;
9483;135;120;169;Hongliuyuan;x;
9484;177;123;42;Xihu;x;
9485;9;126;170;Changma;x;
9486;51;129;43;Hedong;x;
9487;93;132;171;Yumen;x;
9488;135;135;44;Qidun;x;
9489;177;138;172;Mazongshan;x;
9490;9;141;45;Yalong;x;
9491;51;144;173;Chijin;x;
9492;93;147;46;Huahai;x;
9493;135;150;174;Jiayuguan;x;
9494;177;153;47;Suzhou;x;
9495;9;156;175;Xiba;x;
9496;51;159;48;Jinta;x;
9497;93;162;176;Yeniugou;x;
9498;135;165;49;Qingshui;x;
9499;177;168;177;Sunan;x;
9500;9;171;50;Ganjun;x;
9501;51;174;178;Linze;x;
9502;93;177;51;Gaotai;x;
9503;135;180;179;Pingchuan;x;
9504;177;183;52;Heihe;x;
9505;9;186;180;Hangtian;x;
9506;51;189;53;Yijinai;x;
9507;93;192;181;Juyan;x;
9508;135;195;54;Saihantaolai;x;
9509;177;198;182;Alxa;x;
9510;9;201;55;Wentugaole;x;
9511;51;204;183;Babao;x;
9512;93;207;56;Semnyi;x;
9513;135;210;184;Ganzhou;x;
9514;177;0;57;Shandan;x;
9515;9;3;185;Minle;x;
9516;51;6;58;Fanhe;x;
9517;93;9;186;Jinchang;x;
9518;135;12;59;Zhenfan;x;
9519;177;15;187;Jiahe;x;
9520;9;18;60;Yabulai;x;
9521;51;21;188;Liangzhou;x;
9522;93;24;61;Huangcheng;x;
9523;135;27;189;Gulang;x;
9524;177;30;62;Tianzhu;x;
9525;9;33;190;Dajing;x;
9526;51;36;63;Wushengyi;x;
9527;93;39;191;Anning;x;
9528;135;42;64;Yongdeng;x;
9529;177;45;192;Jingtai;x;
9530;9;48;65;Gaolan;x;
9531;51;51;193;Baiyin;x;
9532;93;54;66;Nanhu;x;
9533;135;57;194;Chaganbulage;x;
9534;177;60;67;Shapotou;x;
9535;9;63;195;Chaogetuhure;x;
9536;51;66;68;Dingyuanying;x;
9537;93;69;196;Wuluhai;x;
9538;135;72;69;Wuyuan;x;
9539;177;75;197;Dengkou;x;
9540;9;78;70;Zhongcun;x;
9541;51;81;198;Wuliji;x;
9542;93;84;71;Wuda;x;
9543;135;87;199;Shizuizi;x;
9544;177;90;72;Dingzhou;x;
9545;9;93;200;Shunzhou;x;
9546;51;96;73;Xingqing;x;
9547;93;99;201;Xiping;x;
9548;135;102;74;Gurinai;x;
9549;177;105;202;Tamusubulage;x;
9550;9;108;75;Pagan;x;
9551;51;111;203;Popa;x;
9552;93;114;76;Nyaung_U;x;
9553;135;117;204;Tantkyitaung;x;
9554;177;120;77;Myitche;x;
9555;9;123;205;Powundaung;x;
9556;51;126;78;Ava;x;
9557;93;129;206;Pinya;x;
9558;135;132;79;Taungbyon;x;
9559;177;135;207;Kyaukse;x;
9560;9;138;80;Maingmaw;x;
9561;51;141;208;Mekkhaya;x;
9562;93;144;81;Minbu;x;
9563;135;147;209;Salin;x;
9564;177;150;82;Ngape;x;
9565;9;153;210;Shwesettaw;x;
9566;51;156;83;Arakan Mountains;x;
9567;93;159;211;Naga Hills;x;
9568;135;162;84;Sagaing;x;
9569;177;165;212;Halin;x;
9570;9;168;85;Yawnghwe;x;
9571;51;171;213;Yamethin;x;
9572;93;174;86;Shwemyo;x;
9573;135;177;214;Binnaka;x;
9574;177;180;87;Peikthanomyo;x;
9575;9;183;215;Magwe;x;
9576;51;186;88;Vaisali;x;
9577;93;189;216;Launggyet;x;
9578;135;192;89;Mrauk_U;x;
9579;177;195;217;Mahamuni;x;
9580;9;198;90;Akyab;x;
9581;51;201;218;Ramu;x;
9582;93;204;91;Dianga;x;
9583;135;207;219;Thabeik_Taung;x;
9584;177;210;92;Matamuhuri;x;
9585;9;0;220;Sandoway;x;
9586;51;3;93;Ramree;x;
9587;93;6;221;An;x;
9588;135;9;94;Sriksetra;x;
9589;177;12;222;Myede;x;
9590;9;15;95;Thayetmyo;x;
9591;51;18;223;Hinthada;x;
9592;93;21;96;Myanaung;x;
9593;135;24;224;Toungoo;x;
9594;177;27;97;Mong_Pai;x;
9595;9;30;225;Swa;x;
9596;51;33;98;Pegu;x;
9597;93;36;226;Syriam;x;
9598;135;39;99;Dagon;x;
9599;177;42;227;Krapan;x;
9600;9;45;0;Bashkoyumal;x;
9601;51;48;128;Waxxari;x;
9602;93;51;1;Saca;x;
9603;135;54;129;Endere;x;
9604;177;57;2;Andir;x;
9605;9;60;130;Niya;x;
9606;51;63;3;Keriya;x;
9607;93;66;131;Lafak;x;
9608;135;69;4;Dondan_Oilik;x;
9609;177;72;132;Bugaiwilik;x;
9610;9;75;5;Laodamogou;x;
9611;51;78;133;Mahas;x;
9612;93;81;6;Domoko;x;
9613;135;84;134;Yuetgan;x;
9614;177;87;7;Guma;x;
9615;9;90;135;Kehan;x;
9616;51;93;8;Karghalik;x;
9617;93;96;136;Minggam;x;
9618;135;99;9;Chalamtum;x;
9619;177;102;137;Urtu Bulak;x;
9620;9;105;10;Burgasutai;x;
9621;51;108;138;Western Gobi;x;
9622;93;111;11;Maukkadaw;x;
9623;135;114;139;Mingiu;x;
9624;177;117;12;Kale;x;
9625;9;120;140;Chin;x;
9626;51;123;13;Bogale;x;
9627;93;126;141;Thaton;x;
9628;135;129;14;Muttina;x;
9629;177;132;142;Mawlamyine;x;
9630;9;135;15;Taikkala;x;
9631;51;138;143;Negrais;x;
9632;93;141;16;Kusumi;x;
9633;135;144;144;Myaungmya;x;
9634;177;147;17;Taungdwingyi;x;
9635;9;150;145;Tharrawaddy;x;
9636;51;153;18;Phyu;x;
9637;93;156;146;Sittaung;x;
9638;135;159;19;Shwegyin;x;
9639;177;162;147;Myinmu;x;
9640;9;165;20;Madaya;x;
9641;51;168;148;Singu;x;
9642;93;171;21;Momeik;x;
9643;135;174;149;Takon;x;
9644;177;177;22;Katha;x;
9645;9;180;150;Htigyaing;x;
9646;51;183;23;Myedu;x;
9647;93;186;151;Hanlan;x;
9648;135;189;24;Kalinganagara;x;
9649;177;192;152;Srikakulam;x;
9650;9;195;25;Ganjam;x;
9651;51;198;153;Gopalpur;x;
9652;93;201;26;Rayagada;x;
9653;135;204;154;Asurgarh;x;
9654;177;207;27;Bangaon;x;
9655;9;210;155;Jalalghar;x;
9656;51;0;28;Burhi_Gandak;x;
9657;93;3;156;Udaipur;x;
9658;135;6;29;Thaungdut;x;
9659;177;9;157;Kanker;x;
9660;9;12;30;TIANSHAN;x;
9661;51;15;158;;x;
9662;93;18;31;;x;
9663;135;21;159;;x;
9664;177;24;32;;x;
9665;9;27;160;;x;
9666;51;30;33;;x;
9667;93;33;161;;x;
9668;135;36;34;;x;
9669;177;39;162;;x;
9670;9;42;35;;x;
9671;51;45;163;;x;
9672;93;48;36;;x;
9673;135;51;164;;x;
9674;177;54;37;;x;
9675;9;57;165;;x;
9676;51;60;38;;x;
9677;93;63;166;;x;
9678;135;66;39;;x;
9679;177;69;167;;x;
9680;9;72;40;;x;
9681;51;75;168;;x;
9682;93;78;41;;x;
9683;135;81;169;;x;
9684;177;84;42;;x;
9685;9;87;170;;x;
9686;51;90;43;;x;
9687;93;93;171;;x;
9688;135;96;44;;x;
9689;177;99;172;;x;
9690;9;102;45;;x;
9691;51;105;173;;x;
9692;93;108;46;;x;
9693;135;111;174;;x;
9694;177;114;47;;x;
9695;9;117;175;;x;
9696;51;120;48;;x;
9697;93;123;176;;x;
9698;135;126;49;;x;
9699;177;129;177;;x;
9700;9;132;50;;x;
9701;51;135;178;;x;
9702;93;138;51;;x;
9703;135;141;179;;x;
9704;177;144;52;;x;
9705;9;147;180;;x;
9706;51;150;53;;x;
9707;93;153;181;;x;
9708;135;156;54;;x;
9709;177;159;182;;x;
9710;9;162;55;;x;
9711;51;165;183;;x;
9712;93;168;56;;x;
9713;135;171;184;;x;
9714;177;174;57;;x;
9715;9;177;185;;x;
9716;51;180;58;;x;
9717;93;183;186;;x;
9718;135;186;59;;x;
9719;177;189;187;;x;
9720;9;192;60;;x;
9721;51;195;188;;x;
9722;93;198;61;;x;
9723;135;201;189;;x;
9724;177;204;62;;x;
9725;9;207;190;;x;
9726;51;210;63;;x;
9727;93;100;191;;x;
9728;135;3;64;;x;
9729;177;6;192;;x;
9730;9;9;65;;x;
9731;51;12;193;;x;
9732;93;15;66;;x;
9733;135;18;194;;x;
9734;177;21;67;;x;
9735;9;24;195;;x;
9736;51;27;68;;x;
9737;93;30;196;;x;
9738;135;33;69;;x;
9739;177;36;197;;x;
9740;9;39;70;;x;
9741;51;42;198;;x;
9742;93;45;71;;x;
9743;135;48;199;;x;
9744;177;51;72;;x;
9745;9;54;200;;x;
9746;51;57;73;;x;
9747;93;60;201;;x;
9748;135;63;74;;x;
9749;177;66;202;;x;
9750;9;69;75;;x;
9751;51;72;203;;x;
9752;93;75;76;;x;
9753;135;78;204;;x;
9754;177;81;77;;x;
9755;9;84;205;;x;
9756;51;87;78;;x;
9757;93;90;206;;x;
9758;135;93;79;;x;
9759;177;96;207;;x;
9760;9;99;80;;x;
9761;51;102;208;;x;
9762;93;105;81;;x;
9763;135;108;209;;x;
9764;177;111;82;;x;
9765;9;114;210;;x;
9766;51;117;83;;x;
9767;93;120;211;;x;
9768;135;123;84;;x;
9769;177;126;212;;x;
9770;9;129;85;;x;
9771;51;132;213;;x;
9772;93;135;86;;x;
9773;135;138;214;;x;
9774;177;141;87;;x;
9775;9;144;215;;x;
9776;51;147;88;;x;
9777;93;150;216;;x;
9778;135;153;89;;x;
9779;177;156;217;;x;
9780;9;159;90;;x;
9781;51;162;218;;x;
9782;93;165;91;;x;
9783;135;168;219;;x;
9784;177;171;92;;x;
9785;9;174;220;;x;
9786;51;177;93;;x;
9787;93;180;221;;x;
9788;135;183;94;;x;
9789;177;186;222;;x;
9790;9;189;95;;x;
9791;51;192;223;;x;
9792;93;195;96;;x;
9793;135;198;224;;x;
9794;177;201;97;;x;
9795;9;204;225;;x;
9796;51;207;98;;x;
9797;93;210;226;;x;
9798;135;0;99;;x;
9799;177;3;227;;x;
9800;9;6;0;;x;
9801;51;9;128;;x;
9802;93;12;1;;x;
9803;135;15;129;;x;
9804;177;18;2;;x;
9805;9;21;130;;x;
9806;51;24;3;;x;
9807;93;27;131;;x;
9808;135;30;4;;x;
9809;177;33;132;;x;
9810;9;36;5;;x;
9811;51;39;133;;x;
9812;93;42;6;;x;
9813;135;45;134;;x;
9814;177;48;7;;x;
9815;9;51;135;;x;
9816;51;54;8;;x;
9817;93;57;136;;x;
9818;135;60;9;;x;
9819;177;63;137;;x;
9820;9;66;10;;x;
9821;51;69;138;;x;
9822;93;72;11;;x;
9823;135;75;139;;x;
9824;177;78;12;;x;
9825;9;81;140;;x;
9826;51;84;13;;x;
9827;93;87;141;;x;
9828;135;90;14;;x;
9829;177;93;142;;x;
9830;9;96;15;;x;
9831;51;99;143;;x;
9832;93;102;16;;x;
9833;135;105;144;;x;
9834;177;108;17;;x;
9835;9;111;145;;x;
9836;51;114;18;;x;
9837;93;117;146;;x;
9838;135;120;19;;x;
9839;177;123;147;;x;
9840;9;126;20;;x;
9841;51;129;148;;x;
9842;93;132;21;;x;
9843;135;135;149;;x;
9844;177;138;22;;x;
9845;9;141;150;;x;
9846;51;144;23;;x;
9847;93;147;151;;x;
9848;135;150;24;;x;
9849;177;153;152;;x;
9850;9;156;25;;x;
9851;51;159;153;;x;
9852;93;162;26;;x;
9853;135;165;154;;x;
9854;177;168;27;;x;
9855;9;171;155;;x;
9856;51;174;28;;x;
9857;93;177;156;;x;
9858;135;180;29;;x;
9859;177;183;157;;x;
9860;9;186;30;;x;
9861;51;189;158;;x;
9862;93;192;31;;x;
9863;135;195;159;;x;
9864;177;198;32;;x;
9865;9;201;160;;x;
9866;51;204;33;;x;
9867;93;207;161;;x;
9868;135;210;34;;x;
9869;177;0;162;;x;
9870;9;3;35;;x;
9871;51;6;163;;x;
9872;93;9;36;;x;
9873;135;12;164;;x;
9874;177;15;37;;x;
9875;9;18;165;;x;
9876;51;21;38;;x;
9877;93;24;166;;x;
9878;135;27;39;;x;
9879;177;30;167;;x;
9880;9;33;40;;x;
9881;51;36;168;;x;
9882;93;39;41;;x;
9883;135;42;169;;x;
9884;177;45;42;;x;
9885;9;48;170;;x;
9886;51;51;43;;x;
9887;93;54;171;;x;
9888;135;57;44;;x;
9889;177;60;172;;x;
9890;9;63;45;;x;
9891;51;66;173;;x;
9892;93;69;46;;x;
9893;135;72;174;;x;
9894;177;75;47;;x;
9895;9;78;175;;x;
9896;51;81;48;;x;
9897;93;84;176;;x;
9898;135;87;49;;x;
9899;177;90;177;;x;
9900;9;93;50;;x;
9901;51;96;178;;x;
9902;93;99;51;;x;
9903;135;102;179;;x;
9904;177;105;52;;x;
9905;9;108;180;;x;
9906;51;111;53;;x;
9907;93;114;181;;x;
9908;135;117;54;;x;
9909;177;120;182;;x;
9910;9;123;55;;x;
9911;51;126;183;;x;
9912;93;129;56;;x;
9913;135;132;184;;x;
9914;177;135;57;;x;
9915;9;138;185;;x;
9916;51;141;58;;x;
9917;93;144;186;;x;
9918;135;147;59;;x;
9919;177;150;187;;x;
9920;9;153;60;;x;
9921;51;156;188;;x;
9922;93;159;61;;x;
9923;135;162;189;;x;
9924;177;165;62;;x;
9925;9;168;190;;x;
9926;51;171;63;;x;
9927;93;174;191;;x;
9928;135;177;64;;x;
9929;177;180;192;;x;
9930;9;183;65;;x;
9931;51;186;193;;x;
9932;93;189;66;;x;
9933;135;192;194;;x;
9934;177;195;67;;x;
9935;9;198;195;;x;
9936;51;201;68;;x;
9937;93;204;196;;x;
9938;135;207;69;;x;
9939;177;210;197;;x;
9940;9;0;70;;x;
9941;51;3;198;;x;
9942;93;6;71;;x;
9943;135;9;199;;x;
9944;177;12;72;;x;
9945;9;15;200;;x;
9946;51;18;73;;x;
9947;93;21;201;;x;
9948;135;24;74;;x;
9949;177;27;202;;x;
9950;9;30;75;;x;
9951;51;33;203;;x;
9952;93;36;76;;x;
9953;135;39;204;;x;
9954;177;42;77;;x;
9955;9;45;205;;x;
9956;51;48;78;;x;
9957;93;51;206;;x;
9958;135;54;79;;x;
9959;177;57;207;;x;
9960;9;60;80;;x;
9961;51;63;208;;x;
9962;93;66;81;;x;
9963;135;69;209;;x;
9964;177;72;82;;x;
9965;9;75;210;;x;
9966;51;78;83;;x;
9967;93;81;211;;x;
9968;135;84;84;;x;
9969;177;87;212;;x;
9970;9;90;85;;x;
9971;51;93;213;;x;
9972;93;96;86;;x;
9973;135;99;214;;x;
9974;177;102;87;;x;
9975;9;105;215;;x;
9976;51;108;88;;x;
9977;93;111;216;;x;
9978;135;114;89;;x;
9979;177;117;217;;x;
9980;9;120;90;;x;
9981;51;123;218;;x;
9982;93;126;91;;x;
9983;135;129;219;;x;
9984;177;132;92;;x;
9985;9;135;220;;x;
9986;51;138;93;;x;
9987;93;141;221;;x;
9988;135;144;94;;x;
9989;177;147;222;;x;
9990;9;150;95;;x;
9991;51;153;223;;x;
9992;93;156;96;;x;
9993;135;159;224;;x;
9994;177;162;97;;x;
9995;9;165;225;;x;
9996;51;168;98;;x;
9997;93;171;226;;x;
9998;135;174;99;;x;
9999;177;177;227;;x;
10000;10;180;0;;x;
10001;52;183;128;;x;
10002;94;186;1;;x;
10003;136;189;129;;x;
10004;178;192;2;;x;
10005;10;195;130;;x;
10006;52;198;3;;x;
10007;94;201;131;;x;
10008;136;204;4;;x;
10009;178;207;132;;x;
10010;10;210;5;;x;
10011;52;0;133;;x;
10012;94;3;6;;x;
10013;136;6;134;;x;
10014;178;9;7;;x;
10015;10;12;135;;x;
10016;52;15;8;;x;
10017;94;18;136;;x;
10018;136;21;9;;x;
10019;178;24;137;;x;
10020;10;27;10;;x;
10021;52;30;138;;x;
10022;94;33;11;;x;
10023;136;36;139;;x;
10024;178;39;12;;x;
10025;10;42;140;;x;
10026;52;45;13;;x;
10027;94;48;141;;x;
10028;136;51;14;;x;
10029;178;54;142;;x;
10030;10;57;15;;x;
10031;52;60;143;;x;
10032;94;63;16;;x;
10033;136;66;144;;x;
10034;178;69;17;;x;
10035;10;72;145;;x;
10036;52;75;18;;x;
10037;94;78;146;;x;
10038;136;81;19;;x;
10039;178;84;147;;x;
10040;10;87;20;;x;
10041;52;90;148;;x;
10042;94;93;21;;x;
10043;136;96;149;;x;
10044;178;99;22;;x;
10045;10;102;150;;x;
10046;52;105;23;;x;
10047;94;108;151;;x;
10048;136;111;24;;x;
10049;178;114;152;;x;
10050;10;117;25;;x;
10051;52;120;153;;x;
10052;94;123;26;;x;
10053;136;126;154;;x;
10054;178;129;27;;x;
10055;10;132;155;;x;
10056;52;135;28;;x;
10057;94;138;156;;x;
10058;136;141;29;;x;
10059;178;144;157;;x;
10060;10;147;30;;x;
10061;52;150;158;;x;
10062;94;153;31;;x;
10063;136;156;159;;x;
10064;178;159;32;;x;
10065;10;162;160;;x;
10066;52;165;33;;x;
10067;94;168;161;;x;
10068;136;171;34;;x;
10069;178;174;162;;x;
10070;10;177;35;;x;
10071;52;180;163;;x;
10072;94;183;36;;x;
10073;136;186;164;;x;
10074;178;189;37;;x;
10075;10;192;165;;x;
10076;52;195;38;;x;
10077;94;198;166;;x;
10078;136;201;39;;x;
10079;178;204;167;;x;
10080;10;207;40;;x;
10081;52;210;168;;x;
10082;94;0;41;;x;
10083;136;3;169;;x;
10084;178;6;42;;x;
10085;10;9;170;;x;
10086;52;12;43;;x;
10087;94;15;171;;x;
10088;136;18;44;;x;
10089;178;21;172;;x;
10090;10;24;45;;x;
10091;52;27;173;;x;
10092;94;30;46;;x;
10093;136;33;174;;x;
10094;178;36;47;;x;
10095;10;39;175;;x;
10096;52;42;48;;x;
10097;94;45;176;;x;
10098;136;48;49;;x;
10099;178;51;177;;x;
10100;10;54;50;;x;
10101;52;57;178;;x;
10102;94;60;51;;x;
10103;136;63;179;;x;
10104;178;66;52;;x;
10105;10;69;180;;x;
10106;52;72;53;;x;
10107;94;75;181;;x;
10108;136;78;54;;x;
10109;178;81;182;;x;
10110;10;84;55;;x;
10111;52;87;183;;x;
10112;94;90;56;;x;
10113;136;93;184;;x;
10114;178;96;57;;x;
10115;10;99;185;;x;
10116;52;102;58;;x;
10117;94;105;186;;x;
10118;136;108;59;;x;
10119;178;111;187;;x;
10120;10;114;60;;x;
10121;52;117;188;;x;
10122;94;120;61;;x;
10123;136;123;189;;x;
10124;178;126;62;;x;
10125;10;129;190;;x;
10126;52;132;63;;x;
10127;94;135;191;;x;
10128;136;138;64;;x;
10129;178;141;192;;x;
10130;10;144;65;;x;
10131;52;147;193;;x;
10132;94;150;66;;x;
10133;136;153;194;;x;
10134;178;156;67;;x;
10135;10;159;195;;x;
10136;52;162;68;;x;
10137;94;165;196;;x;
10138;136;168;69;;x;
10139;178;171;197;;x;
10140;10;174;70;;x;
10141;52;177;198;;x;
10142;94;180;71;;x;
10143;136;183;199;;x;
10144;178;186;72;;x;
10145;10;189;200;;x;
10146;52;192;73;;x;
10147;94;195;201;;x;
10148;136;198;74;;x;
10149;178;201;202;;x;
10150;10;204;75;;x;
10151;52;207;203;;x;
10152;94;210;76;;x;
10153;136;0;204;;x;
10154;178;3;77;;x;
10155;10;6;205;;x;
10156;52;9;78;;x;
10157;94;12;206;;x;
10158;136;15;79;;x;
10159;178;18;207;;x;
10160;10;21;80;;x;
10161;52;24;208;;x;
10162;94;27;81;;x;
10163;136;30;209;;x;
10164;178;33;82;;x;
10165;10;36;210;;x;
10166;52;39;83;;x;
10167;94;42;211;;x;
10168;136;45;84;;x;
10169;178;48;212;;x;
10170;10;51;85;;x;
10171;52;54;213;;x;
10172;94;57;86;;x;
10173;136;60;214;;x;
10174;178;63;87;;x;
10175;10;66;215;;x;
10176;52;69;88;;x;
10177;94;72;216;;x;
10178;136;75;89;;x;
10179;178;78;217;;x;
10180;10;81;90;;x;
10181;52;84;218;;x;
10182;94;87;91;;x;
10183;136;90;219;;x;
10184;178;93;92;;x;
10185;10;96;220;;x;
10186;52;99;93;;x;
10187;94;102;221;;x;
10188;136;105;94;;x;
10189;178;108;222;;x;
10190;10;111;95;;x;
10191;52;114;223;;x;
10192;94;117;96;;x;
10193;136;120;224;;x;
10194;178;123;97;;x;
10195;10;126;225;;x;
10196;52;129;98;;x;
10197;94;132;226;;x;
10198;136;135;99;;x;
10199;178;138;227;;x;
10200;10;141;0;;x;
10201;52;144;128;;x;
10202;94;147;1;;x;
10203;136;150;129;;x;
10204;178;153;2;;x;
10205;10;156;130;;x;
10206;52;159;3;;x;
10207;94;162;131;;x;
10208;136;165;4;;x;
10209;178;168;132;;x;
10210;10;171;5;;x;
10211;52;174;133;;x;
10212;94;177;6;;x;
10213;136;180;134;;x;
10214;178;183;7;;x;
10215;10;186;135;;x;
10216;52;189;8;;x;
10217;94;192;136;;x;
10218;136;195;9;;x;
10219;178;198;137;;x;
10220;10;201;10;;x;
10221;52;204;138;;x;
10222;94;207;11;;x;
10223;136;210;139;;x;
10224;178;0;12;;x;
10225;10;3;140;;x;
10226;52;6;13;;x;
10227;94;9;141;;x;
10228;136;12;14;;x;
10229;178;15;142;;x;
10230;10;18;15;;x;
10231;52;21;143;;x;
10232;94;24;16;;x;
10233;136;27;144;;x;
10234;178;30;17;;x;
10235;10;33;145;;x;
10236;52;36;18;;x;
10237;94;39;146;;x;
10238;136;42;19;;x;
10239;178;45;147;;x;
10240;10;48;20;;x;
10241;52;51;148;;x;
10242;94;54;21;;x;
10243;136;57;149;;x;
10244;178;60;22;;x;
10245;10;63;150;;x;
10246;52;66;23;;x;
10247;94;69;151;;x;
10248;136;72;24;;x;
10249;178;75;152;;x;
10250;10;78;25;;x;
10251;52;81;153;;x;
10252;94;84;26;;x;
10253;136;87;154;;x;
10254;178;90;27;;x;
10255;10;93;155;;x;
10256;52;96;28;;x;
10257;94;99;156;;x;
10258;136;102;29;;x;
10259;178;105;157;;x;
10260;10;108;30;;x;
10261;52;111;158;;x;
10262;94;114;31;;x;
10263;136;117;159;;x;
10264;178;120;32;;x;
10265;10;123;160;;x;
10266;52;126;33;;x;
10267;94;129;161;;x;
10268;136;132;34;;x;
10269;178;135;162;;x;
10270;10;138;35;;x;
10271;52;141;163;;x;
10272;94;144;36;;x;
10273;136;147;164;;x;
10274;178;150;37;;x;
10275;10;153;165;;x;
10276;52;156;38;;x;
10277;94;159;166;;x;
10278;136;162;39;;x;
10279;178;165;167;;x;
10280;10;168;40;;x;
10281;52;171;168;;x;
10282;94;174;41;;x;
10283;136;177;169;;x;
10284;178;180;42;;x;
10285;10;183;170;;x;
10286;52;186;43;;x;
10287;94;189;171;;x;
10288;136;192;44;;x;
10289;178;195;172;;x;
10290;10;198;45;;x;
10291;52;201;173;;x;
10292;94;204;46;;x;
10293;136;207;174;;x;
10294;178;210;47;;x;
10295;10;0;175;;x;
10296;52;3;48;;x;
10297;94;6;176;;x;
10298;136;9;49;;x;
10299;178;12;177;;x;
10300;10;15;50;;x;
10301;52;18;178;;x;
10302;94;21;51;;x;
10303;136;24;179;;x;
10304;178;27;52;;x;
10305;10;30;180;;x;
10306;52;33;53;;x;
10307;94;36;181;;x;
10308;136;39;54;;x;
10309;178;42;182;;x;
10310;10;45;55;;x;
10311;52;48;183;;x;
10312;94;51;56;;x;
10313;136;54;184;;x;
10314;178;57;57;;x;
10315;10;60;185;;x;
10316;52;63;58;;x;
10317;94;66;186;;x;
10318;136;69;59;;x;
10319;178;72;187;;x;
10320;10;75;60;;x;
10321;52;78;188;;x;
10322;94;81;61;;x;
10323;136;84;189;;x;
10324;178;87;62;;x;
10325;10;90;190;;x;
10326;52;93;63;;x;
10327;94;96;191;;x;
10328;136;99;64;;x;
10329;178;102;192;;x;
10330;10;105;65;;x;
10331;52;108;193;;x;
10332;94;111;66;;x;
10333;136;114;194;;x;
10334;178;117;67;;x;
10335;10;120;195;;x;
10336;52;123;68;;x;
10337;94;126;196;;x;
10338;136;129;69;;x;
10339;178;132;197;;x;
10340;10;135;70;;x;
10341;52;138;198;;x;
10342;94;141;71;;x;
10343;136;144;199;;x;
10344;178;147;72;;x;
10345;10;150;200;;x;
10346;52;153;73;;x;
10347;164;156;201;Anagni;x;
10348;136;159;74;;x;
10349;178;162;202;;x;
10350;10;165;75;;x;
10351;52;168;203;;x;
10352;94;171;76;;x;
10353;136;174;204;;x;
10354;178;177;77;;x;
10355;10;180;205;;x;
10356;52;183;78;;x;
10357;94;186;206;;x;
10358;136;189;79;;x;
10359;178;192;207;;x;
10360;10;195;80;;x;
10361;52;198;208;;x;
10362;94;201;81;;x;
10363;136;204;209;;x;
10364;178;207;82;;x;
10365;10;210;210;;x;
10366;52;0;83;;x;
10367;94;3;211;;x;
10368;136;6;84;;x;
10369;178;9;212;;x;
10370;10;12;85;;x;
10371;52;15;213;;x;
10372;94;18;86;;x;
10373;136;21;214;;x;
10374;178;24;87;;x;
10375;10;27;215;;x;
10376;52;30;88;;x;
10377;94;33;216;;x;
10378;136;36;89;;x;
10379;178;39;217;;x;
10380;10;42;90;;x;
10381;52;45;218;;x;
10382;94;48;91;;x;
10383;136;51;219;;x;
10384;178;54;92;;x;
10385;10;57;220;;x;
10386;52;60;93;;x;
10387;94;63;221;;x;
10388;136;66;94;;x;
10389;178;69;222;;x;
10390;10;72;95;;x;
10391;52;75;223;;x;
10392;94;78;96;;x;
10393;136;81;224;;x;
10394;178;84;97;;x;
10395;10;87;225;;x;
10396;52;90;98;;x;
10397;94;93;226;;x;
10398;136;96;99;;x;
10399;178;99;227;;x;
10400;10;102;0;;x;
10401;52;105;128;;x;
10402;94;108;1;;x;
10403;136;111;129;;x;
10404;178;114;2;;x;
10405;10;117;130;;x;
10406;52;120;3;;x;
10407;94;123;131;;x;
10408;136;126;4;;x;
10409;178;129;132;;x;
10410;10;132;5;;x;
10411;52;135;133;;x;
10412;94;138;6;;x;
10413;136;141;134;;x;
10414;178;144;7;;x;
10415;10;147;135;;x;
10416;52;150;8;;x;
10417;94;153;136;;x;
10418;136;156;9;;x;
10419;178;159;137;;x;
10420;10;162;10;;x;
10421;52;165;138;;x;
10422;94;168;11;;x;
10423;136;171;139;;x;
10424;178;174;12;;x;
10425;10;177;140;;x;
10426;52;180;13;;x;
10427;94;183;141;;x;
10428;136;186;14;;x;
10429;178;189;142;;x;
10430;10;192;15;;x;
10431;52;195;143;;x;
10432;94;198;16;;x;
10433;136;201;144;;x;
10434;178;204;17;;x;
10435;10;207;145;;x;
10436;52;210;18;;x;
10437;94;0;146;;x;
10438;136;3;19;;x;
10439;178;6;147;;x;
10440;10;9;20;;x;
10441;52;12;148;;x;
10442;94;15;21;;x;
10443;136;18;149;;x;
10444;178;21;22;;x;
10445;10;24;150;;x;
10446;52;27;23;;x;
10447;94;30;151;;x;
10448;136;33;24;;x;
10449;178;36;152;;x;
10450;10;39;25;;x;
10451;52;42;153;;x;
10452;94;45;26;;x;
10453;136;48;154;;x;
10454;178;91;27;Selkirk;x;
10455;110;54;155;Kelso;x;
10456;52;57;28;;x;
10457;94;60;156;;x;
10458;136;63;29;;x;
10459;178;66;157;;x;
10460;10;69;30;;x;
10461;52;72;158;;x;
10462;94;75;31;;x;
10463;136;78;159;;x;
10464;178;81;32;;x;
10465;10;84;160;;x;
10466;52;87;33;;x;
10467;94;90;161;;x;
10468;136;93;34;;x;
10469;178;96;162;;x;
10470;10;99;35;;x;
10471;52;102;163;;x;
10472;94;105;36;;x;
10473;136;108;164;;x;
10474;178;111;37;;x;
10475;10;114;165;;x;
10476;52;117;238;Montrose;x;
10477;94;120;166;;x;
10478;136;123;39;;x;
10479;178;126;167;;x;
10480;10;129;40;;x;
10481;52;132;168;;x;
10482;94;135;41;;x;
10483;136;138;169;;x;
10484;178;141;42;;x;
10485;10;144;170;;x;
10486;52;147;43;;x;
10487;94;150;171;;x;
10488;136;153;44;;x;
10489;178;156;172;;x;
10490;10;159;45;;x;
10491;52;162;173;;x;
10492;94;165;46;;x;
10493;136;168;174;;x;
10494;178;171;47;;x;
10495;10;174;175;;x;
10496;52;177;48;;x;
10497;94;180;176;;x;
10498;136;183;49;;x;
10499;178;186;177;;x;
10500;0;0;232;;x;
10501;1;0;236;;x;
10502;2;0;240;;x;
10503;3;0;244;;x;
10504;4;0;248;;x;
10505;5;0;232;;x;
10506;6;0;236;;x;
10507;7;0;240;;x;
10508;8;0;244;;x;
10509;109;15;244;;x;
10510;10;0;232;;x;
10511;11;0;236;;x;
10512;12;0;240;;x;
10513;13;0;244;;x;
10514;14;0;248;;x;
10515;15;0;232;;x;
10516;255;60;160;;x;
10517;17;0;240;;x;
10518;18;0;244;;x;
10519;19;0;248;;x;
10520;20;0;232;;x;
10521;21;0;236;;x;
10522;22;0;240;;x;
10523;23;0;244;;x;
10524;106;0;236;;x;
10525;25;0;232;;x;
10526;26;0;236;;x;
10527;27;0;240;;x;
10528;28;0;244;;x;
10529;29;0;248;;x;
10530;30;0;232;;x;
10531;31;0;236;;x;
10532;32;0;240;;x;
10533;33;0;244;;x;
10534;34;0;248;;x;
10535;35;0;232;;x;
10536;36;0;236;;x;
10537;37;0;240;;x;
10538;38;0;244;;x;
10539;72;0;240;;x;
10540;73;0;244;;x;
10541;100;0;232;;x;
10542;42;0;240;;x;
10543;43;0;244;;x;
10544;44;0;248;;x;
10545;255;10;40;;x;
10546;46;0;236;;x;
10547;47;0;240;;x;
10548;126;2;236;;x;
10549;49;0;248;;x;
10550;50;0;232;;x;
10551;51;0;236;;x;
10552;52;0;240;;x;
10553;255;11;120;;x;
10554;54;0;248;;x;
10555;55;0;232;;x;
10556;56;0;236;;x;
10557;255;1;40;;x;
10558;58;0;244;;x;
10559;59;0;248;;x;
10560;60;0;232;;x;
10561;255;4;40;;x;
10562;115;0;232;;x;
10563;63;0;244;;x;
10564;64;0;248;;x;
10565;65;0;232;;x;
10566;66;0;236;;x;
10567;67;0;240;;x;
10568;68;0;244;;x;
10569;69;0;248;;x;
10570;70;0;232;;x;
10571;71;0;236;;x;
10572;39;0;248;;x;
10573;40;0;232;;x;
10574;74;0;248;;x;
10575;255;17;120;;x;
10576;76;0;236;;x;
10577;77;0;240;;x;
10578;78;0;244;;x;
10579;79;0;248;;x;
10580;255;27;160;;x;
10581;81;0;236;;x;
10582;82;0;240;;x;
10583;83;0;244;;x;
10584;84;0;248;;x;
10585;114;0;248;;x;
10586;255;3;160;;x;
10587;87;0;240;;x;
10588;88;0;244;;x;
10589;89;0;248;;x;
10590;90;0;232;;x;
10591;91;0;236;;x;
10592;92;0;240;;x;
10593;93;0;244;;x;
10594;94;0;248;;x;
10595;95;0;232;;x;
10596;96;0;236;;x;
10597;255;15;160;;x;
10598;98;0;244;;x;
10599;99;0;248;;x;
10600;41;0;236;;x;
10601;101;0;236;;x;
10602;102;0;240;;x;
10603;103;0;244;;x;
10604;104;0;248;;x;
10605;105;0;232;;x;
10606;24;0;248;;x;
10607;107;0;240;;x;
10608;108;0;244;;x;
10609;109;0;248;;x;
10610;110;0;232;;x;
10611;111;0;236;;x;
10612;112;0;240;;x;
10613;113;0;244;;x;
10614;85;0;232;;x;
10615;62;0;240;;x;
10616;116;0;236;;x;
10617;117;0;240;;x;
10618;118;0;244;;x;
10619;119;0;248;;x;
10620;120;2;232;;x;
10621;121;2;236;;x;
10622;255;44;120;;x;
10623;123;2;244;;x;
10624;124;2;248;;x;
10625;125;2;232;;x;
10626;48;0;244;;x;
10627;57;0;240;;x;
10628;255;2;120;;x;
10629;86;0;236;;x;
10630;61;0;236;;x;
10631;255;5;120;;x;
10632;255;6;160;;x;
10633;255;7;40;;x;
10634;255;8;120;;x;
10635;255;9;160;;x;
10636;45;0;232;;x;
10637;53;0;244;;x;
10638;255;12;160;;x;
10639;255;13;40;;x;
10640;255;14;120;;x;
10641;97;0;240;;x;
10642;255;16;40;;x;
10643;75;0;232;;x;
10644;255;18;160;;x;
10645;255;19;40;;x;
10646;255;20;120;;x;
10647;255;21;160;;x;
10648;255;22;40;;x;
10649;255;23;120;;x;
10650;255;24;160;;x;
10651;255;25;40;;x;
10652;255;26;120;;x;
10653;80;0;232;;x;
10654;255;28;40;;x;
10655;255;29;120;;x;
10656;255;30;160;;x;
10657;255;31;40;;x;
10658;255;32;120;;x;
10659;255;33;160;;x;
10660;255;34;40;;x;
10661;255;35;160;;x;
10662;255;36;120;;x;
10663;255;37;40;;x;
10664;255;38;120;;x;
10665;255;39;160;;x;
10666;255;40;40;;x;
10667;255;41;120;;x;
10668;255;42;160;;x;
10669;255;43;40;;x;
10670;122;2;240;;x;
10671;255;45;160;;x;
10672;255;46;40;;x;
10673;255;47;120;;x;
10674;255;48;160;;x;
10675;255;49;40;;x;
10676;255;50;120;;x;
10677;255;51;160;;x;
10678;255;52;40;;x;
10679;255;53;120;;x;
10680;255;54;160;;x;
10681;255;55;40;;x;
10682;255;56;120;;x;
10683;255;57;160;;x;
10684;255;58;40;;x;
10685;255;59;120;;x;
10686;16;0;236;;x;
10687;0;2;240;;x;
10688;1;2;244;;x;
10689;2;2;248;;x;
10690;3;2;232;;x;
10691;4;2;236;;x;
10692;99;2;236;;x;
10693;6;2;244;;x;
10694;7;2;248;;x;
10695;8;2;232;;x;
10696;9;2;236;;x;
10697;73;2;232;;x;
10698;11;2;244;;x;
10699;89;2;236;;x;
10700;13;2;232;;x;
10701;100;2;240;;x;
10702;15;2;240;;x;
10703;16;2;244;;x;
10704;17;2;248;;x;
10705;18;2;232;;x;
10706;19;2;236;;x;
10707;20;2;240;;x;
10708;21;2;244;;x;
10709;22;2;248;;x;
10710;23;2;232;;x;
10711;24;2;236;;x;
10712;91;2;244;;x;
10713;26;2;244;;x;
10714;27;2;248;;x;
10715;28;2;232;;x;
10716;29;2;236;;x;
10717;30;2;240;;x;
10718;104;2;236;;x;
10719;32;2;248;;x;
10720;33;2;232;;x;
10721;34;2;236;;x;
10722;35;2;240;;x;
10723;36;2;244;;x;
10724;37;2;248;;x;
10725;38;2;232;;x;
10726;39;2;236;;x;
10727;40;2;240;;x;
10728;41;2;244;;x;
10729;42;2;248;;x;
10730;43;2;232;;x;
10731;44;2;236;;x;
10732;45;2;240;;x;
10733;46;2;244;;x;
10734;126;4;244;;x;
10735;48;2;236;;x;
10736;49;2;236;;x;
10737;50;2;240;;x;
10738;112;2;248;;x;
10739;52;2;248;;x;
10740;53;2;232;;x;
10741;94;2;236;;x;
10742;55;2;240;;x;
10743;56;2;244;;x;
10744;57;2;248;;x;
10745;58;2;232;;x;
10746;59;2;236;;x;
10747;60;2;240;;x;
10748;61;2;244;;x;
10749;62;2;248;;x;
10750;63;2;232;;x;
10751;64;2;236;;x;
10752;65;2;240;;x;
10753;66;2;244;;x;
10754;103;2;232;;x;
10755;68;2;232;;x;
10756;69;2;236;;x;
10757;70;2;240;;x;
10758;123;4;232;;x;
10759;72;2;248;;x;
10760;10;2;240;;x;
10761;74;2;236;;x;
10762;75;2;240;;x;
10763;76;2;244;;x;
10764;77;2;248;;x;
10765;78;2;232;;x;
10766;79;2;236;;x;
10767;80;2;240;;x;
10768;81;2;244;;x;
10769;82;2;248;;x;
10770;83;2;232;;x;
10771;119;4;236;;x;
10772;85;2;240;;x;
10773;86;2;244;;x;
10774;87;2;248;;x;
10775;109;2;236;;x;
10776;12;2;248;;x;
10777;108;2;232;;x;
10778;25;2;240;;x;
10779;92;2;248;;x;
10780;93;2;232;;x;
10781;54;2;236;;x;
10782;95;2;240;;x;
10783;96;2;244;;x;
10784;97;2;248;;x;
10785;98;2;232;;x;
10786;5;2;240;;x;
10787;14;2;236;;x;
10788;101;2;244;;x;
10789;102;2;248;;x;
10790;67;2;248;;x;
10791;31;2;244;;x;
10792;105;2;240;;x;
10793;106;2;244;;x;
10794;107;2;248;;x;
10795;90;2;240;;x;
10796;88;2;232;;x;
10797;110;2;240;;x;
10798;111;2;244;;x;
10799;51;2;244;;x;
10800;113;4;232;;x;
10801;114;4;236;;x;
10802;115;4;240;;x;
10803;47;2;248;;x;
10804;117;4;248;;x;
10805;118;4;232;;x;
10806;84;2;236;;x;
10807;120;4;240;;x;
10808;121;4;244;;x;
10809;0;4;248;;x;
10810;71;2;244;;x;
10811;124;4;236;;x;
10812;125;4;240;;x;
10813;116;4;244;;x;
10814;122;4;248;;x;
10815;1;4;232;;x;
10816;2;4;236;;x;
10817;3;4;240;;x;
10818;4;4;244;;x;
10819;54;4;244;;x;
10820;6;4;232;;x;
10821;7;4;236;;x;
10822;58;4;240;;x;
10823;69;4;244;;x;
10824;10;4;248;;x;
10825;11;4;232;;x;
10826;67;4;236;;x;
10827;13;4;240;;x;
10828;14;4;244;;x;
10829;15;4;248;;x;
10830;16;4;232;;x;
10831;97;4;236;;x;
10832;18;4;240;;x;
10833;19;4;244;;x;
10834;20;4;248;;x;
10835;21;4;232;;x;
10836;22;4;236;;x;
10837;23;4;240;;x;
10838;79;4;244;;x;
10839;25;4;248;;x;
10840;26;4;232;;x;
10841;90;30;244;;x;
10842;28;4;240;;x;
10843;126;6;232;;x;
10844;30;4;248;;x;
10845;31;4;232;;x;
10846;32;4;236;;x;
10847;33;4;240;;x;
10848;34;4;244;;x;
10849;35;4;248;;x;
10850;36;4;232;;x;
10851;37;4;236;;x;
10852;38;4;240;;x;
10853;39;4;244;;x;
10854;40;4;248;;x;
10855;41;4;232;;x;
10856;42;4;236;;x;
10857;43;4;240;;x;
10858;44;4;244;;x;
10859;45;4;248;;x;
10860;46;4;232;;x;
10861;120;18;244;;x;
10862;48;4;240;;x;
10863;49;4;244;;x;
10864;50;4;248;;x;
10865;91;4;232;;x;
10866;52;4;236;;x;
10867;53;4;240;;x;
10868;5;4;244;;x;
10869;55;4;248;;x;
10870;56;4;232;;x;
10871;57;4;236;;x;
10872;8;4;240;;x;
10873;59;4;244;;x;
10874;60;4;248;;x;
10875;61;4;232;;x;
10876;62;4;236;;x;
10877;63;4;240;;x;
10878;12;4;236;;x;
10879;65;4;248;;x;
10880;66;4;232;;x;
10881;64;4;244;;x;
10882;68;4;240;;x;
10883;9;4;244;;x;
10884;70;4;248;;x;
10885;71;4;232;;x;
10886;72;4;236;;x;
10887;73;4;240;;x;
10888;74;4;244;;x;
10889;125;6;248;;x;
10890;27;4;236;;x;
10891;77;4;236;;x;
10892;78;4;240;;x;
10893;24;4;244;;x;
10894;80;4;248;;x;
10895;81;4;232;;x;
10896;82;4;236;;x;
10897;83;4;240;;x;
10898;84;4;244;;x;
10899;85;4;248;;x;
10900;86;4;232;;x;
10901;87;4;236;;x;
10902;88;4;240;;x;
10903;89;4;244;;x;
10904;90;4;248;;x;
10905;51;4;232;;x;
10906;92;4;236;;x;
10907;93;4;240;;x;
10908;94;4;244;;x;
10909;95;4;248;;x;
10910;96;4;232;;x;
10911;17;4;236;;x;
10912;98;4;240;;x;
10913;99;4;244;;x;
10914;100;4;248;;x;
10915;29;4;244;;x;
10916;102;4;236;;x;
10917;103;4;240;;x;
10918;104;4;244;;x;
10919;105;4;248;;x;
10920;106;6;232;;x;
10921;107;6;236;;x;
10922;108;6;240;;x;
10923;109;6;244;;x;
10924;110;6;248;;x;
10925;111;6;232;;x;
10926;112;6;236;;x;
10927;2;6;244;;x;
10928;114;6;244;;x;
10929;115;6;248;;x;
10930;116;6;232;;x;
10931;117;6;236;;x;
10932;118;6;240;;x;
10933;119;6;244;;x;
10934;120;6;248;;x;
10935;121;6;232;;x;
10936;122;6;236;;x;
10937;123;6;240;;x;
10938;124;6;244;;x;
10939;75;4;248;;x;
10940;101;4;232;;x;
10941;0;6;236;;x;
10942;91;6;240;;x;
10943;113;6;244;Pontedera;x;
10944;3;6;248;;x;
10945;4;6;232;;x;
10946;5;6;236;;x;
10947;6;6;240;;x;
10948;7;6;244;;x;
10949;8;6;248;;x;
10950;69;6;232;;x;
10951;10;6;236;;x;
10952;11;6;240;;x;
10953;12;6;244;;x;
10954;13;6;248;;x;
10955;14;6;232;;x;
10956;15;6;236;;x;
10957;16;6;240;;x;
10958;17;6;244;;x;
10959;18;6;248;;x;
10960;19;6;232;;x;
10961;20;6;236;;x;
10962;61;6;240;;x;
10963;22;6;244;;x;
10964;23;6;248;;x;
10965;74;6;232;;x;
10966;25;6;236;;x;
10967;26;6;240;;x;
10968;27;6;244;;x;
10969;28;6;248;;x;
10970;29;6;232;;x;
10971;30;6;236;;x;
10972;31;6;240;;x;
10973;32;6;244;;x;
10974;33;6;248;;x;
10975;34;6;232;;x;
10976;35;6;236;;x;
10977;36;6;240;;x;
10978;37;6;244;;x;
10979;38;6;248;;x;
10980;39;6;232;;x;
10981;40;6;236;;x;
10982;41;6;240;;x;
10983;42;6;244;;x;
10984;43;6;248;;x;
10985;44;6;232;;x;
10986;45;6;236;;x;
10987;46;6;240;;x;
10988;47;6;244;;x;
10989;78;6;248;;x;
10990;49;6;232;;x;
10991;50;6;236;;x;
10992;51;6;240;;x;
10993;52;6;244;;x;
10994;123;8;248;;x;
10995;54;6;232;;x;
10996;9;6;232;;x;
10997;56;6;240;;x;
10998;57;6;244;;x;
10999;58;6;248;;x;
11000;59;6;232;;x;
11001;60;206;236;Perthes;x;
11002;21;6;240;;x;
11003;62;6;244;;x;
11004;63;6;248;;x;
11005;64;6;232;;x;
11006;65;6;236;;x;
11007;66;6;240;;x;
11008;67;6;244;;x;
11009;100;24;244;;x;
11010;55;6;236;;x;
11011;70;6;236;;x;
11012;71;6;240;;x;
11013;72;6;244;;x;
11014;73;6;248;;x;
11015;24;6;232;;x;
11016;75;6;236;;x;
11017;122;8;244;;x;
11018;77;6;244;;x;
11019;48;6;248;;x;
11020;79;6;232;;x;
11021;80;6;236;;x;
11022;81;6;240;;x;
11023;82;6;244;;x;
11024;1;6;240;;x;
11025;84;6;232;;x;
11026;85;6;236;;x;
11027;86;6;240;;x;
11028;87;6;244;;x;
11029;88;6;248;;x;
11030;89;6;232;;x;
11031;90;6;236;;x;
11032;83;6;248;;x;
11033;92;6;244;;x;
11034;93;6;248;;x;
11035;94;6;232;;x;
11036;95;6;236;;x;
11037;96;6;240;;x;
11038;97;6;244;;x;
11039;124;8;232;;x;
11040;99;8;232;;x;
11041;100;8;236;;x;
11042;101;8;240;;x;
11043;102;8;244;;x;
11044;103;8;248;;x;
11045;104;8;232;;x;
11046;105;8;236;;x;
11047;106;8;240;;x;
11048;107;8;244;;x;
11049;108;8;248;;x;
11050;109;8;232;;x;
11051;53;6;248;;x;
11052;111;8;240;;x;
11053;0;8;244;;x;
11054;113;8;248;;x;
11055;114;8;232;;x;
11056;115;8;236;;x;
11057;116;8;240;;x;
11058;117;8;244;;x;
11059;118;8;248;;x;
11060;119;8;232;;x;
11061;120;8;236;;x;
11062;121;8;240;;x;
11063;76;6;240;;x;
11064;110;8;236;;x;
11065;98;6;248;;x;
11066;125;8;236;;x;
11067;126;8;240;;x;
11068;112;8;244;;x;
11069;1;8;248;;x;
11070;222;8;232;Sleaford;x;
11071;3;8;236;;x;
11072;4;8;240;;x;
11073;5;8;244;;x;
11074;6;8;248;;x;
11075;7;8;232;;x;
11076;8;8;236;;x;
11077;59;8;240;;x;
11078;10;8;244;;x;
11079;11;8;248;;x;
11080;12;8;232;;x;
11081;13;8;236;;x;
11082;14;8;240;;x;
11083;15;8;244;;x;
11084;16;8;248;;x;
11085;17;8;232;;x;
11086;18;8;236;;x;
11087;19;8;240;;x;
11088;20;8;244;;x;
11089;21;8;248;;x;
11090;22;8;232;;x;
11091;23;8;236;;x;
11092;24;8;240;;x;
11093;25;8;244;;x;
11094;26;8;248;;x;
11095;27;8;232;;x;
11096;28;8;236;;x;
11097;29;8;240;;x;
11098;30;8;244;;x;
11099;31;8;248;;x;
11100;32;8;232;;x;
11101;33;8;236;;x;
11102;34;8;240;;x;
11103;35;8;244;;x;
11104;36;8;248;;x;
11105;232;8;37;;x;
11106;38;8;236;;x;
11107;39;8;240;;x;
11108;40;8;244;;x;
11109;41;8;248;;x;
11110;42;8;232;;x;
11111;43;8;236;;x;
11112;89;8;240;;x;
11113;45;8;244;;x;
11114;46;8;248;;x;
11115;47;8;232;;x;
11116;48;8;236;;x;
11117;9;8;240;;x;
11118;50;8;244;;x;
11119;51;8;248;;x;
11120;52;8;232;;x;
11121;53;8;236;;x;
11122;84;8;240;;x;
11123;55;8;244;;x;
11124;0;10;232;;x;
11125;57;8;232;;x;
11126;58;8;236;;x;
11127;49;8;240;;x;
11128;60;8;244;;x;
11129;61;8;248;;x;
11130;62;8;232;;x;
11131;63;8;236;;x;
11132;64;8;240;;x;
11133;65;8;244;;x;
11134;66;8;248;;x;
11135;67;8;232;;x;
11136;68;8;236;;x;
11137;69;8;240;;x;
11138;70;8;244;;x;
11139;71;8;248;;x;
11140;1;10;236;;x;
11141;73;8;236;;x;
11142;74;8;240;;x;
11143;75;8;244;;x;
11144;76;8;248;;x;
11145;77;8;232;;x;
11146;78;8;236;;x;
11147;79;8;240;;x;
11148;80;8;244;;x;
11149;81;8;248;;x;
11150;82;8;232;;x;
11151;83;8;236;;x;
11152;54;8;240;;x;
11153;85;8;244;;x;
11154;86;8;248;;x;
11155;87;8;232;;x;
11156;88;8;236;;x;
11157;44;8;240;;x;
11158;90;8;244;;x;
11159;91;8;248;;x;
11160;92;10;232;;x;
11161;93;10;236;;x;
11162;94;10;240;;x;
11163;95;10;244;;x;
11164;96;10;248;;x;
11165;97;10;232;;x;
11166;98;10;236;;x;
11167;99;10;240;;x;
11168;100;10;244;;x;
11169;101;10;248;;x;
11170;102;10;232;;x;
11171;103;10;236;;x;
11172;104;10;240;;x;
11173;105;10;244;;x;
11174;106;10;248;;x;
11175;107;10;232;;x;
11176;108;10;236;;x;
11177;109;10;240;;x;
11178;14;10;248;;x;
11179;111;10;248;;x;
11180;112;10;232;;x;
11181;113;10;236;;x;
11182;114;10;240;;x;
11183;115;10;244;;x;
11184;116;10;248;;x;
11185;2;10;240;;x;
11186;118;10;236;;x;
11187;3;10;244;;x;
11188;120;10;244;;x;
11189;121;10;248;;x;
11190;4;10;248;;x;
11191;123;10;236;;x;
11192;124;10;240;;x;
11193;125;10;244;;x;
11194;126;10;248;;x;
11195;56;8;248;;x;
11196;72;8;232;;x;
11197;117;10;232;;x;
11198;119;10;240;;x;
11199;122;10;232;;x;
11200;5;10;232;;x;
11201;56;10;236;;x;
11202;7;10;240;;x;
11203;8;10;244;;x;
11204;9;10;248;;x;
11205;10;10;232;;x;
11206;11;10;236;;x;
11207;110;10;244;;x;
11208;13;10;244;;x;
11209;12;10;240;;x;
11210;15;10;232;;x;
11211;61;10;236;;x;
11212;17;10;240;;x;
11213;18;10;244;;x;
11214;19;10;248;;x;
11215;20;10;232;;x;
11216;21;10;236;;x;
11217;22;10;240;;x;
11218;23;10;244;;x;
11219;24;10;248;;x;
11220;255;61;133;;x;
11221;26;10;236;;x;
11222;27;10;240;;x;
11223;28;10;244;;x;
11224;29;10;248;;x;
11225;30;10;232;;x;
11226;255;61;129;;x;
11227;32;10;240;;x;
11228;33;10;244;;x;
11229;34;10;248;;x;
11230;35;10;232;;x;
11231;36;10;236;;x;
11232;100;12;232;;x;
11233;38;10;244;;x;
11234;39;10;248;;x;
11235;40;10;232;;x;
11236;41;10;236;;x;
11237;42;10;240;;x;
11238;43;10;244;;x;
11239;44;10;248;;x;
11240;45;10;232;;x;
11241;46;10;236;;x;
11242;47;10;240;;x;
11243;48;10;244;;x;
11244;49;10;248;;x;
11245;50;10;232;;x;
11246;51;10;236;;x;
11247;52;10;240;;x;
11248;53;10;244;;x;
11249;54;10;248;;x;
11250;55;10;232;;x;
11251;6;10;236;;x;
11252;0;12;240;;x;
11253;58;10;244;;x;
11254;1;12;244;;x;
11255;60;10;232;;x;
11256;16;10;236;;x;
11257;62;10;240;;x;
11258;63;10;244;;x;
11259;64;10;248;;x;
11260;65;10;232;;x;
11261;66;10;236;;x;
11262;67;10;240;;x;
11263;68;10;244;;x;
11264;69;10;248;;x;
11265;70;10;232;;x;
11266;71;10;236;;x;
11267;72;10;240;;x;
11268;73;10;244;;x;
11269;2;12;248;;x;
11270;75;10;232;;x;
11271;76;10;236;;x;
11272;77;10;240;;x;
11273;78;10;244;;x;
11274;79;10;248;;x;
11275;37;10;240;;x;
11276;81;10;236;;x;
11277;82;10;240;;x;
11278;83;10;244;;x;
11279;84;10;248;;x;
11280;85;12;232;;x;
11281;86;12;236;;x;
11282;87;12;240;;x;
11283;3;12;232;;x;
11284;89;12;248;Carrouges;x;
11285;90;12;232;Beaumont-sur-Sarthe;x;
11286;4;12;236;Villaines;x;
11287;92;12;240;Bree;x;
11288;93;12;244;Montjean;x;
11289;94;12;248;Pouance;x;
11290;95;12;232;Noyen;x;
11291;96;12;236;Aurignac;x;
11292;97;12;240;Cousernas;x;
11293;98;12;244;Salvagnac;x;
11294;99;12;248;Caussade;x;
11295;80;10;232;Cajarc;x;
11296;101;12;236;Cadars;x;
11297;102;12;240;Severac;x;
11298;103;12;244;Espalion;x;
11299;104;12;248;Florac;x;
11300;105;12;232;Joyeuse;x;
11301;106;12;236;Privas;x;
11302;107;12;240;Valromey;x;
11303;108;12;244;Quingey;x;
11304;109;12;248;Pontarlier;x;
11305;110;12;232;Chablais;x;
11306;111;12;236;Vercors;x;
11307;112;12;240;Saint-Antoine;x;
11308;113;12;244;Orbe;x;
11309;114;12;248;Eymoutiers;x;
11310;115;12;232;Uzerche;x;
11311;9;12;236;Thiviers;x;
11312;117;12;240;Montmoreau;x;
11313;118;12;244;Casseneuil;x;
11314;119;12;248;Labouheyre;x;
11315;120;12;232;Marmoutier;x;
11316;121;12;236;SanktMoritz;x;
11317;122;12;240;Roquefort;x;
11318;123;12;244;Hagenow;x;
11319;124;12;248;Perleberg;x;
11320;13;12;232;Wittstock;x;
11321;126;12;236;Besalu;x;
11322;255;61;128;Cervera;x;
11323;74;10;248;Granollers;x;
11324;14;12;236;Valls;x;
11325;88;12;244;Cambrils;x;
11326;91;12;236;Mora d'Ebre;x;
11327;5;12;240;La Senia;x;
11328;6;12;244;Ares;x;
11329;125;12;232;Rubielos;x;
11330;8;12;232;Calaceite2;x;
11331;116;12;236;Xiva;x;
11332;10;12;240;Rueda;x;
11333;11;12;244;Carinena;x;
11334;12;12;248;Fuentes;x;
11335;7;12;248;Alcubierre;x;
11336;59;10;248;Alfajarin;x;
11337;55;12;240;Pina de Ebro;x;
11338;16;12;244;Argavieso;x;
11339;17;12;248;Candasnos;x;
11340;53;12;232;Calafell;x;
11341;19;12;236;Alcala del Jucar;x;
11342;20;12;240;Motilla;x;
11343;61;12;244;Monteagudo;x;
11344;22;12;248;Canete;x;
11345;73;12;232;Gudalaviar;x;
11346;24;12;236;Paracense;x;
11347;25;12;240;Ariza;x;
11348;56;12;244;Cifuentes;x;
11349;27;12;248;Sacerdon;x;
11350;28;12;232;Torralba;x;
11351;255;61;254;Arbeteta;x;
11352;255;61;130;Traid;x;
11353;31;12;244;Olmos;x;
11354;32;12;248;Malpica;x;
11355;33;12;232;Oropesa;x;
11356;54;12;236;Portoalegre;x;
11357;35;12;240;Canha;x;
11358;51;12;244;Alenquer;x;
11359;255;61;253;Torres Novas;x;
11360;38;12;232;Aljubarrota;x;
11361;39;12;236;Pombal;x;
11362;40;12;240;Agueda;x;
11363;255;61;255;Arouca;x;
11364;42;12;248;Gaia;x;
11365;43;12;232;Aguiair;x;
11366;44;12;236;Valdevez;x;
11367;255;61;131;Melgaco;x;
11368;46;12;244;Uceda;x;
11369;255;61;252;Penahora;x;
11370;48;12;232;Pioz;x;
11371;255;61;132;Oreja;x;
11372;18;12;232;Villarejo;x;
11373;255;61;251;Tarancon;x;
11374;52;12;248;Aranjuez;x;
11375;100;14;240;Almonacid;x;
11376;34;12;236;Orgaz;x;
11377;75;12;240;Cuerva;x;
11378;26;12;244;Ayllon;x;
11379;57;10;240;Osma;x;
11380;71;12;244;Pedraza;x;
11381;59;12;236;Coracera;x;
11382;15;12;240;La Adrada;x;
11383;21;12;244;Sesimbra;x;
11384;31;10;236;El Coronil;x;
11385;72;12;248;Gibraleon;x;
11386;110;15;248;Facanias;x;
11387;77;12;248;Marchena;x;
11388;45;12;240;Lucena;x;
11389;82;14;248;Loja;x;
11390;49;12;236;Gergal;x;
11391;36;12;244;Alpuente;x;
11392;25;10;232;Mojacar;x;
11393;41;12;244;Aledo;x;
11394;79;14;236;Mula;x;
11395;23;12;232;Cartagena;x;
11396;74;12;236;Almendralejo;x;
11397;60;12;240;Alcuescar;x;
11398;76;12;244;Ciudad Real;x;
11399;37;12;248;Alarcos;x;
11400;78;14;232;Saelices;x;
11401;29;12;236;Quintanar;x;
11402;80;14;240;Fuencaliente;x;
11403;81;14;244;Osterholz;x;
11404;47;12;248;Bremervorde;x;
11405;83;14;232;Rotenburg;x;
11406;84;14;236;Langensalza;x;
11407;85;14;240;Wartburg;x;
11408;101;14;244;Salzungen;x;
11409;112;14;248;Eschwege;x;
11410;88;14;232;Melsungen;x;
11411;104;14;236;Fritzlar;x;
11412;90;14;240;Battenberg;x;
11413;91;14;244;Alsfeld;x;
11414;92;14;248;Giessen;x;
11415;93;14;232;Marsberg;x;
11416;94;14;236;Schluchtern;x;
11417;95;14;240;Pinneberg;x;
11418;96;14;244;Lora;x;
11419;97;14;248;Sanabria;x;
11420;98;14;232;Vinhais;x;
11421;99;14;236;Madrigal;x;
11422;50;12;240;Asmesnal;x;
11423;86;14;244;Barruecopardo;x;
11424;102;14;248;Neiva;x;
11425;103;14;232;Lousada;x;
11426;89;14;236;Trancoso;x;
11427;105;14;240;Marbella;x;
11428;106;14;244;Castell de Ferro;x;
11429;107;14;248;Cullar;x;
11430;108;14;232;Magacela;x;
11431;109;14;236;La Serena;x;
11432;110;14;240;Montanchez;x;
11433;111;14;244;Carballo;x;
11434;87;14;248;Alcoi;x;
11435;113;14;232;Mentesa;x;
11436;114;14;236;Alfaro;x;
11437;115;14;240;Agreda;x;
11438;116;14;244;Cortes;x;
11439;117;14;248;Santa Eularia;x;
11440;118;14;232;Formentera;x;
11441;119;14;236;Luna;x;
11442;120;14;240;Izsak;x;
11443;121;14;244;Ineu;x;
11444;122;14;248;Brad;x;
11445;123;14;232;Sebes;x;
11446;124;14;236;Agnita;x;
11447;125;14;240;Kaliakra;x;
11448;126;14;244;Calenberg;x;
11449;0;14;248;Nienburg;x;
11450;70;26;240;Peine;x;
11451;249;14;236;Esche;x;
11452;3;14;240;Salzwedel;x;
11453;49;14;244;Rerik;x;
11454;5;14;248;Raden;x;
11455;100;15;248;Kessin;x;
11456;83;15;240;Gustrow;x;
11457;8;14;240;Parchim;x;
11458;9;14;244;Treptow;x;
11459;99;15;244;Anklam;x;
11460;11;14;232;Lenzen;x;
11461;12;14;236;Police;x;
11462;13;14;240;Julin;x;
11463;14;14;244;Greifenberg;x;
11464;15;14;248;Lingen;x;
11465;16;14;232;Argentonnay;x;
11466;17;14;236;Fontevraud;x;
11467;18;14;240;Montreuil-Bonnin;x;
11468;19;14;244;Sainte-Croix;x;
11469;20;14;248;Kappoua;x;
11470;21;14;232;Dion;x;
11471;22;14;236;Chalastra;x;
11472;23;14;240;Rathenow;x;
11473;111;15;232;Arneburg;x;
11474;25;14;248;Xanten;x;
11475;26;14;232;Bocholt;x;
11476;27;14;236;Kaiserwerth;x;
11477;28;14;240;Goch;x;
11478;29;14;244;Hoogstraten;x;
11479;90;15;248;Wavre;x;
11480;31;14;232;Lobbes;x;
11481;32;14;236;Givet;x;
11482;33;14;240;Sprimont;x;
11483;34;14;244;Bleckede;x;
11484;35;14;248;Ritzebuttel;x;
11485;36;14;232;Svjatopolc;x;
11486;98;15;240;Vasilev;x;
11487;38;14;240;Jaropolc;x;
11488;97;15;236;Kotelnica;x;
11489;40;14;248;Lypovets;x;
11490;41;14;232;Bozskij;x;
11491;42;14;236;Braclav;x;
11492;43;14;240;Volodarev;x;
11493;44;14;244;Zarub;x;
11494;45;14;248;Pirjatin;x;
11495;46;14;232;Jaroslavka;x;
11496;4;14;244;Ostersk;x;
11497;82;15;236;Boguslav;x;
11498;47;14;236;Sosnica;x;
11499;91;15;232;Snovsk;x;
11500;51;15;232;Horobor;x;
11501;52;15;236;Hlepen;x;
11502;53;15;240;Chigirin;x;
11503;54;15;244;Drnis;x;
11504;55;15;248;Povalj;x;
11505;56;15;232;Kacanik;x;
11506;57;15;236;Susica;x;
11507;58;15;240;Nagoricano;x;
11508;59;15;244;Nove Hrady;x;
11509;60;15;248;Budweis;x;
11510;61;15;232;Milevsko;x;
11511;62;15;236;Sobeslav;x;
11512;63;15;240;Pomuk;x;
11513;126;15;232;Strakonice;x;
11514;80;17;244;Pisek;x;
11515;66;15;232;Sazava;x;
11516;67;15;236;Zruc;x;
11517;9;0;248;Chotebor;x;
11518;69;15;244;Pardubice;x;
11519;70;15;248;Skutec;x;
11520;7;14;236;Litomysl;x;
11521;72;15;236;Litice;x;
11522;73;15;240;Slavonice;x;
11523;74;15;244;Brod;x;
11524;75;15;248;Miroslav;x;
11525;76;15;232;OpavaKrnov;x;
11526;77;15;236;Jaromer;x;
11527;78;15;240;Kozle;x;
11528;79;15;244;Grodkow;x;
11529;80;15;248;Strzelin;x;
11530;81;15;232;Sroda Slaska;x;
11531;48;14;240;Boleslawiec;x;
11532;71;15;232;Niska;x;
11533;84;15;244;Kepno;x;
11534;6;14;232;Dobrzen;x;
11535;86;15;232;Krzepice;x;
11536;101;15;232;Mogilno;x;
11537;108;15;240;Graudenz;x;
11538;89;15;244;Souillac;x;
11539;30;14;248;Rocamadour;x;
11540;50;14;248;Carennac;x;
11541;92;15;236;Argentat;x;
11542;93;15;240;Mauriac;x;
11543;10;14;248;Auriac;x;
11544;95;15;248;Meyrals;x;
11545;96;15;232;Grignols;x;
11546;39;14;244;Chauvigny;x;
11547;37;14;236;Castets;x;
11548;94;15;244;Morcenx;x;
11549;85;15;248;Born;x;
11550;87;15;236;Buch;x;
11551;102;15;236;Belin;x;
11552;103;15;240;Blanquefort;x;
11553;104;15;244;Lesparre;x;
11554;105;15;248;Montendre;x;
11555;106;15;232;Pons;x;
11556;107;15;236;Marennes;x;
11557;68;15;24;Soubise;x;
11558;88;15;240;Hennebont;x;
11559;30;12;240;Ach;x;
11560;24;14;244;Crozon;x;
11561;112;15;236;La Roche-sur-Yon;x;
11562;113;15;240;Amaiur;x;
11563;114;15;244;Gorriti;x;
11564;115;15;248;Isaba;x;
11565;0;15;236;Siresa;x;
11566;117;15;236;Auvillar;x;
11567;118;15;240;Josselin;x;
11568;119;15;244;Mondenard;x;
11569;120;15;248;Lourdes;x;
11570;121;15;232;Aire;x;
11571;1;15;240;Maubourguet;x;
11572;2;15;244;Gabarret;x;
11573;124;15;244;Fumel;x;
11574;125;15;248;Ribnik-Lika;x;
11575;64;15;244;Kalnik;x;
11576;116;15;232;Klosterneuburg;x;
11577;122;15;236;Leva;x;
11578;123;15;240;Sion;x;
11579;3;15;248;Andermatt;x;
11580;4;15;232;Ilanz;x;
11581;100;16;236;Disentis;x;
11582;126;17;240;Brig;x;
11583;7;15;244;Sierre;x;
11584;8;15;248;Interlaken;x;
11585;9;15;232;Saint-Maurice;x;
11586;10;15;236;Aosta;x;
11587;11;15;240;Chivasso;x;
11588;60;16;236;Gabiano;x;
11589;13;15;248;Vaduz;x;
11590;101;16;240;Bludenz;x;
11591;80;16;236;Landeck;x;
11592;16;15;240;Tricastin;x;
11593;79;16;232;Grignan;x;
11594;18;15;248;Sisteron;x;
11595;102;16;244;Saint-Claude;x;
11596;20;15;236;Saint-Amour;x;
11597;21;15;240;Villefranche;x;
11598;99;16;232;Savigny;x;
11599;23;15;248;Charlieu;x;
11600;24;16;232;Gruyeres;x;
11601;98;16;248;Kufstein;x;
11602;26;16;240;Pinzgau;x;
11603;97;16;244;Pongau;x;
11604;28;16;248;Laufen;x;
11605;81;16;240;Braunau;x;
11606;50;16;236;Dombes;x;
11607;31;16;240;Poncin;x;
11608;32;16;244;Ouroux;x;
11609;33;16;248;Benasque;x;
11610;34;16;232;Sabinanigo;x;
11611;96;16;240;Loarre;x;
11612;95;16;236;Roda;x;
11613;94;16;232;Razes;x;
11614;38;16;248;Randon;x;
11615;89;16;232;Apchier;x;
11616;40;16;236;Ravel;x;
11617;41;16;240;Gannat;x;
11618;72;16;244;Menat;x;
11619;88;16;248;Evaux;x;
11620;44;16;232;Crocq;x;
11621;110;16;236;Ussel;x;
11622;46;16;240;Bigorre;x;
11623;47;16;244;Gy;x;
11624;108;16;248;Port-sur-Saone;x;
11625;49;16;232;Fouvent;x;
11626;30;16;236;Mesmont;x;
11627;103;16;248;Estrabonne;x;
11628;104;16;232;Cicon;x;
11629;53;16;248;Maiche;x;
11630;5;15;236;Pontigny;x;
11631;55;16;236;Chatillon-sur-Seine;x;
11632;56;16;240;Montlaur-velay;x;
11633;57;16;244;Chateaumeillant;x;
11634;58;16;248;Bourganouf;x;
11635;59;16;232;Bonnat;x;
11636;12;15;244;Argenton-sur-Creuse;x;
11637;61;16;240;Lescun;x;
11638;62;16;244;Montigny;x;
11639;93;16;248;Remiremont;x;
11640;64;16;232;Mirecourt;x;
11641;65;16;236;Soulosse;x;
11642;66;16;240;Saint-Nicolas-de-Port;x;
11643;67;16;244;Jaulny;x;
11644;43;16;248;Hayange;x;
11645;17;15;244;Etain;x;
11646;70;16;236;Achern;x;
11647;42;16;244;Neuenburg;x;
11648;71;16;240;Seu d'Urgell;x;
11649;73;16;248;Alquesar;x;
11650;74;16;232;Minturno;x;
11651;75;16;236;Ceprano;x;
11652;76;16;240;Sermoneta;x;
11653;77;16;244;Casperia;x;
11654;78;16;248;Palo;x;
11655;69;16;232;Palestrina;x;
11656;15;15;236;Ceccano;x;
11657;29;16;232;Tolentino;x;
11658;82;16;244;Osimo;x;
11659;107;16;244;Sarnano;x;
11660;84;16;232;Offida;x;
11661;39;16;232;Civitella;x;
11662;86;16;240;Penne;x;
11663;87;16;244;Pescara;x;
11664;48;16;248;Castel di Sangro;x;
11665;85;16;236;Gioia;x;
11666;90;16;236;Organya;x;
11667;91;16;240;Formigueres;x;
11668;92;16;244;LaBarthe;x;
11669;63;16;248;Saint-Gaudens;x;
11670;37;16;244;Marsciano;x;
11671;14;15;232;Panicale;x;
11672;105;16;236;Montieri;x;
11673;27;16;244;San Gimignano;x;
11674;25;16;236;Patti;x;
11675;109;16;232;Aquapendente;x;
11676;54;16;232;Montepulciano;x;
11677;36;16;240;Foligno;x;
11678;19;15;232;Rovigo;x;
11679;51;16;240;Atharib;x;
11680;52;16;244;Salhab;x;
11681;35;16;236;Necmettin;x;
11682;106;16;5;Vielha;x;
11683;248;16;248;Beaumont-sur-Leze;x;
11684;68;16;248;Mirande;x;
11685;22;15;244;Puymirol;x;
11686;236;16;45;Sore;x;
11687;111;16;240;Guedel;x;
11688;112;16;244;Pornic;x;
11689;248;16;113;Chateaumur;x;
11690;114;16;232;Rouge;x;
11691;115;16;236;Guerande;x;
11692;116;16;240;Corlay;x;
11693;117;16;244;Machecoul;x;
11694;118;16;248;Goelo;x;
11695;119;16;232;Sponheim;x;
11696;120;16;236;Veldenz;x;
11697;121;16;240;Alzey;x;
11698;244;16;122;Manderscheid;x;
11699;123;16;248;Gerolstein;x;
11700;124;17;232;Diekirch;x;
11701;125;17;236;Eindhoven;x;
11702;240;15;6;Herstal;x;
11703;0;17;244;Valkenburg;x;
11704;1;17;248;Lier;x;
11705;232;17;2;Geel;x;
11706;236;17;3;Malle;x;
11707;240;17;4;Oosterhout;x;
11708;5;17;244;Arkel;x;
11709;248;17;6;Dorestad;x;
11710;7;17;232;Deventer;x;
11711;8;17;236;Orchies;x;
11712;9;17;240;Comines;x;
11713;10;17;244;Le Cateau;x;
11714;11;17;248;Mouscron;x;
11715;12;17;232;Ledbury;x;
11716;236;17;13;Ross_Wye;x;
11717;14;17;240;Abergaveny;x;
11718;15;17;244;Talgarth;x;
11719;16;17;248;Wigmore;x;
11720;17;17;232;Oswestry;x;
11721;18;17;236;Wantage;x;
11722;19;17;240;Glenne;x;
11723;244;17;20;Bazois;x;
11724;248;17;21;Eppenstein;x;
11725;22;17;232;Freisach;x;
11726;236;17;23;Domberg;x;
11727;240;17;24;Hodnet;x;
11728;25;17;244;Trefaldwyn;x;
11729;248;17;26;Powys;x;
11730;27;17;232;Tregaron;x;
11731;28;17;236;Tobar Mhoire;x;
11732;17;240;29;Lormes;x;
11733;17;244;30;Chateauneuf;x;
11734;31;17;248;Losne;x;
11735;32;17;232;Bornais;x;
11736;33;17;236;Barra;x;
11737;34;17;240;Jura;x;
11738;35;17;244;Iona;x;
11739;36;17;248;Wigton;x;
11740;37;17;232;Tonder;x;
11741;236;17;38;Niebull;x;
11742;39;17;240;Sylt;x;
11743;40;17;244;Flensborg;x;
11744;41;17;248;Sonderborg;x;
11745;42;17;232;Haderslev;x;
11746;43;17;236;Horsens;x;
11747;240;17;44;Kappel;x;
11748;45;17;244;Femera;x;
11749;46;17;248;Rendsborg;x;
11750;232;17;47;Plune;x;
11751;48;17;236;Niestadt;x;
11752;49;17;240;Kalundborg;x;
11753;50;17;244;Brunsbuttel;x;
11754;51;17;248;Desvres;x;
11755;52;17;232;Nieuwport;x;
11756;53;17;236;Tireragh;x;
11757;240;17;54;Ballymote;x;
11758;55;17;244;Leitrim;x;
11759;248;17;56;Fenagh;x;
11760;232;17;57;Roscommon;x;
11761;58;17;236;Castlerea;x;
11762;59;17;240;Uisneach;x;
11763;244;17;60;Tullamore;x;
11764;61;17;248;Dingle;x;
11765;62;17;232;Gort;x;
11766;63;17;236;Ballinasloe;x;
11767;64;17;240;Castlenoe;x;
11768;244;17;65;Dunmore;x;
11769;66;17;248;Murrisk;x;
11770;232;17;67;Clonfert;x;
11771;68;17;236;Rosclogher;x;
11772;240;17;69;Tirhugh;x;
11773;70;17;244;Dubocac;x;
11774;248;17;71;Vrbova;x;
11775;72;17;232;Segesd;x;
11776;73;17;236;Szigetvar;x;
11777;74;17;240;Tamasi;x;
11778;75;17;244;Tarda;x;
11779;76;17;248;Kula;x;
11780;232;17;77;Temerin;x;
11781;78;17;236;Subotica;x;
11782;240;17;79;Kanjiza;x;
11783;65;15;248;Kokota;x;
11784;81;17;248;Ocsa;x;
11785;82;17;232;Lepoglava;x;
11786;83;17;236;Kamengrad;x;
11787;84;17;240;Thiesi;x;
11788;85;17;244;Tertenia;x;
11789;248;17;86;Sassai;x;
11790;87;17;232;Siliqua;x;
11791;88;17;236;Mateur;x;
11792;240;17;89;Tebourba;x;
11793;90;17;244;Kelibia;x;
11794;91;17;248;Hamm;x;
11795;232;17;92;Altena;x;
11796;236;17;93;Olpe;x;
11797;94;17;240;Gummersbach;x;
11798;95;17;244;Siegen;x;
11799;96;17;248;Nassau;x;
11800;97;18;232;Wied;x;
11801;98;18;236;Diez;x;
11802;99;18;240;Aschaffenburg;x;
11803;244;18;100;Reinheim;x;
11804;101;18;248;Wimpfen;x;
11805;102;18;232;Eppingen;x;
11806;103;18;236;Hirsau;x;
11807;240;18;104;Nagold;x;
11808;105;18;244;Maursmunster;x;
11809;248;18;106;Saaralben;x;
11810;107;18;232;Puttlingen;x;
11811;236;18;108;Marsal;x;
11812;109;18;240;Sarrebourg;x;
11813;110;18;244;Sankt Wendel;x;
11814;111;18;248;Trifels;x;
11815;112;18;232;La Roche;x;
11816;236;18;113;Famenne;x;
11817;114;18;240;Andenne;x;
11818;115;18;244;Grimbergen;x;
11819;116;18;248;Clare;x;
11820;232;18;117;Denham;x;
11821;118;18;236;Castle Acre;x;
11822;119;18;240;Lowestoft;x;
11823;47;4;236;Eye;x;
11824;121;18;248;Brancaster;x;
11825;122;18;232;Alford;x;
11826;123;18;236;Mansfield;x;
11827;124;18;240;Blackburn;x;
11828;125;18;244;Bradford;x;
11829;248;18;126;Ripley;x;
11830;0;18;232;Middleham;x;
11831;236;18;1;Driffield;x;
11832;2;18;240;Stockton;x;
11833;244;18;3;Hartlepool;x;
11834;4;18;248;Monkwearmouth;x;
11835;5;18;232;Teesdale;x;
11836;236;18;6;Allerton;x;
11837;240;18;7;Pilton;x;
11838;8;18;244;Leek;x;
11839;9;18;9;Hay-on-Wye;x;
11840;10;18;232;Bingham;x;
11841;11;18;236;Meersburg;x;
11842;12;18;240;Altshausen;x;
11843;244;18;13;Illertissen;x;
11844;248;18;14;Druisheim;x;
11845;15;18;232;Andechs;x;
11846;236;18;16;Benediktbeuern;x;
11847;240;18;17;Sonthofen;x;
11848;244;18;18;Amelinghausen;x;
11849;19;18;248;Harsefeld;x;
11850;20;18;232;Schwarmstedt;x;
11851;21;18;236;Ganderkesee;x;
11852;240;18;22;Wardenburg;x;
11853;244;18;23;Quackenbruck;x;
11854;24;18;248;Bersenbruck;x;
11855;25;18;232;Herford;x;
11856;26;18;236;Horstmar;x;
11857;240;18;27;Coesfeld;x;
11858;244;18;28;Meppel;x;
11859;248;18;29;Vratarnica;x;
11860;30;18;232;Kulsko;x;
11861;236;18;31;Homolje;x;
11862;32;18;240;Levach;x;
11863;33;18;244;Tryavna;x;
11864;248;18;34;Vishovgrad;x;
11865;232;18;35;Trastenik;x;
11866;236;18;236;Rositsa;x;
11867;240;18;37;Bogen;x;
11868;38;18;244;Amberg;x;
11869;248;18;39;Weiden;x;
11870;40;18;232;Auerbach;x;
11871;236;18;41;Kulmbach;x;
11872;42;18;240;Balec;x;
11873;244;18;244;Radovis;x;
11874;248;18;248;Morihovo;x;
11875;45;18;232;Kozelj;x;
11876;46;18;236;Brstanik;x;
11877;240;18;47;Hutovo;x;
11878;48;18;244;Radobilja;x;
11879;49;18;248;Grahovo;x;
11880;50;18;232;Zvecaj;x;
11881;236;18;51;Mren;x;
11882;52;18;240;Zepce;x;
11883;244;18;53;Krivaja;x;
11884;54;18;248;Bitva;x;
11885;55;18;232;Ruma;x;
11886;236;18;56;Vrbljan;x;
11887;57;18;240;Lapac;x;
11888;244;18;58;Obrezh;x;
11889;59;18;248;Caracal;x;
11890;60;18;232;Targoviste;x;
11891;61;18;236;Buchin;x;
11892;62;18;240;Treskavac;x;
11893;244;18;63;Devin;x;
11894;64;18;248;Vicina;x;
11895;65;18;232;Capidava;x;
11896;236;18;66;Histria;x;
11897;240;18;67;Tropaeon;x;
11898;68;18;244;Mudra;x;
11899;69;18;248;Obzor;x;
11900;232;19;232;Dobromir;x;
11901;71;19;236;Viziru;x;
11902;72;19;240;Cahul;x;
11903;73;19;244;Visina;x;
11904;74;19;248;Gorj;x;
11905;75;19;232;Valcea;x;
11906;76;19;236;Ramnic;x;
11907;240;19;77;Dumitresti;x;
11908;78;19;244;Targsor;x;
11909;79;19;248;Budesti;x;
11910;80;19;232;Urziceni;x;
11911;236;19;81;Lehliu;x;
11912;82;19;240;Calnistea;x;
11913;83;19;244;Balaci;x;
11914;84;19;248;Draganesti;x;
11915;85;19;232;Calafat;x;
11916;236;19;86;Gangiova;x;
11917;240;19;87;Bals;x;
11918;88;19;244;Dolj;x;
11919;89;19;248;Bled;x;
11920;90;19;232;Smlednik;x;
11921;91;19;236;Visnja Gora;x;
11922;92;19;240;Zovnek;x;
11923;93;19;244;Krsko;x;
11924;248;19;94;Sevnica;x;
11925;232;19;95;Olsnitz;x;
11926;96;19;236;Slovenska Bistrica;x;
11927;240;19;97;Velenje;x;
11928;98;19;98;Slovenj Gradec;x;
11929;99;19;99;Gramberk;x;
11930;232;19;100;Tustanj;x;
11931;236;19;101;Gurk;x;
11932;240;19;102;Sankt Veit;x;
11933;103;19;244;Bleiburg;x;
11934;104;19;248;Aberfeldy;x;
11935;232;19;105;Kenmore;x;
11936;106;19;236;Laggan;x;
11937;107;19;107;Kingussie;x;
11938;108;19;244;Mortlach;x;
11939;109;19;248;Peterhead;x;
11940;110;19;232;Turriff;x;
11941;111;19;236;Cullen;x;
11942;112;19;240;Borve;x;
11943;113;19;244;Kincardine;x;
11944;114;19;248;Kinross;x;
11945;232;19;115;Forfar;x;
11946;116;19;236;Arbroath;x;
11947;240;19;117;Drauburg;x;
11948;118;19;244;Monta;x;
11949;119;19;248;Cirie;x;
11950;120;19;232;Cavour;x;
11951;121;19;236;Saint-Jean-de-Maurienne;x;
11952;122;19;240;Seez;x;
11953;123;19;244;Faucigny;x;
11954;248;19;124;La-Cluse;x;
11955;232;19;125;Faverges;x;
11956;126;19;236;Slawno;x;
11957;0;19;240;Koszalin;x;
11958;1;19;244;Arkona;x;
11959;2;19;248;Banska Bistrica;x;
11960;3;19;232;Ruzomberok;x;
11961;4;19;236;Tisovec;x;
11962;5;19;240;Roznava;x;
11963;244;19;6;Jelsava;x;
11964;7;19;248;Krombach;x;
11965;8;19;232;Split2;x;
11966;9;19;236;Crikvenica;x;
11967;10;19;240;Lovran;x;
11968;11;19;244;Motovun;x;
11969;12;19;248;Umag;x;
11970;232;19;13;Novigrad;x;
11971;14;19;236;Zvonigrad;x;
11972;15;19;240;Ostrovica;x;
11973;16;19;244;Capdepera;x;
11974;17;19;248;Santueri;x;
11975;232;19;18;Muro;x;
11976;236;19;19;Bendinat;x;
11977;240;19;240;Trogir;x;
11978;21;19;244;Arzignano;x;
11979;22;19;248;Vratar;x;
11980;23;19;232;Jelec;x;
11981;24;19;236;Dbar;x;
11982;240;19;25;Sokolgrad;x;
11983;244;19;26;Ustikolina;x;
11984;248;19;27;Dubrovnik;x;
11985;28;19;232;Osatgrad;x;
11986;29;19;236;Gradacac;x;
11987;30;19;240;Kupres;x;
11988;244;19;31;Lepenica;x;
11989;244;19;244;Smucka;x;
11990;33;19;33;Tilava;x;
11991;34;19;236;Glasinac;x;
11992;240;19;35;Cetinje;x;
11993;36;19;244;Komarnica;x;
11994;37;19;248;Tirana;x;
11995;38;19;232;Dracevica;x;
11996;239;19;239;Ljubomir;x;
11997;40;19;240;Visnja;x;
11998;244;19;41;Drugobec;x;
11999;42;19;248;Stryj;x;
12000;43;20;232;Zudecev;x;
12001;44;20;236;Dolina;x;
12002;240;20;45;Tysmenica;x;
12003;46;20;244;Kamenec;x;
12004;47;20;248;Habsburg;x;
12005;48;20;232;Purcari;x;
12006;49;20;236;Causeni;x;
12007;240;20;50;Oancea;x;
12008;51;20;244;Lipcani;x;
12009;52;20;248;Adjud;x;
12010;53;20;232;Tazlau;x;
12011;54;20;236;Botosani;x;
12012;55;20;240;Schaffhausen;x;
12013;244;20;56;Lenzburg;x;
12014;248;20;248;Frohburg;x;
12015;232;20;58;Belfort;x;
12016;59;20;236;Stans;x;
12017;240;20;60;Uri;x;
12018;61;20;244;Thusis;x;
12019;62;20;248;Erba;x;
12020;63;20;232;Locarno;x;
12021;64;20;236;Rho;x;
12022;65;20;240;Biandrate;x;
12023;66;20;244;Clusone;x;
12024;67;20;67;Iseo;x;
12025;68;20;232;Soncino;x;
12026;236;20;69;Morbegno;x;
12027;70;20;240;Bormio;x;
12028;71;20;244;Vargyas;x;
12029;72;20;248;Szesztkerestur;x;
12030;232;20;73;Rupea;x;
12031;74;20;236;Aiud;x;
12032;75;20;240;Falciu;x;
12033;76;20;244;Capriana;x;
12034;77;20;248;Tutova;x;
12035;232;20;78;Carligatura;x;
12036;79;20;236;Putna;x;
12037;80;20;240;Herta;x;
12038;81;20;244;Radauti;x;
12039;248;20;82;Barth;x;
12040;83;20;232;Pillau;x;
12041;84;20;236;Wehlau;x;
12042;240;20;85;Sejny2;x;
12043;86;20;244;Birstonas;x;
12044;87;20;87;Medininkai;x;
12045;88;20;88;Kreva;x;
12046;89;20;236;Zaslawye;x;
12047;90;20;240;Braslau;x;
12048;244;20;91;Kreslau;x;
12049;92;20;248;Disna;x;
12050;93;20;232;Wolkenburg;x;
12051;94;20;236;Obol;x;
12052;95;20;240;Luki-Usvjat;x;
12053;96;20;244;Windenburg;x;
12054;97;20;248;Kuldiga;x;
12055;98;20;232;Ventspils;x;
12056;99;20;236;Talsi;x;
12057;100;20;240;Tukums;x;
12058;101;20;244;Liepaja;x;
12059;102;20;248;Aizkraukle;x;
12060;103;20;232;Pandelys;x;
12061;236;20;104;Rokiskis;x;
12062;105;20;240;Turaida;x;
12063;244;20;106;Lielstraupe;x;
12064;107;20;248;Otepaa;x;
12065;108;20;232;Puurmani;x;
12066;236;20;109;Laiuse;x;
12067;110;20;240;Kolga;x;
12068;111;20;244;Johvi;x;
12069;112;20;248;Faaborg;x;
12070;113;20;232;Stege;x;
12071;114;20;114;Vordingborg;x;
12072;115;20;240;Koge;x;
12073;244;20;244;Ringsted;x;
12074;117;20;248;Soro;x;
12075;232;20;118;Holbaek;x;
12076;119;20;236;Esrum;x;
12077;120;20;240;Malmo;x;
12078;121;20;244;Simmershavn;x;
12079;248;20;122;Boso;x;
12080;123;20;232;Herrevad;x;
12081;236;20;124;Bastad;x;
12082;125;20;240;Ahus;x;
12083;244;20;126;Va;x;
12084;0;20;248;Varberg;x;
12085;232;20;1;As;x;
12086;2;20;236;Algaras;x;
12087;240;20;3;Hjo;x;
12088;4;20;244;Alvastra;x;
12089;5;20;248;Trosa;x;
12090;6;20;232;Birka;x;
12091;7;20;236;Agnafit;x;
12092;8;20;240;Rydboholm;x;
12093;244;20;9;Penningby;x;
12094;10;20;248;Salaberg;x;
12095;11;20;232;Orby;x;
12096;12;20;236;Nakskov2;x;
12097;240;20;13;Diosgyor;x;
12098;14;20;244;Muzla;x;
12099;15;20;248;Tata;x;
12100;232;21;16;Cesnek;x;
12101;17;21;236;Papa;x;
12102;240;21;18;Nagyvazsony;x;
12103;19;21;244;Sumeg;x;
12104;248;21;20;Egervar;x;
12105;232;21;21;Seregelyes;x;
12106;236;21;22;Tass;x;
12107;23;21;240;Pataj;x;
12108;24;21;244;Nagykoros;x;
12109;248;21;25;Karcag;x;
12110;232;21;26;Szegvar;x;
12111;232;21;232;Csany;x;
12112;28;21;240;Ilosva;x;
12113;244;21;29;Rachov;x;
12114;248;21;30;Nagybanya;x;
12115;31;21;31;Szurduk;x;
12116;32;21;236;Naszod;x;
12117;240;21;33;ViseuFelsoviso;x;
12118;244;21;34;Bajna;x;
12119;35;21;248;Bargau;x;
12120;36;21;232;Poenari;x;
12121;37;21;236;Omlas;x;
12122;38;21;240;Medgyes;x;
12123;39;21;244;Bocac;x;
12124;248;21;248;Japra;x;
12125;41;21;232;Ripac;x;
12126;42;21;236;Zarnovica;x;
12127;43;21;240;Gabin;x;
12128;44;21;244;Bialogarda;x;
12129;45;21;248;Gniew;x;
12130;46;21;232;Golub;x;
12131;236;21;47;Lekno;x;
12132;48;21;240;Rogozno;x;
12133;244;21;49;Giecz;x;
12134;248;21;50;Lad;x;
12135;51;21;232;Stawiszyn;x;
12136;236;21;52;Pleszew;x;
12137;53;21;240;Strzelno;x;
12138;54;21;244;Radziejow;x;
12139;248;21;55;Brzesc-Kujawski;x;
12140;56;21;232;Balga;x;
12141;57;21;236;Frombork;x;
12142;58;21;240;Rypin;x;
12143;59;21;244;Raciaz;x;
12144;248;21;60;Plonsk;x;
12145;61;21;232;Pultusk;x;
12146;62;21;236;Tarczyn;x;
12147;63;21;240;Warka;x;
12148;244;21;64;Grojec;x;
12149;65;21;248;Sieciechow;x;
12150;66;21;232;Kock;x;
12151;236;21;67;Kazimierz;x;
12152;68;21;240;Szczebrzeszyn;x;
12153;69;21;244;Biecz;x;
12154;70;21;248;Ropczyce;x;
12155;232;21;71;Rzeszow;x;
12156;236;21;72;Czchow;x;
12157;73;21;240;Sokal;x;
12158;244;21;74;Lopatyn;x;
12159;75;21;248;Kremenec;x;
12160;230;21;230;Busk;x;
12161;77;21;236;Smotrych;x;
12162;240;21;78;Skala;x;
12163;79;21;244;Chortkiv;x;
12164;80;21;248;Vasylev;x;
12165;81;21;232;Tihomel;x;
12166;82;21;236;Strommen;x;
12167;83;21;240;Stiklestad;x;
12168;84;21;244;Hemnfjorden;x;
12169;85;21;248;Resht;x;
12170;86;21;232;Kharkha;x;
12171;87;21;236;Nisibis;x;
12172;88;21;240;Khasanara;x;
12173;244;21;89;Karkaron;x;
12174;90;21;248;Karbanon;x;
12175;91;21;232;Sozopetra;x;
12176;92;21;236;Qalat Jabar;x;
12177;93;21;240;Taposiris;x;
12178;94;21;244;El-Alamein;x;
12179;95;21;248;Qartasa;x;
12180;96;21;232;Qarah;x;
12181;97;21;236;Qatana;x;
12182;98;21;240;Hasbaya;x;
12183;99;21;244;Kourion;x;
12184;100;21;248;Palaiokastron;x;
12185;101;21;232;Kythrea;x;
12186;236;21;102;Tremetousia;x;
12187;103;21;240;Alamenos;x;
12188;104;21;244;Kelenderis;x;
12189;105;21;248;Papirion;x;
12190;106;21;232;Dadybra;x;
12191;107;21;236;Bondeno;x;
12192;108;21;240;Torrechia;x;
12193;244;21;109;Felina;x;
12194;110;21;248;Fivizzano;x;
12195;111;21;232;Garfagnana;x;
12196;112;21;236;Garlasco;x;
12197;113;21;240;Giusvalla;x;
12198;114;21;244;Aspendos;x;
12199;115;21;248;Perge;x;
12200;116;21;232;Kremna;x;
12201;117;22;236;Parlais;x;
12202;118;22;240;Tyriaion;x;
12203;244;22;119;Arykanda;x;
12204;120;22;248;Phaselis;x;
12205;121;22;232;Pinara;x;
12206;122;22;236;Kameiros;x;
12207;123;22;240;Ixia;x;
12208;124;22;244;Kilistra;x;
12209;248;22;125;Amblada;x;
12210;126;22;232;Eupatoreia;x;
12211;0;22;236;Kotyora;x;
12212;1;22;240;Anniaka;x;
12213;2;22;244;Sinoria;x;
12214;3;22;248;Keltzine;x;
12215;4;22;232;Palinberd;x;
12216;5;22;236;Khozanon;x;
12217;240;22;6;Arabrakes;x;
12218;244;22;7;Arsamosata;x;
12219;8;22;248;Kitharizon;x;
12220;9;22;232;Varto;x;
12221;236;22;10;Olnoutin;x;
12222;11;22;240;Awnik;x;
12223;244;22;12;Daroynk;x;
12224;13;22;248;Bolaberd;x;
12225;14;22;232;Azord;x;
12226;236;22;236;Artze;x;
12227;17;22;244;Kharton;x;
12228;244;22;17;Tzanikha;x;
12229;248;22;18;Olakan;x;
12230;19;22;232;Artzike;x;
12231;20;22;236;Bitlis;x;
12232;21;22;240;Moks;x;
12233;22;22;244;Erazgewors;x;
12234;23;22;248;Ostrakine;x;
12235;24;22;232;Tanis;x;
12236;25;22;236;Banha;x;
12237;26;22;240;Dafnah;x;
12238;27;22;244;Pithom;x;
12239;28;22;248;Kharibta;x;
12240;232;22;29;Shatnuf;x;
12241;30;22;236;Qatta'i;x;
12242;31;22;240;Bamha;x;
12243;32;22;244;Tilothis;x;
12244;33;22;248;Manfiswayh;x;
12245;34;22;232;Al-Qays;x;
12246;236;22;35;Samalut;x;
12247;36;22;240;Shutb;x;
12248;37;22;244;Atawilah;x;
12249;38;22;248;Dishna;x;
12250;39;22;232;Naqada;x;
12251;40;22;236;Hibis;x;
12252;41;22;240;Tocra;x;
12253;42;22;244;Tolmeitha;x;
12254;43;22;248;Taknis;x;
12255;232;22;44;Charruba;x;
12256;45;22;45;Matrubah;x;
12257;46;22;240;Aziris;x;
12258;47;22;244;Athrun;x;
12259;248;22;248;Susah;x;
12260;49;22;232;Hamamah;x;
12261;50;22;50;Bayda;x;
12262;51;22;240;Cyrene;x;
12263;244;22;52;Marsa Tarfaia;x;
12264;248;22;53;Marsa Gabes;x;
12265;232;22;54;Zygris;x;
12266;55;22;236;Marsa Matruh;x;
12267;56;22;240;Baranis;x;
12268;57;22;244;Naqizah;x;
12269;248;22;58;Fariskur;x;
12270;232;22;59;Daqahla;x;
12271;60;22;236;Sais;x;
12272;240;22;61;Damsis;x;
12273;62;22;244;Awsim;x;
12274;63;22;248;Al-Qatta'i;x;
12275;64;22;232;Askur;x;
12276;65;22;236;Bastah;x;
12277;66;22;66;Salihiyah;x;
12278;244;22;67;Thmuis;x;
12279;68;22;248;Betum;x;
12280;69;22;232;Al-Qasr-Farafra;x;
12281;236;22;70;Senadiyah;x;
12282;71;22;240;Marah;x;
12283;72;22;244;Medinat-Iskanderiyah;x;
12284;73;22;248;Kawa;x;
12285;74;22;232;Argi;x;
12286;75;22;236;Buhen;x;
12287;240;22;240;Qalat-Senadiyah;x;
12288;77;22;244;Birti;x;
12289;78;22;248;Shirhin;x;
12290;79;22;232;West Derby;x;
12291;236;22;80;Rumcofa;x;
12292;81;22;240;Lichfield;x;
12293;82;22;244;Chirbury;x;
12294;83;22;248;Radnor;x;
12295;84;22;232;Penmon;x;
12296;85;22;236;Peel;x;
12297;86;22;240;Ashbourne;x;
12298;87;22;244;Farndon;x;
12299;88;22;248;Cookham;x;
12300;89;23;232;Roterfeld;x;
12301;90;23;236;Poole;x;
12302;240;23;91;Blandford;x;
12303;92;23;244;Bridport;x;
12304;93;23;248;Lannaled;x;
12305;232;23;94;Liskeard;x;
12306;95;23;236;Thingwall;x;
12307;96;23;240;Bridgnorth;x;
12308;244;23;97;Wroxeter;x;
12309;98;23;248;Fylde;x;
12310;99;23;232;Allerdale;x;
12311;236;23;100;Rushbury;x;
12312;101;23;101;Wednesbury;x;
12313;244;23;102;Buxton;x;
12314;103;23;248;Oakham;x;
12315;104;23;232;Eccleshall;x;
12316;236;23;105;Nymburk;x;
12317;106;23;240;Bezdez;x;
12318;107;23;244;Rumburk;x;
12319;248;23;108;Kadan;x;
12320;109;23;232;Touzim;x;
12321;236;23;110;Tepla;x;
12322;240;23;111;Blatna;x;
12323;112;23;244;Cachrov;x;
12324;113;23;113;Rezna-Regen;x;
12325;114;23;232;Rohrbach;x;
12326;115;23;236;Radkow;x;
12327;240;23;116;Hronov-Dvur;x;
12328;244;23;117;Strzelin;x;
12329;118;23;248;Zmigrod;x;
12330;119;23;232;Krotoszyn;x;
12331;120;23;120;Scinawa;x;
12332;121;23;240;Riesa;x;
12333;122;23;244;Koswik;x;
12334;123;23;248;Pirna;x;
12335;124;23;232;Radeburg;x;
12336;236;23;125;Sebnitz;x;
12337;240;23;126;Trzebnica;x;
12338;0;23;244;Ostrow;x;
12339;248;23;1;Lubawa;x;
12340;2;23;232;Altenberg;x;
12341;3;23;236;Al-Janad;x;
12342;240;23;4;Jiblah;x;
12343;5;23;244;Zafar;x;
12344;248;23;6;Yarim;x;
12345;7;23;232;Mabar;x;
12346;8;23;236;Marib;x;
12347;9;23;240;Amran;x;
12348;244;23;10;Kaukaban;x;
12349;11;23;248;Manakhah;x;
12350;12;23;232;Hudaydah;x;
12351;13;23;236;Zabid;x;
12352;14;23;240;Mocha;x;
12353;244;23;15;Lahij;x;
12354;16;23;248;Zinjibar;x;
12355;232;23;17;Al-Bayda;x;
12356;18;23;236;Khamir;x;
12357;19;23;240;Haijain;x;
12358;20;23;244;Farasan;x;
12359;21;23;248;Yadamah;x;
12360;22;23;232;Qishn;x;
12361;23;23;236;Hayrut;x;
12362;24;23;240;Masirah;x;
12363;25;23;244;Sinaw;x;
12364;248;23;26;Ibra;x;
12365;27;23;232;Sharkh;x;
12366;28;23;236;Dabba;x;
12367;29;23;240;Sharjah;x;
12368;30;23;244;Dhank;x;
12369;31;23;248;Zubarah;x;
12370;32;23;232;Al-Bidda;x;
12371;33;23;236;Saham;x;
12372;34;23;240;QalatCairo;x;
12373;35;23;244;Ain-Sokhna;x;
12374;36;23;248;Subaytilah;x;
12375;37;23;232;Utica;x;
12376;38;23;236;Collo;x;
12377;39;23;240;Thyna;x;
12378;40;23;244;Haydrah;x;
12379;41;23;248;Timgad;x;
12380;42;23;232;Kebili;x;
12381;43;23;236;Hammamat;x;
12382;44;23;240;Bilaq;x;
12383;45;23;244;Dabod;x;
12384;46;23;248;Dendur;x;
12385;47;23;232;Anibah;x;
12386;48;23;236;Dibirah;x;
12387;49;23;240;Gabal al-Zayt;x;
12388;50;23;244;Sidra;x;
12389;248;23;51;Ras Lanuf;x;
12390;52;23;232;El Dabaa;x;
12391;53;23;236;Sadad;x;
12392;54;23;240;Tiyas;x;
12393;23;55;244;Aqrabat;x;
12394;56;23;248;Qasr-Ibn-Wardan;x;
12395;57;23;232;Balis;x;
12396;58;23;236;Al-Bab;x;
12397;59;23;240;Halabiyah;x;
12398;60;23;244;Al-Quriyah;x;
12399;61;23;248;Qa'im;x;
12400;62;24;232;Rawah;x;
12401;63;24;236;Ramadi;x;
12402;64;24;240;Fallujah;x;
12403;65;24;244;Musayib;x;
12404;66;24;248;Batha;x;
12405;67;24;232;Nasiriyah;x;
12406;68;24;236;Al-Kiswah-Damascus;x;
12407;69;24;240;Suwaida;x;
12408;70;24;244;Al-Azraq;x;
12409;71;24;248;Bayir;x;
12410;72;24;232;Al-Qatrana;x;
12411;73;24;236;Ruwallah;x;
12412;74;24;240;Maqna;x;
12413;75;24;244;Al-Azd;x;
12414;76;24;248;Daws;x;
12415;77;24;232;Astypalaia;x;
12416;78;24;236;Leros;x;
12417;79;24;240;Ikaria;x;
12418;80;24;244;Helos;x;
12419;81;24;248;Ios;x;
12420;82;24;232;Syros;x;
12421;83;24;236;Seriphos;x;
12422;84;24;240;Tzia;x;
12423;85;24;244;Marathon;x;
12424;86;24;248;Piraeus;x;
12425;24;87;232;Phaleron;x;
12426;88;24;236;Brauron;x;
12427;89;24;240;Sophikon;x;
12428;90;24;244;Astros;x;
12429;24;91;248;Arakhoba;x;
12430;92;24;232;Qalat-Al-Rum;x;
12431;93;24;236;Zeugma;x;
12432;94;24;240;Sarrin;x;
12433;95;24;244;Al-Safirah;x;
12434;96;24;248;Liwa;x;
12435;97;24;232;Hofuf;x;
12436;98;24;236;Phanai;x;
12437;99;24;240;Delphinion;x;
12438;101;24;4;Gambreion;x;
12439;101;24;248;Temnos;x;
12440;102;24;232;Germe;x;
12441;24;103;236;Khliara;x;
12442;104;24;240;Gordos;x;
12443;105;24;244;Arilla;x;
12444;106;24;248;Saittai;x;
12445;107;107;232;Maionia;x;
12446;108;24;236;Motella;x;
12447;109;24;240;Gazioura;x;
12448;110;24;244;Caserta;x;
12449;111;24;248;Sessa;x;
12450;112;24;232;Tavenna;x;
12451;113;24;236;Chiththala Pabbatha;x;
12452;24;114;240;Buttala;x;
12453;115;24;244;Badulla;x;
12454;116;24;248;Godawaya;x;
12455;117;24;232;Yapanaya;x;
12456;118;24;236;Trincomalee;x;
12457;119;24;240;Serunuwara;x;
12458;120;24;244;Kurungala;x;
12459;24;121;248;Dambadeniya;x;
12460;122;24;232;Munneswaram;x;
12461;123;123;236;Kelani;x;
12462;124;24;240;Gampola;x;
12463;125;24;24;Ratnapura;x;
12464;126;24;248;Deniyaya;x;
12465;0;24;232;Mathara;x;
12466;1;24;236;Novigrad;x;
12467;2;24;240;Pag;x;
12468;203;24;244;Kannanur3;x;
12469;4;24;248;Chidambaram;x;
12470;5;24;232;Puhar;x;
12471;6;24;236;Aathur;x;
12472;207;24;240;Nagapattinam;x;
12473;8;24;244;Thiruvarur;x;
12474;9;24;248;Pudukkottai;x;
12475;10;24;232;Kottaipattinam;x;
12476;11;24;236;Devipattinam;x;
12477;12;24;240;Vanchipuram;x;
12478;13;24;244;Karamadai;x;
12479;14;24;248;Sugavaneshwarar;x;
12480;15;24;232;Usilampatti;x;
12481;216;24;236;Virudhunagar;x;
12482;17;24;240;Kovilpatti;x;
12483;218;24;244;Tenkasi;x;
12484;19;24;248;Kanyakumari;x;
12485;20;24;232;Thiruvananthapuram;x;
12486;21;24;236;Huvadhu;x;
12487;22;24;240;Lhaviyani;x;
12488;23;24;244;Shaviyani;x;
12489;24;24;248;Kolhumaduva;x;
12490;25;24;232;Kudahuvadhu;x;
12491;26;24;236;Eydhafushi;x;
12492;27;24;240;Kuttanad;x;
12493;28;24;244;Cochin;x;
12494;29;24;248;Trichur;x;
12495;30;24;232;Vatakara;x;
12496;31;24;236;Ezhimala;x;
12497;32;24;240;Kundapura;x;
12498;33;24;244;Sonipat;x;
12499;234;24;248;Panipat;x;
12500;35;25;232;Karnal;x;
12501;36;25;236;Ambala;x;
12502;37;25;240;Udawalawa;x;
12503;38;25;244;Ratnapura;x;
12504;39;25;248;Bodhivala;x;
12505;40;25;232;Kalkudah;x;
12506;41;25;236;Sandunpura;x;
12507;242;25;240;Bakamuna;x;
12508;243;25;244;Sigiriya;x;
12509;44;25;248;Yakalla;x;
12510;245;25;232;Maradankadawala;x;
12511;46;25;236;Marichchukkaddi;x;
12512;47;25;240;Andigama;x;
12513;248;25;244;Rajanganaya;x;
12514;49;25;248;Kolamba;x;
12515;50;25;232;Ramboda;x;
12516;51;25;236;Kandy;x;
12517;252;25;24;Thiriyai;x;
12518;53;25;244;Puliyankulam;x;
12519;254;25;248;Vellankulam;x;
12520;255;25;23;Mankulam;x;
12521;56;25;236;Chundikkulam;x;
12522;255;25;24;Thalayadi;x;
12523;58;25;244;Talaimannar;x;
12524;19;25;19;Pankulam;x;
12525;60;25;232;Lamugyi;x;
12526;161;25;236;Pyapon;x;
12527;62;25;240;Minhla;x;
12528;163;25;244;Danubyu;x;
12529;64;25;248;Kyaunggon;x;
12530;165;25;232;Gwa;x;
12531;236;25;236;Pattukkottai;x;
12532;67;25;240;Vijayawada;x;
12533;168;25;244;Guntur;x;
12534;69;25;248;Krishnaputinam;x;
12535;70;25;232;Mylapore;x;
12536;171;25;236;Periyamadu;x;
12537;172;25;240;Panadura;x;
12538;173;25;244;Siyambalanduwa;x;
12539;74;25;248;Gopalganj;x;
12540;175;25;32;Khulna;x;
12541;76;25;236;Kapilmuni;x;
12542;77;25;240;Kotchandpur;x;
12543;178;25;244;Jashore;x;
12544;179;25;248;Rajbari;x;
12545;180;25;32;Kushtia;x;
12546;181;25;236;Nadia;x;
12547;82;25;240;Rohanpur;x;
12548;83;25;244;Jamalpur;x;
12549;184;25;248;Bakshiganj;x;
12550;85;25;232;Kishoreganj;x;
12551;186;25;236;Bhairab;x;
12552;87;25;240;Multan;x;
12553;188;25;244;Sikkah;x;
12554;89;25;48;Kala-Pani;x;
12555;90;25;232;Bahawalpur;x;
12556;91;25;236;Hasilpur;x;
12557;192;25;240;Bahawalnagar;x;
12558;93;25;244;Jhang;x;
12559;94;25;248;Bhera;x;
12560;195;25;232;Khushab;x;
12561;196;25;236;Dhingana;x;
12562;97;25;240;Mangla;x;
12563;98;25;244;Takshashila;x;
12564;99;25;248;Oddiyana3;x;
12565;100;25;232;Kishtwar;x;
12566;101;25;236;Martanda;x;
12567;102;25;240;Baramulla;x;
12568;103;25;244;Balakot;x;
12569;204;25;248;Sonamarg;x;
12570;205;25;32;Suyyapur;x;
12571;106;25;236;Kot-Addu;x;
12572;107;25;240;Raikot;x;
12573;208;25;244;Ludhiana;x;
12574;109;25;248;Jalandhar;x;
12575;110;25;232;Pathankot;x;
12576;211;25;36;Kangra;x;
12577;112;25;240;Amritsar;x;
12578;113;25;244;Lavapuri;x;
12579;214;25;248;Eminabad;x;
12580;115;25;232;Chandaniot;x;
12581;116;25;236;Sialkot;x;
12582;217;25;240;Hiranagar;x;
12583;118;25;244;Bhuj;x;
12584;119;25;48;Mandvi;x;
12585;120;25;232;Dholavira;x;
12586;121;25;236;Kasara;x;
12587;122;25;240;Satyapura-Vav;x;
12588;123;25;244;Puttur;x;
12589;224;25;48;Kasaragod;x;
12590;125;25;232;Rawalpindi;x;
12591;226;25;236;Chakwal;x;
12592;200;25;240;Moraca;x;
12593;1;25;244;Svetigrad;x;
12594;2;25;248;Dryinoupolis;x;
12595;3;25;232;Tristeanikos;x;
12596;236;25;0;Trikala-Gomphoi;x;
12597;5;25;240;Halmyros;x;
12598;6;25;244;Eulokhos;x;
12599;7;25;248;Abarinos;x;
12600;8;26;232;Negotino;x;
12601;9;26;236;Bardiotai;x;
12602;10;26;240;Doiran;x;
12603;111;26;244;Kallikon;x;
12604;12;26;248;Kallindoia;x;
12605;13;26;232;Hilandar;x;
12606;14;26;236;Galepsos;x;
12607;15;26;240;Bera;x;
12608;16;26;244;Magarisi;x;
12609;17;26;248;Madytos;x;
12610;18;26;232;Kenkhreai;x;
12611;19;26;236;Kebrene;x;
12612;20;26;240;Assos;x;
12613;21;26;244;Philippi;x;
12614;22;26;48;Setcases;x;
12615;23;26;32;Ullastret;x;
12616;24;26;36;Biescas;x;
12617;250;26;240;Bielsa;x;
12618;26;26;244;Rocinas;x;
12619;27;26;248;Alcala del Rio;x;
12620;28;26;32;Aznalcollar;x;
12621;29;226;236;Almaden;x;
12622;230;26;240;Palos;x;
12623;231;26;44;Ouguela;x;
12624;32;26;248;Alburquerque;x;
12625;233;26;32;Valencia de Alcantara;x;
12626;234;26;236;Belver-Gaviao;x;
12627;35;26;240;Almourol;x;
12628;236;26;244;Valpuesta;x;
12629;37;26;248;Trevino;x;
12630;238;26;232;Oca;x;
12631;239;26;36;Torquemada;x;
12632;40;26;240;Auriya;x;
12633;41;26;244;Karhal;x;
12634;42;26;48;Etah-Firozabad;x;
12635;243;26;32;Sadabad;x;
12636;244;26;236;Kasganj;x;
12637;45;26;240;Soron-Kaimganj;x;
12638;246;26;244;Bhind;x;
12639;247;26;48;Kuthond;x;
12640;248;26;232;Bateshwar;x;
12641;249;26;236;Sabiona;x;
12642;250;26;40;Cadore;x;
12643;51;26;244;Innichen;x;
12644;52;26;248;Kirchheim;x;
12645;53;26;232;Hainburg;x;
12646;254;26;236;Marchegg;x;
12647;255;26;40;Divin;x;
12648;56;226;244;Guta;x;
12649;157;26;248;Zlatna;x;
12650;158;26;32;Callioure;x;
12651;59;26;236;Ghumira-Badis;x;
12652;60;26;240;Temsaman;x;
12653;61;26;244;Melilla-Serwan;x;
12654;62;26;248;Aklim;x;
12655;163;26;232;Guercif;x;
12656;64;26;236;Tassa;x;
12657;65;126;240;Aknoul;x;
12658;66;26;244;Marnia;x;
12659;67;26;248;Tawnat;x;
12660;68;26;232;Kasr Al-Kabir;x;
12661;69;26;236;Wazzan;x;
12662;170;26;240;Tarki;x;
12663;71;26;244;Lezgin;x;
12664;172;26;248;Kuba-Shabran;x;
12665;173;26;232;Mardakan;x;
12666;74;26;236;Sisakan;x;
12667;75;26;240;Jermuk;x;
12668;176;26;44;Marawan;x;
12669;177;26;48;Varazkert;x;
12670;78;26;232;Artashat;x;
12671;79;26;236;Sirik;x;
12672;80;26;240;Minab;x;
12673;81;26;244;Gamrun;x;
12674;82;26;248;Qeshm;x;
12675;83;26;232;Lengeh;x;
12676;184;26;236;Fareghan;x;
12677;85;226;240;Nabands;x;
12678;86;26;244;Sur;x;
12679;87;26;248;Al-Qariyat;x;
12680;88;26;232;Randazzo;x;
12681;89;26;236;Pulsano;x;
12682;190;26;40;Qala_as_Sada;x;
12683;191;126;44;Nawusah;x;
12684;92;26;248;Umarkot;x;
12685;193;26;232;Digri;x;
12686;194;26;236;Hala;x;
12687;195;26;240;Daur;x;
12688;96;26;244;Sirnikot;x;
12689;97;26;248;Burahan;x;
12690;198;26;232;Sardargarh;x;
12691;199;26;236;Ratodero;x;
12692;100;26;240;Lapalisse;x;
12693;101;26;44;Changy;x;
12694;102;26;248;Pommiers;x;
12695;103;26;32;Saint-Bonnet;x;
12696;104;26;36;Jourcey;x;
12697;105;26;240;Beauzac;x;
12698;106;126;244;Saint-Paulien;x;
12699;107;26;48;Chapteuil;x;
12700;108;27;32;Tournon;x;
12701;109;27;36;Ales;x;
12702;110;27;240;Chelles;x;
12703;11;27;44;Tournan;x;
12704;112;27;248;Mijdrecht;x;
12705;113;27;232;Naarden;x;
12706;114;27;236;Egmond;x;
12707;115;27;240;Enkhuizen;x;
12708;116;27;244;Leens;x;
12709;117;227;248;Kollum;x;
12710;118;227;232;Zetel;x;
12711;119;27;236;Tadino;x;
12712;120;27;240;Sarsina;x;
12713;121;27;44;Qambar;x;
12714;122;27;248;Dort;x;
12715;123;27;232;Lorvao;x;
12716;124;27;236;Cardosa;x;
12717;25;27;40;Lousa;x;
12718;126;27;244;Granadilla;x;
12719;0;27;248;Aldeanueva;x;
12720;201;27;32;Brozas;x;
12721;200;27;36;Guadalupe;x;
12722;103;227;240;Miranda-do-Corvo;x;
12723;4;27;44;Nasamones;x;
12724;205;27;248;Jaghbub;x;
12725;6;27;232;Teteven;x;
12726;7;27;236;Sostra;x;
12727;208;27;40;Pirin;x;
12728;9;27;244;Razlog;x;
12729;10;27;248;Qattara;x;
12730;11;227;32;Erfurt;x;
12731;12;227;236;Jena;x;
12732;13;227;240;Schleusingen;x;
12733;14;227;244;Meiningen;x;
12734;15;227;248;Hassfurt;x;
12735;216;27;232;Ebern;x;
12736;17;227;236;Sonneberg;x;
12737;18;227;240;Gleich;x;
12738;19;227;244;Asch;x;
12739;20;227;248;Hausberge;x;
12740;21;27;232;Sternberg;x;
12741;222;27;236;Lemgo;x;
12742;23;227;240;Nordhausen/Sondershausen;x;
12743;24;27;244;Banz;x;
12744;25;27;248;Sparneck;x;
12745;26;27;232;Weiden2;x;
12746;227;27;236;Mergentheim2;x;
12747;228;27;40;Attersee;x;
12748;29;27;244;Sausenburg;x;
12749;30;227;248;Landser;x;
12750;31;227;232;Frick;x;
12751;32;27;236;Sisgau;x;
12752;33;227;240;Saint-Ursanne;x;
12753;34;27;244;Weinfelden;x;
12754;35;27;248;Olofsborg;x;
12755;36;227;232;Halden;x;
12756;37;27;236;Skien;x;
12757;38;27;240;Kongsvinger;x;
12758;39;227;244;Soloyjar;x;
12759;40;27;248;Vingaker;x;
12760;41;27;232;Torshalla;x;
12761;42;227;236;Gripsholm;x;
12762;243;227;240;Vendel;x;
12763;44;27;244;Brunnback;x;
12764;45;27;248;Oddernes;x;
12765;46;27;232;Farsund;x;
12766;47;27;236;Eikundarsund;x;
12767;48;27;240;Stavanger;x;
12768;49;27;244;Fitjar;x;
12769;250;227;248;Salz;x;
12770;51;227;232;Rieneck2;x;
12771;52;27;236;Brilon;x;
12772;53;27;240;Frankenberg;x;
12773;54;227;244;Kitzingen;x;
12774;55;27;248;Bithias;x;
12775;56;27;232;Selvendegar;x;
12776;57;27;236;Epiphaneia;x;
12777;58;227;240;Katabolos;x;
12778;59;27;244;Kapan-Cilicia;x;
12779;60;27;248;Sis2;x;
12780;61;27;232;Vahka;x;
12781;62;27;236;Zephyrion;x;
12782;63;27;240;Klaudioupolis;x;
12783;64;27;244;Kiphisos;x;
12784;65;227;248;Kirshu;x;
12785;66;27;232;Eirenopolis;x;
12786;67;27;236;Kaklouma;x;
12787;68;27;240;Ardistama;x;
12788;69;27;244;Dasmenda;x;
12789;70;27;248;Mazaka;x;
12790;71;27;232;Nyssa;x;
12791;72;27;236;Tonosa;x;
12792;73;27;240;Khunzakh;x;
12793;74;27;244;Oyskhara;x;
12794;75;227;248;Argun;x;
12795;76;27;232;Sunzha;x;
12796;77;227;236;Mozdok;x;
12797;78;27;240;Alagir;x;
12798;79;27;244;Nalchik;x;
12799;80;227;248;Terek2;x;
12800;81;28;232;Abazin;x;
12801;82;228;236;Maikop;x;
12802;83;28;244;Arkhyz;x;
12803;84;28;244;Tuapse;x;
12804;185;128;248;Beslan;x;
12805;86;28;232;Shapsug;x;
12806;187;128;236;Burgusan;x;
12807;88;28;240;Montesarchio;x;
12808;89;228;244;Caiatia;x;
12809;190;28;248;Acerra2;x;
12810;191;28;232;Pontecorvo;x;
12811;92;28;236;Buccino;x;
12812;93;228;240;Radicofani;x;
12813;94;28;244;Sagona;x;
12814;95;28;248;Serra;x;
12815;96;28;232;Tharros;x;
12816;97;28;236;Solanto;x;
12817;98;28;240;Tenda_Corsica;x;
12818;99;28;244;Hajjaj;x;
12819;100;28;248;Baradan;x;
12820;101;28;232;Abarta;x;
12821;102;128;236;Muhawwal;x;
12822;103;28;240;Humaniya;x;
12823;104;28;244;Jarjaraya;x;
12824;105;28;248;Nahr Sabus;x;
12825;106;28;232;Kaskar-Madharaya;x;
12826;107;228;236;Badhbin;x;
12827;108;28;40;Shadhurwan;x;
12828;109;28;244;Sib;x;
12829;110;228;248;Sura;x;
12830;111;28;232;Svac;x;
12831;112;28;236;Vatin;x;
12832;113;228;240;Ersomlyo;x;
12833;114;28;244;Nera;x;
12834;115;28;248;Dobra;x;
12835;116;28;232;Banostor;x;
12836;117;28;236;Beljin;x;
12837;118;28;240;Brusnica;x;
12838;119;228;244;Borach2;x;
12839;120;228;248;Bovan2-Zagrlata;x;
12840;121;28;232;Kurvingrad;x;
12841;122;28;236;Podujevo2;x;
12842;123;28;240;Gracanica;x;
12843;124;28;244;Rujno-Zlatibor;x;
12844;125;28;248;Brissac;x;
12845;126;28;232;Montjean-Anjou;x;
12846;86;228;236;Montreuil-Bellay;x;
12847;111;28;240;Passavant;x;
12848;222;28;244;Vihiers;x;
12849;3;228;248;Moncoutant;x;
12850;4;28;232;Maillezais;x;
12851;5;228;236;Marans;x;
12852;6;228;240;Faye-la-Vineuse;x;
12853;207;28;244;Haut-Clairvaux;x;
12854;208;28;248;Civray;x;
12855;9;228;232;Montmorillon;x;
12856;10;28;236;Le Dorat;x;
12857;211;28;240;Confolens;x;
12858;12;228;244;Saint-Junien;x;
12859;13;228;248;Saint-Maixent;x;
12860;214;228;232;Germond;x;
12861;15;28;36;Châtelliers;x;
12862;16;28;240;Oudon;x;
12863;17;28;244;Cordemais;x;
12864;18;228;248;Lignieres;x;
12865;19;28;232;Chateauneuf-sur-Cher;x;
12866;20;28;236;Massay;x;
12867;21;228;240;Gracay;x;
12868;22;28;244;Sancergues;x;
12869;23;28;248;Courtenay-Saint-Valerien;x;
12870;24;228;232;Sepeaux;x;
12871;25;228;236;Saint-Parize;x;
12872;26;228;240;Ile-Bouchard;x;
12873;27;28;244;Soubise2;x;
12874;28;28;248;Ile_de_Ret;x;
12875;29;28;232;Cadillac;x;
12876;30;228;236;Marcillac;x;
12877;231;28;40;Nouatre;x;
12878;232;28;44;Penne-d'Agenais;x;
12879;33;228;248;Conques;x;
12880;34;28;232;Mostuéjouls;x;
12881;35;228;236;Meyrueis;x;
12882;36;28;240;Larzac;x;
12883;37;228;244;Bedarieux2;x;
12884;38;228;248;Briçac;x;
12885;39;28;232;Maurs;x;
12886;40;228;236;Falafeios;x;
12887;41;228;240;Uruena;x;
12888;42;228;244;Toral;x;
12889;43;28;248;Navia;x;
12890;44;28;232;Bretona;x;
12891;45;28;236;Viveiro;x;
12892;46;228;240;Cedeira;x;
12893;47;28;244;Malpica;x;
12894;48;28;248;Duio;x;
12895;49;28;232;Pontevedra;x;
12896;50;228;236;Santa Comba;x;
12897;51;28;240;Bibei;x;
12898;52;228;244;Baiona;x;
12899;53;228;248;Ulloa;x;
12900;54;29;232;Sarria-Castroverde;x;
12901;55;229;236;Balboa;x;
12902;56;29;240;Fonsagrada;x;
12903;57;229;44;Ponte de Lima;x;
12904;58;29;48;Anciaes;x;
12905;59;29;32;Cisneros;x;
12906;60;29;36;Mansilla;x;
12907;61;229;240;Hellin;x;
12908;62;29;244;Moratalla;x;
12909;63;29;48;Cotillas;x;
12910;64;29;32;Munera;x;
12911;65;29;236;Cazorla;x;
12912;66;229;240;Castril;x;
12913;67;29;244;Tiscar;x;
12914;68;29;248;Moclin;x;
12915;69;229;232;Comares;x;
12916;70;29;236;Caminha;x;
12917;71;229;240;Cumbres;x;
12918;72;29;44;Llerena;x;
12919;73;229;248;Chambord;x;
12920;74;29;232;Chaumont-sur-Loire;x;
12921;75;29;236;Patay;x;
12922;76;229;240;Bonneval;x;
12923;77;229;244;Mondoubleau;x;
12924;78;29;248;Chateau-du-Loir;x;
12925;79;29;232;Hague;x;
12926;80;229;236;Vezelise;x;
12927;81;229;240;Buzancy;x;
12928;182;29;44;Varennes;x;
12929;83;229;248;Bolenois;x;
12930;84;29;32;Beaumont-en-Argonne;x;
12931;185;29;36;Gondrecourt;x;
12932;86;29;240;Gulfi;x;
12933;87;29;244;Gostomel;x;
12934;88;229;248;Puylaurens;x;
12935;89;29;232;Montferrand;x;
12936;90;229;236;Saverdun;x;
12937;91;29;240;Verdun-sur-Garonne;x;
12938;192;29;244;Grenade;x;
12939;93;229;248;La Salvetat;x;
12940;94;229;232;Nogaro;x;
12941;95;29;36;Soreze;x;
12942;96;229;240;Falset;x;
12943;97;229;244;Xerta;x;
12944;98;29;248;La Tour-du-Pin;x;
12945;99;29;232;Sideron;x;
12946;100;29;236;Mneiakos;x;
12947;101;29;240;Ephraim;x;
12948;102;29;244;Rosokastron;x;
12949;103;29;248;Ioannitza;x;
12950;104;229;232;Markeli;x;
12951;105;229;236;Kimenoz;x;
12952;106;29;40;Dulovo;x;
12953;107;229;244;Vyatnitsa;x;
12954;108;29;248;Pizos;x;
12955;109;29;232;Pistiros;x;
12956;110;29;236;Diokletianoupolis;x;
12957;111;29;240;Peristitza;x;
12958;112;29;244;Boukouba;x;
12959;113;29;248;Zikhna;x;
12960;114;229;232;Portsmouth;x;
12961;115;29;36;Meon;x;
12962;116;29;240;Cecava;x;
12963;117;29;244;Rmanj;x;
12964;118;29;248;Kutjevo;x;
12965;119;29;232;Velika;x;
12966;120;29;236;Garic;x;
12967;121;29;240;Radca;x;
12968;122;29;244;Prodavic;x;
12969;123;29;248;Vaska;x;
12970;124;229;232;Zrnov;x;
12971;125;29;236;Nekudim;x;
12972;126;29;240;Resava;x;
12973;0;229;244;Zeleznik;x;
12974;1;29;48;Ravni;x;
12975;2;229;232;Belogradchik3;x;
12976;203;29;36;Kalna;x;
12977;4;229;240;Toplica3;x;
12978;5;229;244;Drenova;x;
12979;6;229;248;Studenica;x;
12980;7;229;232;Sapa;x;
12981;8;29;232;Fan;x;
12982;9;29;249;Plav3;x;
12983;10;29;244;Velika Krusa;x;
12984;11;229;248;Reke;x;
12985;12;29;232;Korog-Slavonia;x;
12986;13;29;236;Dragas;x;
12987;14;29;240;Trepca2;x;
12988;15;229;244;Lepenac;x;
12989;16;229;248;Borovan;x;
12990;17;229;232;Strazhitsa;x;
12991;218;29;236;Drobnjaci;x;
12992;19;29;240;Myrsinia;x;
12993;20;229;244;Lesbos;x;
12994;21;29;248;Malia;x;
12995;22;229;232;Myrtos;x;
12996;23;29;236;Korion;x;
12997;24;29;240;Itanos;x;
12998;25;229;244;Monteagudo2;x;
12999;226;29;48;Moncayo;x;
13000;27;30;232;Hijar;x;
13001;28;230;236;Arraiolos;x;
13002;29;230;240;Alandroal;x;
13003;30;230;244;Portel;x;
13004;31;30;248;Alvito;x;
13005;32;230;232;Torrao;x;
13006;33;230;236;Haro;x;
13007;34;30;40;Villarrobledo;x;
13008;35;230;244;Penarroya;x;
13009;36;30;248;Tudilen;x;
13010;37;30;232;Sadaba2;x;
13011;38;230;236;Almudevar;x;
13012;239;30;40;Lupinen;x;
13013;40;30;244;Potes;x;
13014;41;30;248;San Vincente;x;
13015;42;230;232;Ruesga;x;
13016;43;30;36;Laredo2;x;
13017;244;30;40;Lezana;x;
13018;45;30;244;Amurrio;x;
13019;46;230;248;Durango2;x;
13020;247;30;232;Ondarroa;x;
13021;248;230;236;Berceo;x;
13022;49;30;240;Salas;x;
13023;50;230;244;Vinuesa;x;
13024;51;230;48;Peralta de Alcofea;x;
13025;52;230;232;Castejón de Monegros;x;
13026;53;30;236;Krcmar;x;
13027;54;230;240;Jablanik;x;
13028;55;30;244;Ljubovica;x;
13029;156;30;48;Cestin;x;
13030;57;30;232;Stalac2;x;
13031;158;30;36;Orljane;x;
13032;59;30;240;Radan;x;
13033;60;30;244;Zelengrad;x;
13034;61;30;248;Presevo;x;
13035;62;230;232;Pcinja2;x;
13036;63;230;236;Devolgrad;x;
13037;64;230;240;Bardiotai2;x;
13038;65;30;244;Eordaia;x;
13039;66;30;248;Emathia;x;
13040;67;230;232;Azoros;x;
13041;68;230;236;Velventos;x;
13042;69;230;240;Ternabos;x;
13043;70;30;244;Naousa;x;
13044;71;30;248;Hram;x;
13045;72;230;232;Ozora;x;
13046;73;230;236;Khotalich;x;
13047;74;30;244;Prespa;x;
13048;75;230;244;Resen;x;
13049;76;30;48;German;x;
13050;77;30;232;Bozhigrad;x;
13051;78;230;236;Sherborne;x;
13052;79;30;240;Wells;x;
13053;80;30;244;Arques;x;
13054;81;230;248;Montier-en-Der;x;
13055;82;30;232;Den Burg;x;
13056;83;30;236;Midwolda;x;
13057;84;230;240;Vimeu;x;
13058;185;30;244;Airaines;x;
13059;86;30;248;Poix;x;
13060;87;230;232;Gerberoy;x;
13061;88;30;236;Chateau-Gaillard;x;
13062;89;30;240;Magny-en-Vexin;x;
13063;90;230;244;Hirson;x;
13064;91;30;248;Porcien;x;
13065;92;30;232;Ribemont;x;
13066;93;230;236;Ambonnay;x;
13067;94;30;240;Aulnay-sur-Marne;x;
13068;95;230;244;Septeuil;x;
13069;196;30;248;Vaudreuil;x;
13070;97;30;232;Saens;x;
13071;98;230;236;Brionne;x;
13072;99;230;240;Argences;x;
13073;100;230;244;Tinchebray;x;
13074;101;230;248;Torigny;x;
13075;102;30;232;Argouges;x;
13076;103;130;236;Saint-Hillaire;x;
13077;104;30;240;Gorron;x;
13078;105;230;244;Ambrieres;x;
13079;106;230;248;Sees2;x;
13080;107;30;232;Breteuil2;x;
13081;108;230;236;Civitate;x;
13082;109;30;240;Miranda;x;
13083;110;230;244;San Vincenzo;x;
13084;111;230;248;Casoli;x;
13085;112;230;232;Cammarata;x;
13086;113;230;236;Entella;x;
13087;114;30;240;Dunster;x;
13088;115;30;244;Kenmure;x;
13089;116;30;248;Mauchline;x;
13090;117;30;232;Rutherglen;x;
13091;118;230;236;Douglas;x;
13092;119;30;240;Nithsdale;x;
13093;120;30;244;Annandale;x;
13094;121;30;248;Liddesdale;x;
13095;122;230;232;Hawick;x;
13096;123;230;236;Langholm;x;
13097;124;30;240;Redesdale;x;
13098;125;230;244;Glasgow2;x;
13099;126;30;48;Airdrie;x;
13100;0;31;232;Clydesdale;x;
13101;1;231;236;Calder;x;
13102;2;31;240;Dunblane;x;
13103;3;31;244;Paterno;x;
13104;4;31;248;Troina;x;
13105;5;31;232;Brechin2;x;
13106;6;31;236;Glamis;x;
13107;7;31;240;Aberdeen2;x;
13108;8;31;244;Huntly;x;
13109;9;31;248;Mar-North;x;
13110;10;231;232;Dunkeld;x;
13111;11;31;236;Falkland;x;
13112;12;31;240;Banchory;x;
13113;13;31;244;Spey;x;
13114;14;31;248;Cannich;x;
13115;15;231;232;Erchless;x;
13116;216;31;236;Achnaclerach;x;
13117;17;231;240;Craigievar;x;
13118;18;231;244;Cuncacestre;x;
13119;19;231;248;Croick;x;
13120;220;31;232;Helmsdale;x;
13121;21;231;236;Newtown2;x;
13122;22;231;240;Vrulja;x;
13123;23;31;244;Ljubuski;x;
13124;24;31;248;Rama;x;
13125;25;31;232;Birsay;x;
13126;26;31;236;Braeswick;x;
13127;27;231;240;Altnaharra;x;
13128;28;31;244;Varrich;x;
13129;29;31;248;Brae;x;
13130;30;31;232;Gacka;x;
13131;31;231;236;Zrmanja;x;
13132;32;31;240;Dabar;x;
13133;33;231;244;Drivenik;x;
13134;34;231;248;Vitunj;x;
13135;35;31;232;Bosiljevo;x;
13136;36;231;236;Vinica-Grad;x;
13137;37;231;240;Jastrebar;x;
13138;38;31;244;Slovenska-Bistrica2;x;
13139;39;31;248;Goritz;x;
13140;140;131;232;Coupar-Angus;x;
13141;41;31;36;Kirk_michael;x;
13142;42;31;240;Crail;x;
13143;43;31;244;Oraefi;x;
13144;44;31;248;Selfoss;x;
13145;45;31;236;Olafsvik2;x;
13146;46;31;236;Holar;x;
13147;47;231;240;Tingeyrar;x;
13148;48;31;244;Trzac;x;
13149;49;231;248;Steničnjak;x;
13150;50;31;232;Jelsa;x;
13151;51;31;236;Solta;x;
13152;52;31;240;Vatnica;x;
13153;53;31;244;Bled2;x;
13154;54;231;248;Lipnica;x;
13155;55;31;232;Preddvor;x;
13156;56;31;236;Vipava;x;
13157;57;231;240;Meran;x;
13158;58;231;244;Grein;x;
13159;59;31;248;Perg;x;
13160;60;231;232;Enns;x;
13161;61;231;236;Schlierbach;x;
13162;162;131;240;Achleiten;x;
13163;63;31;244;Rastenberg;x;
13164;64;31;248;Losenstein;x;
13165;165;31;32;Windischgarsten;x;
13166;66;31;236;Liezen;x;
13167;167;31;240;Kremsmunster;x;
13168;68;231;244;Lambach;x;
13169;69;231;248;Lilienfeld;x;
13170;70;31;232;Plumlov;x;
13171;71;31;236;Rajhrad;x;
13172;72;231;240;Meziříčí;x;
13173;173;31;44;Náměšť;x;
13174;74;231;248;Hrušovany;x;
13175;175;131;232;Lednice;x;
13176;176;131;236;Jevišovice;x;
13177;77;231;240;Merin;x;
13178;78;31;244;Usti;x;
13179;79;31;248;Harenc;x;
13180;80;231;232;Barad;x;
13181;81;31;236;Gindaros;x;
13182;82;231;240;Samarta;x;
13183;83;31;244;Al-Bara;x;
13184;84;31;248;Ras-al-Basit;x;
13185;85;231;232;Saint-Simeon;x;
13186;86;231;236;Sabburah;x;
13187;87;31;240;Labwah;x;
13188;88;31;244;Brummana;x;
13189;89;31;248;Sepphoris;x;
13190;90;31;232;Belvoir;x;
13191;91;31;236;Maraclea;x;
13192;92;231;240;Buissera;x;
13193;93;31;244;Nephin;x;
13194;94;231;248;Chastelet;x;
13195;95;231;232;Sanamayn;x;
13196;96;231;236;Izraa;x;
13197;97;31;240;Ajlun2;x;
13198;98;231;244;Mampsis;x;
13199;99;231;248;Sis2;x;
13200;100;32;232;Shtip;x;
13201;101;232;236;Konce;x;
13202;102;32;240;Dupnica;x;
13203;103;232;244;Stob;x;
13204;104;32;48;Zitomisk;x;
13205;105;32;32;Lesnovo;x;
13206;106;32;236;Slaviste;x;
13207;107;32;240;Anaktropolis;x;
13208;108;232;244;Drabeskos;x;
13209;109;32;248;Trilisi;x;
13210;110;32;232;Znepolje;x;
13211;111;32;236;Svoge;x;
13212;112;32;240;Kalyatta;x;
13213;113;32;244;Makre;x;
13214;114;32;248;Panion;x;
13215;115;32;232;Hadrianeia;x;
13216;16;32;36;Attea;x;
13217;117;32;240;Akrokos;x;
13218;118;232;244;Ankyra;x;
13219;119;232;248;Zeleia;x;
13220;120;32;232;Appia;x;
13221;121;32;236;Apollonia;x;
13222;122;232;240;Helge;x;
13223;123;32;244;Kroulla;x;
13224;124;232;248;Panormos-Mysia;x;
13225;125;32;232;Attaleia;x;
13226;126;32;236;Apollonis;x;
13227;0;32;240;Parthenion;x;
13228;1;32;244;Sipylos;x;
13229;2;232;248;Tmolos;x;
13230;3;232;232;Ariassos;x;
13231;4;232;236;Kolbasa;x;
13232;5;32;240;Adada-Tityassos;x;
13233;6;232;244;Molfetta;x;
13234;7;232;248;Mola;x;
13235;8;32;32;Conversano;x;
13236;9;232;236;Policoro;x;
13237;10;232;240;Canosa;x;
13238;11;32;244;Herpha;x;
13239;12;32;248;Adatha;x;
13240;13;32;232;Thespiai;x;
13241;14;32;236;Lekhonia;x;
13242;15;232;40;Phthiotis;x;
13243;16;32;244;Lysimacheia;x;
13244;17;32;248;Dhubhairt;x;
13245;18;32;32;Dunrobin;x;
13246;19;32;236;Ardmair;x;
13247;20;32;240;Saltvik;x;
13248;21;32;244;Gothem;x;
13249;22;32;248;Alby;x;
13250;23;232;232;Mogne;x;
13251;24;32;236;Sestino;x;
13252;30;224;239;Sassoferrato-Sentinum;x;
13253;33;228;235;Carpi;x;
13254;26;39;239;Vignola;x;
13255;33;37;223;Cona;x;
13256;34;227;227;Portomaggiore-Comacchio;x;
13257;30;32;40;Modigliana;x;
13258;231;32;244;Tossignano;x;
13259;32;32;248;Magione;x;
13260;33;32;232;Cunio;x;
13261;34;232;236;Trets;x;
13262;35;32;240;Rogatica;x;
13263;36;32;244;Birac;x;
13264;37;232;248;Kakanj;x;
13265;38;232;232;Kovin;x;
13266;39;32;236;Kninac;x;
13267;40;232;240;Leocina;x;
13268;41;232;244;Paun-Polje;x;
13269;42;32;248;Jimena;x;
13270;43;232;232;Ubrique;x;
13271;44;232;236;Zahara;x;
13272;46;232;244;Mourao;x;
13273;45;32;240;Noudar;x;
13274;247;32;248;Loja;x;
13275;48;232;232;Padul;x;
13276;249;232;236;Priego;x;
13277;250;32;40;Alcala;x;
13278;51;232;244;Moclin;x;
13279;52;32;248;Arjona-Porcuna;x;
13280;153;32;32;Teba;x;
13281;54;232;236;Bobastro-Ardales;x;
13282;55;32;240;Sohail;x;
13283;56;232;244;Pechina;x;
13284;57;232;248;Talaveruela;x;
13285;58;232;232;Valverde;x;
13286;59;232;236;Sagrajas;x;
13287;60;32;240;Sintra;x;
13288;161;232;244;Palmela;x;
13289;62;232;248;Almada;x;
13290;163;32;32;Jerez-Caballeros;x;
13291;64;32;236;Montornes;x;
13292;65;32;240;Almenara-Burriana;x;
13293;66;232;244;Chelva;x;
13294;67;232;248;Cullera;x;
13295;68;32;232;Calpe;x;
13296;69;232;236;Cofrentes;x;
13297;70;232;240;Yecla;x;
13298;71;32;244;Huercal-Overa;x;
13299;72;32;248;Santa Barbara;x;
13300;73;233;232;San Marcos;x;
13301;74;33;236;Perusic;x;
13302;75;33;240;Lubenice;x;
13303;76;33;244;Beli;x;
13304;77;233;248;Buzan;x;
13305;78;33;232;Omisalj;x;
13306;79;33;236;Drid;x;
13307;80;33;240;Korcula;x;
13308;81;233;240;Vrsinje;x;
13309;82;233;248;Trusina;x;
13310;83;33;232;Viseva;x;
13311;84;33;236;Kom;x;
13312;85;233;240;Porim;x;
13313;86;233;244;Balec;x;
13314;87;233;248;Cemren;x;
13315;88;33;232;Ugljan;x;
13316;89;233;236;Kupinik;x;
13317;90;33;240;Mercadal;x;
13318;91;33;244;Ub;x;
13319;192;133;248;Brodar;x;
13320;93;233;32;Ostrvica;x;
13321;94;233;236;Rekas;x;
13322;95;233;240;Gracanica-Usora;x;
13323;96;33;244;Topeiros;x;
13324;98;33;32;San Marco;x;
13325;97;233;248;San Polo;x;
13326;99;33;36;Ostiglia;x;
13327;100;33;240;Nogara;x;
13328;101;33;244;Poggio Rusco;x;
13329;102;233;248;Cerea;x;
13330;103;233;232;Carrara;x;
13331;104;33;236;Thiene;x;
13332;105;233;240;Resana;x;
13333;106;233;244;Altino;x;
13334;107;233;248;Asolo;x;
13335;108;233;232;Marano;x;
13336;109;33;36;Mortegliano;x;
13337;110;33;240;Guastalla;x;
13338;111;33;44;Soave;x;
13339;112;233;248;Peschiera;x;
13340;113;33;32;Collalto;x;
13341;114;233;236;Felonica;x;
13342;115;33;240;Tesino;x;
13343;116;33;244;Celina;x;
13344;117;33;48;Montegalda;x;
13345;118;33;232;Celsano;x;
13346;119;33;236;Osopo;x;
13347;120;233;240;Gemona;x;
13348;121;33;244;Borgo-Taro;x;
13349;122;233;248;Bardi;x;
13350;123;233;232;Aulla;x;
13351;124;33;236;Gropparello;x;
13352;125;233;240;Zavattarello;x;
13353;126;233;244;Romano;x;
13354;0;233;248;Spino;x;
13355;1;233;232;Bressanoro;x;
13356;2;33;236;Montaione;x;
13357;3;233;240;Reggello;x;
13358;4;33;44;Montevarchi;x;
13359;5;233;248;Saronno;x;
13360;116;33;232;Montichiari;x;
13361;7;33;236;Embolos;x;
13362;8;33;240;Sangarios;x;
13363;9;233;244;Dia-Bithynia;x;
13364;10;33;248;Elaios;x;
13365;11;33;232;Boli;x;
13366;12;33;236;Rhebas;x;
13367;13;33;240;Helenopolis;x;
13368;14;233;244;Libyssa;x;
13369;15;233;248;Ulnia;x;
13370;16;33;232;Vahka;x;
13371;17;33;236;Antiochetta;x;
13372;18;33;240;Korakesion;x;
13373;19;233;244;Kolybrassos;x;
13374;20;33;248;Magarsa;x;
13375;21;33;32;Soloi;x;
13376;22;33;236;Lampron;x;
13377;23;33;240;Mokhbud;x;
13378;24;233;244;Akner;x;
13379;25;233;248;Kastabala;x;
13380;26;33;232;Samal;x;
13381;27;233;236;Seleukeia-Zeugma;x;
13382;28;33;240;Papirion;x;
13383;29;233;244;Hrosus;x;
13384;30;233;248;Lesak;x;
13385;31;33;232;Gradec;x;
13386;32;233;236;Tomarza;x;
13387;33;33;240;Averak;x;
13388;34;33;244;Magida;x;
13389;35;233;248;Dasmenda;x;
13390;36;33;232;Kinna;x;
13391;37;33;236;Zoropassos;x;
13392;38;233;240;Ouenasa;x;
13393;39;233;244;Philabonites;x;
13394;40;233;248;Mossyna;x;
13395;41;233;232;Koralla-Ischopolis;x;
13396;42;33;236;Matzouka;x;
13397;43;33;40;Kordyle;x;
13398;44;33;244;Hyssos;x;
13399;45;33;248;Athenai;x;
13400;46;34;232;Petra;x;
13401;47;34;236;Gyenos;x;
13402;48;234;240;Bedia;x;
13403;49;34;244;Zugdidi-Ergeta;x;
13404;50;234;248;Arkhaiopolis;x;
13405;51;234;232;Kvara-Skanda;x;
13406;52;34;236;Vani;x;
13407;53;234;240;Guria;x;
13408;54;34;244;Odzrakhe;x;
13409;55;34;248;Askureti;x;
13410;56;34;232;Gori-Tashiskari;x;
13411;57;34;236;Tsunda;x;
13412;58;34;240;Artvini-Achara;x;
13413;59;34;244;Archabis-Pharangion;x;
13414;160;34;48;Lausada;x;
13415;61;34;232;Salda;x;
13416;62;34;236;Hierapolis;x;
13417;63;34;240;Akmonia;x;
13418;64;34;244;Kavarna;x;
13419;65;234;248;Devina;x;
13420;66;34;232;Tsarevets;x;
13421;67;34;236;Nicopolis-ad-Istrum;x;
13422;68;234;240;Elena;x;
13423;69;34;244;Varbak;x;
13424;70;234;248;Krivina;x;
13425;71;234;232;Vadin;x;
13426;72;34;236;Belovets;x;
13427;73;234;240;Dobrin;x;
13428;74;34;244;Lycostomo;x;
13429;75;234;248;Ziporea;x;
13430;76;34;232;Kytoros;x;
13431;77;34;236;Isinda;x;
13432;78;34;240;Myra;x;
13433;79;34;244;Physkos;x;
13434;80;34;248;Lounda;x;
13435;81;34;232;Paternion;x;
13436;82;234;236;Greifenburg;x;
13437;83;34;240;Alpar;x;
13438;84;34;244;Zarand;x;
13439;85;34;248;Szarvas-Csolt;x;
13440;86;234;232;Vanya;x;
13441;87;34;236;Nyir;x;
13442;88;234;240;Nagydobos;x;
13443;89;34;44;Lurngau;x;
13444;190;134;248;Stall;x;
13445;91;234;232;Werfen;x;
13446;92;34;36;Lungau;x;
13447;93;234;240;Davos;x;
13448;194;34;244;Tarasp;x;
13449;195;34;48;Leibertingen;x;
13450;96;34;232;Saulgau;x;
13451;97;234;236;Marstetten;x;
13452;98;34;240;Schongau;x;
13453;99;234;244;Sonthofen;x;
13454;100;234;248;Breitenwang;x;
13455;101;234;232;Ebersberg;x;
13456;202;34;36;Kraiburg;x;
13457;203;34;40;Vilshofen;x;
13458;104;34;244;Tegernheim;x;
13459;105;34;248;Hals;x;
13460;106;34;232;Triberg;x;
13461;107;234;236;Rappoltstein;x;
13462;108;234;240;Lindhart;x;
13463;209;34;44;Rothenburg;x;
13464;110;34;248;Kipfenberg;x;
13465;111;234;232;Pappenheim;x;
13466;112;34;236;Heideck;x;
13467;113;234;240;Auerbach;x;
13468;114;34;244;Erlangen;x;
13469;115;34;248;Riedfeld;x;
13470;116;234;232;Windsheim;x;
13471;117;234;236;Dinkelsbuhl;x;
13472;118;34;240;Adelsheim;x;
13473;119;234;244;Bischofsheim;x;
13474;120;34;248;Skive;x;
13475;121;234;232;Haderup;x;
13476;122;34;236;Lysgard;x;
13477;123;34;240;Skodborg;x;
13478;124;234;244;Ulfborg;x;
13479;125;34;248;Herning;x;
13480;126;34;232;Gram;x;
13481;0;134;236;Framlev;x;
13482;1;34;240;Sonderhald;x;
13483;2;234;244;Mols;x;
13484;3;234;248;Gjerlev;x;
13485;4;34;232;Sonderlyng;x;
13486;5;134;236;Hellum;x;
13487;6;134;240;Aars;x;
13488;207;234;244;Rinds;x;
13489;8;34;248;Morso;x;
13490;9;34;232;Horns;x;
13491;10;234;236;Dronninglund;x;
13492;11;34;240;Borglum;x;
13493;12;34;244;Bogense;x;
13494;13;34;248;Assens;x;
13495;214;34;232;Zvenigorod;x;
13496;15;34;236;Ruza;x;
13497;16;34;240;Rzhev;x;
13498;17;34;244;Izborsk;x;
13499;18;34;248;Ludza;x;
13500;19;35;232;Gulbene;x;
13501;20;35;236;Uxkull;x;
13502;21;35;240;Baldohn;x;
13503;221;235;244;Rahden;x;
13504;23;35;248;Jurmala;x;
13505;24;235;232;Opochka;x;
13506;25;235;236;Ostrov;x;
13507;26;35;240;Kamicak;x;
13508;27;35;244;Kopar;x;
13509;28;35;248;Pfannberg;x;
13510;29;235;232;Pelendava;x;
13511;30;35;236;Tarra;x;
13512;31;235;240;Aptera;x;
13513;32;35;244;Lampe;x;
13514;33;35;248;Amorgos;x;
13515;34;35;232;Potamides;x;
13516;35;35;236;Kimolos;x;
13517;36;35;240;Anaphe;x;
13518;37;35;244;Mykonos;x;
13519;38;35;248;Gaurion;x;
13520;39;35;232;Araklobon;x;
13521;40;35;236;Akhaia;x;
13522;41;35;240;Psathopyrgos;x;
13523;42;35;244;Akrata;x;
13524;43;35;248;Styra;x;
13525;44;35;232;Stylos-Pontus;x;
13526;45;235;236;Sumela;x;
13527;46;35;240;Barda-Bardij;x;
13528;47;35;244;Dastakert;x;
13529;48;35;248;Shaki;x;
13530;49;235;232;Nukhpata-Samukh;x;
13531;50;235;236;Gardman;x;
13532;51;35;240;Kalaberd;x;
13533;152;35;44;Nizh;x;
13534;53;35;248;Maraza;x;
13535;54;35;232;Kanina;x;
13536;55;235;236;Tepelena;x;
13537;56;35;240;Phoinike;x;
13538;57;35;244;Argyrades;x;
13539;58;35;248;Porthmos;x;
13540;59;235;232;Kymi;x;
13541;60;235;236;Lithada;x;
13542;61;35;240;Karditsa;x;
13543;62;35;244;Antikyra;x;
13544;111;5;237;Vitrinitsa;x;
13545;64;235;232;Barnakon;x;
13546;165;235;236;Phiskardon;x;
13547;66;235;240;Same;x;
13548;67;235;244;Zakynthos;x;
13549;68;235;248;Arcadia-Khristianoupolis;x;
13550;69;235;232;Monaco;x;
13551;70;35;236;Vence;x;
13552;71;35;240;Cannes;x;
13553;72;235;244;Puget;x;
13554;73;235;248;Fenouillet;x;
13555;74;35;232;Mokra;x;
13556;75;35;236;Atrax;x;
13557;76;235;240;Krannon;x;
13558;77;235;244;Pharkadon;x;
13559;78;35;248;Spalathra;x;
13560;79;35;232;Peuma;x;
13561;80;235;236;Zagoris;x;
13562;81;235;240;Aiani;x;
13563;82;35;244;Myrikion;x;
13564;83;235;248;Ekdaumaua;x;
13565;84;35;232;Klaneos;x;
13566;85;235;236;Selva;x;
13567;86;35;240;Orkistos;x;
13568;87;35;244;Fermoy;x;
13569;88;235;248;Lismore;x;
13570;89;35;32;Cloyne;x;
13571;90;35;236;Dungarvan;x;
13572;91;235;240;Clonea;x;
13573;92;35;244;Cahir;x;
13574;93;35;248;Carrick;x;
13575;94;235;232;Uí Dheá;x;
13576;95;35;236;Leighlin;x;
13577;96;35;240;Abbeyleix;x;
13578;97;235;244;Cullenagh;x;
13579;98;35;48;Castlecomer;x;
13580;99;35;232;Thurles;x;
13581;100;235;236;Clonkeen;x;
13582;101;35;240;Kilfenora;x;
13583;102;35;244;Clonderalaw;x;
13584;103;35;248;Ardfert;x;
13585;104;35;232;Moycullen;x;
13586;105;235;236;Cong;x;
13587;106;35;240;Carra;x;
13588;107;235;244;Tirawley;x;
13589;108;35;248;Moydow;x;
13590;109;35;232;Castlerahan;x;
13591;110;35;236;Kilmacrenan;x;
13592;111;235;240;Slane;x;
13593;112;35;44;Tara;x;
13594;113;35;248;Brega;x;
13595;114;35;32;Clontarf;x;
13596;115;235;236;Maynooth;x;
13597;116;35;240;Naas;x;
13598;117;35;244;Linns;x;
13599;118;235;248;Louth;x;
13600;119;36;232;Llansteffan;x;
13601;120;36;236;Penryn;x;
13602;121;36;240;Lysardh;x;
13603;122;36;244;Daoulas;x;
13604;123;236;248;Bodilis;x;
13605;124;36;232;Plouaret;x;
13606;125;36;236;Saint-Malo;x;
13607;126;36;240;Hunaudaye;x;
13608;0;36;244;Inishowen;x;
13609;1;36;248;Strabane;x;
13610;2;36;232;Banagh;x;
13611;3;236;236;Belcoo;x;
13612;4;36;240;Loughinsholin;x;
13613;5;36;244;Umhaill;x;
13614;6;36;248;Fore;x;
13615;7;36;232;Idrone;x;
13616;8;36;236;Castlereagh;x;
13617;9;36;240;Larne;x;
13618;10;36;244;Dunluce;x;
13619;11;236;248;Rathlin;x;
13620;12;236;232;Merthyr;x;
13621;13;36;236;Kidwelly;x;
13622;14;36;240;Lampeter;x;
13623;15;236;244;Emlyn;x;
13624;16;36;248;Sedzin;x;
13625;17;36;232;Przedecz;x;
13626;18;36;236;Lubien;x;
13627;19;236;240;Kutno;x;
13628;20;36;244;Piatek;x;
13629;21;36;248;Lodz-Zgierz;x;
13630;22;236;232;Warta;x;
13631;23;36;236;Lask;x;
13632;24;236;240;Grocholice;x;
13633;25;36;244;Rozprza;x;
13634;26;236;248;Wolborz;x;
13635;27;36;232;Inowlodz;x;
13636;28;36;236;Zarnow;x;
13637;29;36;240;Koprzywnica;x;
13638;30;236;244;Klimontow;x;
13639;31;36;248;Zawichost;x;
13640;32;36;232;Lagow;x;
13641;33;36;236;Cierniogród;x;
13642;34;236;240;Sokolow;x;
13643;35;36;244;Lancut;x;
13644;36;36;248;Tuczno;x;
13645;37;236;232;Pila-Ujscie;x;
13646;38;36;236;Drzen;x;
13647;39;36;240;Gorzow;x;
13648;40;36;244;Zbaszyn;x;
13649;41;36;248;Przemet;x;
13650;42;36;232;Buk;x;
13651;43;236;236;Ostrow-Lednicki;x;
13652;44;36;240;Bnin;x;
13653;45;236;244;Srem-Leszno;x;
13654;46;36;248;Gostyn;x;
13655;47;36;232;Kopenick;x;
13656;48;36;236;Jazdow;x;
13657;49;236;240;Sochaczew;x;
13658;50;236;244;Konskie;x;
13659;51;36;248;Jarocin;x;
13660;52;36;32;Srodka;x;
13661;53;36;236;Ostrow-Tumski;x;
13662;54;236;240;Szamotuly;x;
13663;55;36;244;Slonsk;x;
13664;56;36;248;Taganrog-Karoia;x;
13665;57;36;232;Kalka-Hygreis;x;
13666;58;236;236;Donetsk-Kalmius;x;
13667;59;236;240;Kutur-Ogly-Tokmak;x;
13668;60;36;244;Kremnoi;x;
13669;61;36;248;Kyzyl-Jar-Taphros;x;
13670;62;36;232;Kalanchak;x;
13671;63;36;236;Kakovka-Karachekrak;x;
13672;64;236;240;Kamyan;x;
13673;65;36;244;Khortytsia;x;
13674;66;36;248;Ungheni-Varzaresti;x;
13675;67;236;232;Butuceni;x;
13676;68;36;236;Rybnitsa;x;
13677;69;36;240;Ladyzyn-Kodyma;x;
13678;70;36;244;Savran;x;
13679;71;36;248;Kremenchuk;x;
13680;72;236;232;Yampil;x;
13681;73;36;236;Serbaca;x;
13682;74;236;240;Stefanesti;x;
13683;75;236;244;Capresti;x;
13684;76;236;248;Drochia;x;
13685;77;236;232;Khosta;x;
13686;78;36;236;Anacopia;x;
13687;79;236;240;Tsebelda;x;
13688;80;36;244;Seti-Latali;x;
13689;81;236;248;Ushguli;x;
13690;82;36;32;Tsageri-Takveri;x;
13691;83;36;236;Gelati;x;
13692;84;36;240;Ambrolauri-Orbeli;x;
13693;85;36;44;Oni;x;
13694;86;36;48;Akhaltsikhe-Qveli;x;
13695;87;36;232;Tskhinvali-Nikozi;x;
13696;88;236;236;Tbeti;x;
13697;89;36;240;Ruisi;x;
13698;90;236;244;Urbnisi;x;
13699;91;36;248;Kldekari;x;
13700;92;37;232;Manglisi;x;
13701;93;37;236;Curtavi;x;
13702;94;237;240;Samshvilde;x;
13703;95;237;244;Lilo;x;
13704;96;37;248;Awjun;x;
13705;97;237;232;Hunarakert;x;
13706;98;37;236;Getik;x;
13707;99;37;240;Khanuni;x;
13708;100;37;244;Mingachevir-Kanhkan;x;
13709;101;37;248;Dedoplitskhara;x;
13710;102;37;232;Qakh;x;
13711;103;37;236;Lagodekhi;x;
13712;104;237;240;Velistsikhe;x;
13713;105;37;244;Tianeti;x;
13714;106;37;248;Balzimachi;x;
13715;107;37;232;Lukuka;x;
13716;108;237;236;Kopa;x;
13717;109;37;240;Shanjir;x;
13718;110;237;244;Susakho;x;
13719;111;237;248;Siba;x;
13720;112;237;232;Panaskerti;x;
13721;113;37;236;Kars-Kechivan;x;
13722;114;37;240;Kalzuan;x;
13723;115;37;244;Bagavan-Kogovit;x;
13724;116;37;248;Sewan;x;
13725;117;237;232;Amiwk;x;
13726;118;37;236;Jugha-Kilit;x;
13727;119;37;240;Gher-Zarawand;x;
13728;120;237;244;Tasuj;x;
13729;121;37;248;Sufiyan;x;
13730;122;37;232;Miyanij;x;
13731;123;37;236;Khalkhal-Firouzabad;x;
13732;124;237;240;Hashtpar;x;
13733;125;237;244;Afshar-Sarat;x;
13734;126;237;248;Varzeqan;x;
13735;0;37;232;Arminan;x;
13736;1;37;236;Malekan;x;
13737;2;237;240;Ajabshir;x;
13738;3;37;244;Qorveh;x;
13739;4;237;248;Asadabad;x;
13740;5;37;232;Kangavar;x;
13741;6;37;236;Namieh;x;
13742;7;37;240;Mamtir;x;
13743;8;237;244;Tmogvi-Akhalkalaki;x;
13744;9;237;248;Askureti-Tori;x;
13745;10;37;232;Dimi;x;
13746;11;37;236;Ulumbo;x;
13747;12;37;240;Kaspi;x;
13748;13;37;44;Aragviskari;x;
13749;14;37;248;Layzan;x;
13750;15;237;232;Gelawu;x;
13751;16;237;236;Maskut-Lpink;x;
13752;17;237;240;Bazgan;x;
13753;18;37;244;Khorsan;x;
13754;19;37;48;Hejeri;x;
13755;20;37;232;Hayzan;x;
13756;21;37;236;Tafresh;x;
13757;22;37;240;Khomein;x;
13758;23;37;244;Askar-Mukram;x;
13759;24;237;248;Manadhir;x;
13760;25;37;232;Sanbil;x;
13761;26;37;236;Susan;x;
13762;27;37;240;Bayrut;x;
13763;28;237;244;Bayat;x;
13764;29;37;248;Susangerd;x;
13765;30;37;232;Irridu;x;
13766;31;37;236;Courcy;x;
13767;32;37;240;Saint-Benoit;x;
13768;33;237;244;Gien-Lorris;x;
13769;34;37;248;Coligny;x;
13770;35;237;232;Cosne;x;
13771;36;37;36;Toucy-Bleneau;x;
13772;37;237;240;Guillon;x;
13773;38;37;244;Argenteuil;x;
13774;39;37;248;Morvan-Chateau-Chinon;x;
13775;40;37;232;Fresnoy;x;
13776;41;237;236;Colaverdey;x;
13777;42;237;240;Auxon;x;
13778;43;37;244;Villeneuve-sur-Yonne;x;
13779;44;237;248;Coulours;x;
13780;45;37;232;Marigny;x;
13781;46;37;36;Courgenay;x;
13782;47;37;240;Charolles-Digoin;x;
13783;48;237;244;Joncy;x;
13784;49;37;48;Luzy;x;
13785;50;37;232;Pizay;x;
13786;51;37;236;Anse;x;
13787;52;37;240;Bron;x;
13788;53;237;244;Briord;x;
13789;54;37;248;Hauterives;x;
13790;55;37;232;Saint-Antoine;x;
13791;56;237;236;Pouilly;x;
13792;57;237;240;Fontenoy;x;
13793;58;237;244;Rioz;x;
13794;59;37;248;Montfaucon;x;
13795;60;37;232;Cicon;x;
13796;61;37;236;Maiche;x;
13797;62;37;240;Pontailler;x;
13798;63;237;244;Champlitte;x;
13799;64;237;248;Vergy;x;
13800;65;38;32;Rouvres;x;
13801;66;38;236;Tournus;x;
13802;67;38;40;Neublans;x;
13803;68;238;244;La-Clayette;x;
13804;69;38;48;Berze;x;
13805;70;238;232;Trevoux;x;
13806;71;38;236;Chateau-Chaumont;x;
13807;72;38;240;Gex;x;
13808;73;238;244;Bage;x;
13809;74;38;48;Châtillon-les-Dombes;x;
13810;75;238;232;Dramelay;x;
13811;76;38;236;Cuiseaux;x;
13812;77;38;40;Lons-le-Saunier;x;
13813;78;38;244;Champagnole;x;
13814;79;238;248;Poligny;x;
13815;80;38;232;Arlay;x;
13816;81;38;236;Romenay;x;
13817;82;38;240;Badenweiler;x;
13818;83;38;244;Sennenheim;x;
13819;84;38;48;Illzach;x;
13820;85;38;232;Saint-Ursanne;x;
13821;86;38;236;Champs-Bassigny;x;
13822;87;38;240;Colombey;x;
13823;88;38;244;Liverdun;x;
13824;89;238;248;Gondreville;x;
13825;90;38;232;Charmes;x;
13826;91;38;236;Blankenberg;x;
13827;92;238;240;Saint-Die;x;
13828;93;238;244;Apremont;x;
13829;94;38;248;Jaulny-Gorze;x;
13830;95;38;232;Clermont;x;
13831;96;38;236;Clefmont;x;
13832;97;238;240;Morimond;x;
13833;98;38;244;Essoyes;x;
13834;99;238;248;Lassois;x;
13835;100;238;232;Alise;x;
13836;101;38;36;Aix-en-Othe;x;
13837;102;38;240;Nemours;x;
13838;103;38;244;Hannut;x;
13839;104;238;248;Chinay;x;
13840;105;38;232;Moutier;x;
13841;106;238;236;Montmélian;x;
13842;107;38;240;Oneglia;x;
13843;108;38;244;Chillon-Martigny;x;
13844;109;238;248;Evian;x;
13845;110;238;232;Sallanches;x;
13846;111;38;236;Rumilly;x;
13847;112;38;240;Seez;x;
13848;113;38;244;Montmayeur;x;
13849;114;38;248;Termignon;x;
13850;115;38;232;Fruttuaria;x;
13851;116;238;236;Cavour;x;
13852;117;38;240;Auriate;x;
13853;118;238;244;Carmagnola;x;
13854;119;38;248;Oulx;x;
13855;120;38;232;Masio;x;
13856;121;38;236;Sesia;x;
13857;122;238;240;Orta;x;
13858;123;238;244;Caluso;x;
13859;124;38;248;Challand;x;
13860;125;238;232;Fenis;x;
13861;126;238;236;Morgex;x;
13862;0;38;240;Erguel;x;
13863;1;38;244;Payerne;x;
13864;2;238;248;Avenches;x;
13865;3;38;232;Linthal;x;
13866;4;38;236;Uznach;x;
13867;5;238;240;Weinfelden;x;
13868;6;238;244;Rheineck;x;
13869;7;38;248;Lindau;x;
13870;8;238;232;Vaduz;x;
13871;9;238;236;;Hericourtx;
13872;10;38;240;Dammerkirch;x;
13873;1;1;1;Zulpich;x;
13874;12;238;248;Virneburg;x;
13875;213;87;202;Burresheimm;x;
13876;14;38;36;Mayen;x;
13877;15;38;240;Eltz;x;
13878;16;238;244;Kastellaun;x;
13879;17;38;248;Kaub;x;
13880;18;38;232;Grumbach;x;
13881;19;38;236;Bessingen;x;
13882;20;38;40;Rheinfels;x;
13883;21;38;244;Lampertheim;x;
13884;22;238;248;Lobdenburg;x;
13885;23;38;232;Eberbach;x;
13886;24;38;236;Sinsheim;x;
13887;25;38;240;Lauterburg;x;
13888;26;238;244;Seltz;x;
13889;27;238;248;Neufels;x;
13890;28;238;232;Breteheim;x;
13891;29;38;36;Neuenburg;x;
13892;30;38;240;Nagold;x;
13893;231;238;244;Plieningen;x;
13894;32;238;248;Esslingen;x;
13895;33;238;232;Germersheim;x;
13896;34;38;236;Karben;x;
13897;35;238;240;Friedberg;x;
13898;36;38;244;Munzenberg;x;
13899;37;38;248;Kuinre;x;
13900;38;239;232;Stahleck;x;
13901;39;39;236;Gladenbach-Blankenstein;x;
13902;40;39;240;Wittlich;x;
13903;41;39;244;Bitburg;x;
13904;42;39;248;Trierweiler;x;
13905;43;39;232;Saarburg-Wincheringen;x;
13906;44;39;236;Forbach-Busendorf;x;
13907;45;39;240;Grevenmacher;x;
13908;46;239;244;Echternach;x;
13909;47;239;248;Sierck;x;
13910;48;239;232;Varey;x;
13911;49;39;236;Saint-Rambert;x;
13912;50;239;240;Frankenthal;x;
13913;51;39;244;Falkensteinburg;x;
13914;52;239;248;Saint-Julien;x;
13915;53;39;32;Seyssel;x;
13916;54;239;236;Marbach;x;
13917;55;239;40;Winnenden;x;
13918;56;239;44;Helfenstein;x;
13919;57;239;48;Memmingen;x;
13920;58;239;32;Andechs;x;
13921;59;239;236;Wolfratshausen;x;
13922;60;39;240;Lechrain;x;
13923;61;39;244;Telfs;x;
13924;62;239;48;Tirol;x;
13925;63;239;232;Amras;x;
13926;64;239;36;Holzkirchen;x;
13927;65;239;40;Partenkirchen;x;
13928;66;39;244;Eupen;x;
13929;67;239;248;Monschau;x;
13930;68;39;232;Stavelot;x;
13931;69;239;236;Waasmunster;x;
13932;70;39;240;Itter;x;
13933;71;239;244;Beveren;x;
13934;72;239;248;Waereghem;x;
13935;73;239;232;Brantome;x;
13936;74;239;236;Nigremont;x;
13937;75;39;240;Chalus;x;
13938;76;39;244;Solignac;x;
13939;77;239;248;Segur;x;
13940;78;39;232;Uzerche;x;
13941;79;39;236;Donzenac;x;
13942;80;239;240;Hautefort;x;
13943;81;39;244;Sarlat-Biron;x;
13944;82;239;248;Meyrals-Lauzun;x;
13945;83;239;32;Grignols;x;
13946;84;39;236;Chabanais;x;
13947;85;39;240;Ruffec;x;
13948;86;239;244;Civray;x;
13949;87;39;248;Melle;x;
13950;88;39;232;Surgeres;x;
13951;89;39;236;Brosse;x;
13952;90;39;240;Saint-Junien;x;
13953;91;39;244;Chalucet;x;
13954;92;39;248;Bourganouf;x;
13955;93;239;32;Segur;x;
13956;94;239;236;Auriac;x;
13957;95;239;240;Neuvic;x;
13958;96;39;244;Apchon;x;
13959;97;39;248;Massiac;x;
13960;98;239;232;Beaulieu;x;
13961;99;239;36;Albiac;x;
13962;100;39;240;Orhlac;x;
13963;101;239;244;Saint-Flour-Aubrac;x;
13964;102;239;48;Grezes;x;
13965;103;239;232;Tournel;x;
13966;104;39;236;Ayssènes;x;
13967;105;39;240;Cadars-Cassagnes;x;
13968;106;39;244;Maremne;x;
13969;107;39;248;Chalosse;x;
13970;108;39;232;Marsan;x;
13971;109;39;236;Magnoac;x;
13972;110;239;240;Gaure;x;
13973;111;39;244;Brulhois;x;
13974;112;239;248;Condom;x;
13975;113;239;232;Fronsac-Benauges;x;
13976;114;239;236;Blaye;x;
13977;115;239;240;Saint-Laurent-Medoc;x;
13978;116;239;244;Talmond;x;
13979;117;239;48;Mirambeau;x;
13980;118;239;232;Rain;x;
13981;119;39;236;Fronakre;x;
13982;120;39;240;Fulnaho;x;
13983;121;39;244;Bocholt-Anholt;x;
13984;122;39;248;Cappenberg;x;
13985;123;39;232;Steinfurt;x;
13986;124;239;236;Ibbenbüren;x;
13987;125;39;240;Emmerik;x;
13988;126;39;244;Heckesberg;x;
13989;0;39;248;Enschede;x;
13990;1;239;232;Nordhorn;x;
13991;2;39;236;Frignano;x;
13992;3;39;236;Berceto;x;
13993;4;239;244;Versilia;x;
13994;5;39;248;Vinci;x;
13995;6;239;232;Certaldo;x;
13996;7;39;236;Pontedera-San;x;
13997;8;239;240;Signa;x;
13998;9;39;244;Saturnia;x;
13999;10;239;248;Talamone;x;
14000;11;40;232;Castigliano;x;
14001;12;240;236;Nocera;x;
14002;13;40;240;Fossombrone;x;
14003;14;40;244;Carpegna;x;
14004;15;40;248;Ortona;x;
14005;16;240;232;Torriana;x;
14006;17;40;236;Arceto;x;
14007;18;40;240;Montechiarugolo;x;
14008;19;240;244;Sansepolcro;x;
14009;20;40;248;Rodigo-Goito;x;
14010;21;40;232;Nonette;x;
14011;22;240;236;Manglieu;x;
14012;23;40;240;Olliergues;x;
14013;24;240;244;Volvic-Tournoel;x;
14014;25;40;248;Ris-Vichy;x;
14015;226;140;132;Polignac-Lepuy;x;
14016;227;40;236;Sancoins-Dun;x;
14017;28;40;240;Lurcy;x;
14018;29;240;244;Epineuil;x;
14019;30;40;248;Livron;x;
14020;31;240;232;Chalancon;x;
14021;32;40;236;Avio;x;
14022;33;240;240;Rovereto;x;
14023;34;40;244;Telvana;x;
14024;35;40;248;Stenico;x;
14025;36;240;32;Cles;x;
14026;237;40;36;Anfo;x;
14027;39;240;44;Arco;x;
14028;38;40;240;Ceva;x;
14029;40;40;248;Senez;x;
14030;241;40;232;Estoublon;x;
14031;42;40;236;Barcelonnette-Thorame;x;
14032;43;240;40;Entraunes;x;
14033;44;240;244;Seyne;x;
14034;45;240;48;Sault;x;
14035;46;40;32;Tallard;x;
14036;47;240;236;Theys;x;
14037;48;240;240;Saint-Bonnet;x;
14038;49;240;244;Carpentras;x;
14039;50;240;248;Sèrres;x;
14040;51;40;232;Salernes;x;
14041;52;40;236;Ratis;x;
14042;53;40;240;Lunel;x;
14043;54;40;244;Montorcier;x;
14044;55;40;248;Barjac;x;
14045;56;40;232;Cevennes-Vissec;x;
14046;57;240;236;Sauve;x;
14047;58;40;240;Novalesa;x;
14048;59;40;244;Germignaga;x;
14049;60;240;248;Nesso;x;
14050;61;40;232;Trezzo;x;
14051;62;240;36;Telgate;x;
14052;63;240;40;Sonnenberg;x;
14053;64;240;44;Mustair;x;
14054;65;240;248;Mals;x;
14055;66;40;232;Zernez;x;
14056;67;240;236;Zuoz;x;
14057;68;40;240;Bolzano-Eppan;x;
14058;69;240;44;Runkelstein;x;
14059;70;40;248;Lana;x;
14060;171;40;32;Katzenstein;x;
14061;72;40;236;Freudenberg;x;
14062;73;240;240;Pfafers;x;
14063;74;40;244;Nivagl;x;
14064;75;40;248;Klosters;x;
14065;76;240;232;Schiers;x;
14066;77;240;236;Blumenegg;x;
14067;78;40;240;Dornbirn;x;
14068;79;240;244;Toggenburg-Starkenstein;x;
14069;180;40;48;Berneck;x;
14070;81;40;232;Obergünzburg;x;
14071;82;240;236;Haltenberg;x;
14072;83;240;240;Vals;x;
14073;84;240;244;Albeck;x;
14074;85;40;248;Ehingen;x;
14075;86;40;232;Dischingen;x;
14076;87;40;236;Burgebrach;x;
14077;88;240;40;Ebelsbach;x;
14078;89;40;244;Gochsheim;x;
14079;90;240;48;Ippesheim;x;
14080;91;240;232;Furstenberg;x;
14081;92;240;236;Ottingen;x;
14082;93;240;240;Henfenfeld;x;
14083;94;240;244;Hohenburg;x;
14084;95;40;248;Dagestein;x;
14085;96;40;232;Leuchtenburg-Weiden-Falkenburg;x;
14086;97;40;236;Neunburg;x;
14087;98;240;240;Cham-Vurte;x;
14088;99;240;244;Marquardstein-Chiemsee;x;
14089;100;40;248;Laufen-Mattsee;x;
14090;102;40;232;Mondsee;x;
14091;103;40;236;Ischl;x;
14092;104;40;240;Eferding;x;
14093;105;40;244;Wildberg;x;
14094;106;40;248;Tannberg;x;
14095;107;40;232;Formbach;x;
14096;108;40;236;Kremsmunster-Lambach-Atzbach;x;
14097;223;223;240;Frankenburg;x;
14098;102;24;244;Mattighofen;x;
14099;101;40;248;Oetting;x;
14100;100;235;232;Hirnsberg;x;
14101;77;8;244;Aschau;x;
14102;109;40;240;Miesbach;x;
14103;210;40;44;Rott-am-Inn;x;
14104;111;40;248;Haag;x;
14105;112;240;232;Velden;x;
14106;113;240;236;Eggenfelden;x;
14107;114;40;240;Haarbach;x;
14108;15;240;44;Aldersbach-Eichendorf;x;
14109;125;228;244;Altheim;x;
14110;123;24;244;Halla;x;
14111;102;24;240;Hachede;x;
14112;21;212;248;Ebingen;x;
14113;13;36;248;Ertingen;x;
14114;121;20;240;Pfullendorf;;
14115;118;2;247;Gammertingen;x;
14116;21;223;236;Seckau;x;
14117;172;39;186;Erzberg;x;
14118;133;139;61;Eisenwurzen;x;
14119;116;40;248;Horn-Hardegg;x;
14120;86;6;244;Eggenburg;x;
14121;78;33;233;Haugsdorf-Hollabrunn;x;
14122;117;40;232;Kamp;x;
14123;118;40;236;Wagram;x;
14124;119;240;240;Angern;x;
14125;120;40;244;Mailberg;x;
14126;121;40;248;Csepreg;x;
14127;122;40;232;Landsee;x;
14128;123;240;236;Mattersburg;x;
14129;124;240;240;Kerestur;x;
14130;125;40;244;Pokvar;x;
14131;126;40;248;Varel-Butjadingen;x;
14132;0;40;232;Brake;x;
14133;1;40;236;Westerstede;x;
14134;2;240;240;Syke;x;
14135;3;40;244;Thedinghausen;x;
14136;4;240;248;Wynhausen;x;
14137;5;40;232;Winsen;x;
14138;6;40;236;Lenzen-Gartow;x;
14139;7;40;240;Perleberg-Pritzwalk;x;
14140;8;40;244;Klenow-Wittenberge;x;
14141;9;40;248;Jerichow;x;
14142;10;40;232;Seehausen;x;
14143;11;40;236;Molln;x;
14144;12;40;240;Wohldorf;x;
14145;13;240;244;Buxtehude-Harburg;x;
14146;214;40;48;Hersefeld-Horneburg;x;
14147;15;40;232;Kellinghausen;x;
14148;16;240;236;Tielenburg;x;
14149;50;214;248;Meldorf;x;
14150;51;14;232;Heide;x;
14151;52;14;236;Ulstrup;x;
14152;53;14;240;Husumbro-Tonning;x;
14153;254;14;44;Stapelholm;x;
14154;54;214;244;Wyk;x;
14155;100;100;100;Medemblik-Hoorn;x;
14156;101;101;101;Zaandam;x;
14157;102;102;102;Leiden-Alphen;x;
14158;250;1;1;Den-Haag;x;
14159;103;103;103;Dort-Strijen;x;
14160;104;104;104;Overflakkee;x;
14161;105;105;105;Bergen-op-Zoom-Tholen;x;
14162;1;214;1;Woerden;x;
14163;1;215;1;Apeldoorn;x;
14164;254;1;1;Ravenstein;x;
14165;255;2;2;Goch-Gennep;x;
14166;255;3;3;Venlo-Kessel;x;
14167;55;55;55;Roermond-Horn-Hechtel;x;
14168;2;222;2;Geldern-Horst;x;
14169;1;214;244;Xanten-Kalkar;x;
14170;222;1;1;Voorthuizen;x;
14171;71;11;11;Sneek;x;
14172;1;222;222;Susteren;x;
14173;255;5;5;Thorn;x;
14174;5;255;255;Weert;x;
14175;3;255;3;Gemert;x;
14176;1;214;214;Borgloon;x;
14177;214;1;1;Aarschot;x;
14178;211;214;11;Tienen;x;
14179;222;2;2;Ribemont-Chauny;x;
14180;222;3;3;Quierzy;x;
14181;222;214;244;Ham;x;
14182;222;3;4;Chimay;x;
14183;1;1;244;La-Roche-Vielsalm;x;
14184;55;214;244;Saint-Omer-Ardres;x;
14185;222;1;5;Quentovic;x;
14186;222;22;2;Bouvines;x;
14187;7;7;7;Vlissingen;x;
14188;9;1;1;Zevenbergen;x;
14189;54;1;1;Steenbergen;x;
14190;14;14;255;Dorsten;x;
14191;11;11;244;Bochum;x;
14192;222;9;9;Erkelenz;x;
14193;54;222;222;Dyck;x;
14194;146;151;75;Bedburg;x;
14195;254;6;6;Lechenich;x;
14196;2;212;5;Rheinbach;x;
14197;7;7;12;Drachenfels;x;
14198;255;1;11;Lüdenscheid;x;
14199;4;4;246;Kenilworth;x;
14200;54;54;54;Stratford;x;
14201;233;2;2;Alcester;x;
14202;211;2;2;Chatteris;x;
14203;211;3;3;Norman-Cross;x;
14204;11;222;11;Tempsford;x;
14205;2;2;213;Toseland;x;
14206;111;214;244;Bedford-Tempsford;x;
14207;211;1;1;Luton-Dunstable;x;
14208;233;12;2;Waltham;x;
14209;254;5;5;Maldon;x;
14210;55;56;56;Chelmsford-Ongar;x;
14211;154;214;4;Greenwich;x;
14212;254;12;12;Brixton;x;
14213;254;11;11;Wallingford-Dorcester;x;
14214;12;214;12;Armathwaite;x;
14215;154;14;144;Allerdale-Copeland;x;
14216;254;3;13;Drumburgh;x;
14217;254;4;13;Skelton-Guisborough;x;
14218;254;5;13;Lastingham;x;
14219;254;6;13;Bowland;x;
14220;254;7;13;Warrington;x;
14221;254;8;13;Tutbury;x;
14222;254;9;13;Harborough;x;
14223;254;10;13;Bosworth;x;
14224;254;11;13;Daventry;x;
14225;3;3;255;Towcester-Warden;x;
14226;254;12;13;Norton;x;
14227;254;13;13;Bicester;x;
14228;1;255;255;Woodstock;x;
14229;13;13;13;Olney;x;
14230;254;15;13;Cricklade;x;
14231;3;255;13;Thatcham;x;
14232;254;16;13;Elthorne;x;
14233;254;17;13;Westminster;x;
14234;254;18;13;Brahingas;x;
14235;254;224;244;Waeclingas;x;
14236;2;234;2;Papworth-Soham;x;
14237;3;3;233;Hurstingstone-Ramsey;x;
14238;254;12;11;Torksey;x;
14239;254;9;9;Doddingtree;x;
14240;254;1;3;Cheltenham;x;
14241;254;1;4;Langley;x;
14242;254;1;5;Portbury;x;
14243;254;1;6;Weymouth;x;
14244;254;1;7;Midhurst;x;
14245;13;222;13;Petworth;x;
14246;233;222;12;Horsham;x;
14247;233;233;244;Grinstead;x;
14248;234;2;2;Odham;x;
14249;244;1;1;Romsey;x;
14250;249;1;1;Wight;x;
14251;1;237;1;Ribchester;x;
14252;1;238;1;Leyland;x;
14253;211;2;1;Lorsch;x;
14254;211;3;1;Rotaha;x;
14255;211;4;1;Mildenburg;x;
14256;211;5;1;Aschaffenburg-Ostheim;x;
14257;211;6;1;Kreuzwertheim;x;
14258;211;7;1;Windecken;x;
14259;211;8;1;Weilburg-Limburg-Eppstein;x;
14260;3;3;3;Offenbach;x;
14261;2;237;2;Rieneck;x;
14262;231;11;11;Steckelberg;x;
14263;213;214;244;Corvey;x;
14264;2;2;251;Iburg;x;
14265;2;222;213;Einbeck;x;
14266;238;1;1;Plesse;x;
14267;254;9;7;Lutter;x;
14268;254;9;8;Helmstedt-Supplingburg;x;
14269;3;244;3;Schöningen;x;
14270;254;214;244;Oschersleben;x;
14271;231;5;1;Salder;x;
14272;11;214;11;Woldenberg-Liebenburg;x;
14273;234;3;2;Ballenstedt;x;
14274;254;3;1;Köthen;x;
14275;154;214;244;Nienburg2;x;
14276;114;114;144;;Coswig;x;
14277;239;7;2;Querfurt-Weihe;x;
14278;254;13;7;Weissenfels;x;
14279;243;2;2;Boyneburg;x;
14280;254;234;2;Bebra;x;
14281;254;234;3;Heiligenstadt;x;
14282;254;234;4;Lohra;x;
14283;254;234;5;Tonna;x;
14284;254;234;7;Melsungen-Wallenstein;x;
14285;254;234;8;Schauenburg-Schaumburg;x;
14286;1;254;11;Reichenbach;x;
14287;154;114;144;Warburg;x;
14288;254;234;9;Krukenburg;x;
14289;254;234;6;Jena-Arnshaugk;x;
14290;254;234;11;Kyritz;x;
14291;254;214;11;Kalbe;x;
14292;254;214;9;Teltow;x;
14293;254;224;9;Spandau;x;
14294;254;224;1;Arneburg-Klietz;x;
14295;254;1;244;Tangermunde;x;
14296;254;2;12;Ziesar;x;
14297;254;244;1;Genthin;x;
14298;254;233;3;Lubben-Finsterwalde;x;
14299;54;214;114;Luckau;x;
14300;14;24;244;Zossen;x;
14301;14;2;244;Dobrilugk;x;
14302;212;255;244;Brene-Liubusua;x;
14303;212;254;244;Sonnewalde-Groźišćo;x;
14304;222;13;3;Grimma;x;
14305;54;34;34;Oschatz;x;
14306;251;1;3;Prettin;x;
14307;255;6;6;Twistringen;x;
14308;213;1;3;Llandudno-Arllechwedd;x;
14309;53;234;234;Bangor-Fawr;x;
14310;44;231;1;Degannwy;x;
14311;214;24;244;Criccieth;x;
14312;5;2;249;Dolwyddelan;x;
14313;255;1;3;Flint;x;
14314;255;1;4;Corwen-Bala;x;
14315;255;2;1;Dolgellau2;x;
14316;224;33;12;Deilgne;x;
14317;211;213;174;Penllyn;x;
14318;154;117;44;Erstein;x;
14319;254;2;7;Hautvillers;x;
14320;154;14;24;Vervins;x;
14321;1;3;254;Rozoy;x;
14322;234;34;34;Havrincourt;x;
14323;154;114;137;Tourcoing;x;
14324;254;224;241;Mortagne-Tournai;x;
14325;254;7;7;Marchiennes;x;
14326;254;7;8;Bourbourg-Ardres-Lumbres;x;
14327;254;8;7;Diksmuide;x;
14328;1;234;1;Torhout;x;
14329;254;3;3;Plélan;x;
14330;254;3;4;Guémené;x;
14331;254;2;3;Loudeac Merdrignac;x;
14332;254;2;2;Rosporden;x;
14333;3;234;3;Concarneau;x;
14334;154;114;134;Kemenet-Héboé;x;
14335;154;114;136;Callac;x;
14336;254;254;244;Relec-Plouyé;x;
14337;254;3;11;Ligny-Ornois;x;
14338;254;3;12;Signy;x;
14339;3;244;11;Sedan;x;
14340;3;234;13;Remich;x;
14341;3;244;1;Hamm-Eifel;x;
14342;254;1;11;Dampierre;x;
14343;255;11;11;Vitry-Sompuis;x;
14344;14;254;234;Craonne-Laon;x;
14345;252;3;3;Pisy;x;
14346;3;224;13;Montreal;x;
14347;4;244;4;Encre-Albert;x;
14348;4;244;3;Romilly-Mery;x;
14349;14;214;214;Plancy;x;
14350;234;1;2;Ramerupt;x;
14351;114;217;247;Queudes;x;
14352;3;3;7;Omont;x;
14353;214;1;8;Longny;x;
14354;254;11;17;Bobrowniki;x;
14355;254;22;13;Lipno;x;
14356;33;214;33;Sierpc;x;
14357;234;72;3;Siedlce;x;
14358;111;3;7;Garwolin-Stoczek;x;
14359;1;212;233;Cisek;x;
14360;253;2;2;Jeżów;x;
14361;223;3;11;Nur-Brok;x;
14362;1;247;1;Bransk;x;
14363;6;6;236;Tykocin;x;
14364;241;1;7;Knyszyn;x;
14365;3;231;13;Goniądz;x;
14366;7;247;7;Volodava;x;
14367;7;247;6;Kholm-Ugrovsk;x;
14368;154;1;111;Zamosc;x;
14369;154;2;144;Nisko;x;
14370;5;5;246;Krasnik;x;
14371;111;37;244;Wawolnica;x;
14372;74;77;77;Kobryn-Dzivin;x;
14373;2;179;2;Kovel-Kamen;x;
14374;7;231;1;Ratne;x;
14375;214;6;6;Drahichyn;x;
14376;211;223;244;Ljubjaz;x;
14377;174;7;7;Prohov;x;
14378;111;131;133;Baranovichi;x;
14379;208;200;38;Lubcha;x;
14380;154;124;24;Nesvizh;x;
14381;254;223;234;Slonim-Kosava;x;
14382;254;227;214;Kopyl;x;
14383;57;57;224;Cherykaw-Byhov;x;
14384;254;13;17;Mogilev;x;
14385;254;13;16;Propoisk;x;
14386;254;11;16;Obolci;x;
14387;3;234;11;Drutsk-Teterin;x;
14388;4;214;4;Kopys;x;
14389;1;1;255;Krasnyi;x;
14390;1;2;255;Yelnya-Hislavici;x;
14391;3;237;3;Krichev;x;
14392;1;255;1;Berezino;x;
14393;33;214;244;Cervien;x;
14394;33;214;241;Rechytsa-Brjagin;x;
14395;223;11;9;Gorvol;x;
14396;154;217;245;Lucin;x;
14397;154;74;244;Pererov;x;
14398;24;124;24;Šukynas;x;
14399;1;125;1;Alšėnai;x;
14400;154;117;144;Šalčininkai;x;
14401;7;214;3;Jašiūnai;x;
14402;224;214;1;Druskininkai;x;
14403;7;255;1;Lazdijai;x;
14404;74;74;74;Trubetsk-Radosc;x;
14405;73;74;74;Baturyn;x;
14406;72;74;74;Sosnica-Blystova;x;
14407;177;177;177;Ropsk;x;
14408;154;114;84;Huwaiza-Nahr-Tira;x;
14409;154;114;85;Masrukan;x;
14410;154;14;86;Al-Badhaward;x;
14411;154;14;80;Bayrut-Karkub;x;
14412;154;14;81;Dur;x;
14413;154;14;82;Junday-Sabur;x;
14414;154;14;83;Sanbil-Asak-Dawrakistan;x;
14415;13;234;13;Sardan;x;
14416;12;244;12;Hawanit;x;
14417;7;7;247;Dilbat-Marad;x;
14418;7;7;244;Babylon;x;
14419;222;111;222;Borsippa;x;
14420;211;214;237;Hirta;x;
14421;254;33;33;Mattuth;x;
14422;111;2;3;Batha-Larsa;x;
14423;3;234;17;Eridu;x;
14424;227;214;244;Warka-Umma;x;
14425;228;214;244;Isin;x;
14426;14;174;244;Adab;x;
14427;34;34;244;Samawah;x;
14428;34;13;244;Nahr-Simmara-Kurnah;x;
14429;54;13;244;Mukhtarah;x;
14430;114;114;244;Hammar;x;
14431;24;74;244;Shuruppak;x;
14432;114;114;243;Amarah;x;
14433;37;12;12;Bad-Tibira;x;
14434;37;13;12;Rumaitha;x;
14435;212;214;244;Alhama-Murcia;x;
14436;223;214;244;Sorbas;x;
14437;226;214;244;Nijar;x;
14438;177;214;244;Serón;x;
14439;249;4;3;Canjáyar;x;
14440;217;217;244;Bücken;x;
14441;254;199;244;Limberg;x;
14442;24;74;74;Dersaburg;x;
14443;211;219;244;Blumenthal;x;
14444;199;2;2;Geestemunde;x;
14445;237;7;7;Kölln;x;
14446;154;74;77;Lindow_anhalt;x;
14447;199;3;2;WIEDENBRUCK-Bielefeld;x;
14448;117;34;244;Oderberg;x;
14449;112;2;33;Leightonstone;x;
14450;111;131;222;Willey;x;
14451;111;121;222;Ampthill;x;
14452;2;111;222;Edmonton;x;
14453;222;121;222;Hatfield;x;
14454;223;1;6;Risborough;x;
14455;223;1;7;Vez;x;
14456;111;117;227;Estrées;x;
14457;227;111;222;Méru;x;
14458;111;111;97;Pontoise;x;
14459;111;111;99;Longueville;x;
14460;221;211;222;Bures;x;
14461;171;171;222;Aalen;x;
14462;217;111;222;Stöckenburg;x;
14463;199;111;162;Langenburg;x;
14464;177;111;222;Rodenberg;x;
14465;37;111;222;Hallermund;x;
14466;38;111;222;Lehrte;x;
14467;233;11;11;Pyrmont;x;
14468;233;233;222;Spiegelberg;x;
14469;244;1;7;Bodenwerder;x;
14470;77;79;79;Alfeld;x;
14471;3;249;3;Loccum;x;
14472;141;111;222;Hardenberg;x;
14473;199;7;37;Emlichheim;x;
14474;171;161;22;Saint-Die-Nossoncourt;x;
14475;171;161;23;Dagsburg;x;
14476;211;5;222;Lutzelstein;x;
14477;223;224;222;Saargemund;x;
14478;223;223;222;Fleckenstein;x;
14479;223;222;222;Wadgassen;x;
14480;224;222;222;Gravenstein;x;
14481;255;3;7;Lichtenberg;x;
14482;245;245;245;Kyrburg;x;
14483;3;248;3;Cosla;x;
14484;3;249;13;Blieskastel;x;
14485;22;255;22;Birkenfeld;x;
14486;11;255;9;Herbstein-Hosenfeld;x;
14487;9;245;9;Hunfeld;x;
14488;1;247;2;Gleiberg;x;
14489;251;251;222;Geisenheim;x;
14490;254;17;17;Eltville;x;
14491;177;199;222;Kronberg-Hoenberg;x;
14492;249;229;0;Neckheim;x;
14493;249;230;1;Hochheim;x;
14494;249;230;2;Grimburg;x;
14495;255;22;13;Waldrach;x;
14496;249;231;1;Trava;x;
14497;239;2;1;Muros;x;
14498;243;2;1;Pambre;x;
14499;253;239;1;Tabeirós;x;
14500;255;13;16;Sobroso;x;
14501;255;12;11;Ordes;x;
14502;255;255;222;Arzua;x;
14503;255;7;1;Betanzos-Vimianzo;x;
14504;149;111;222;Eume;x;
14505;3;111;222;Parga_Galicia;x;
14506;4;111;222;Chantada;x;
14507;111;3;222;Rábade;x;
14508;111;111;3;Meira;x;
14509;239;7;7;Ponte-de-Lima-Valenca;x;
14510;229;44;7;Moncao;x;
14511;253;2;1;Barcelos;x;
14512;233;111;222;Dume;x;
14513;237;111;222;Lanhoso;x;
14514;253;12;2;Sao-Mamede;x;
14515;247;111;222;Montalegre;x;
14516;179;111;222;Maia;x;
14517;234;7;5;Murca;x;
14518;255;1;9;Outeiro;x;
14519;111;161;222;Vimioso;x;
14520;3;244;222;Algoso;x;
14521;4;255;222;Alfandega;x;
14522;13;249;3;Freixo;x;
14523;255;111;222;Maguelone-Melgueil;x;
14524;255;245;222;Aumelas;x;
14525;255;112;222;Puisserguier;x;
14526;111;171;222;Saint-Pons;x;
14527;255;7;12;Hautpoul;x;
14528;255;7;13;Alzonne;x;
14529;255;7;14;Roquemaure;x;
14530;255;255;2;Laurac;x;
14531;237;237;222;Caraman;x;
14532;253;253;2;Venerque;x;
14533;254;254;2;Gimoes;x;
14534;255;9;22;Mauvezin;x;
14535;3;255;7;Cadours;x;
14536;253;222;2;Saverdun-Calmont;x;
14537;255;5;3;Montferrand-Saint-Felix;x;
14538;255;255;9;Luchon;x;
14539;161;161;222;Hazparne;x;
14540;161;171;222;Mourenx;x;
14541;255;11;33;Nay;x;
14542;255;253;7;Montaner;x;
14543;254;255;1;Castelbajac;x;
14544;254;254;1;Marensin;x;
14545;255;7;3;Aspet;x;
14546;111;151;212;Saint-Lizier;x;
14547;161;162;222;Seignanx;x;
14548;3;255;4;Castagnac;x;
14549;253;12;12;Lombers;x;
14550;191;191;222;Gaillac-Graulhet;x;
14551;233;233;1;Ambialet;x;
14552;7;255;9;Villemur;x;
14553;255;22;33;Laguépie;x;
14554;249;249;7;Puylaurens-Lautrec;x;
14555;131;131;222;Saint-Antonin;x;
14556;249;2;7;Bruniquel;x;
14557;255;231;222;Lladorre;x;
14558;236;5;222;Llivia;x;
14559;255;249;9;Ribes;x;
14560;117;111;227;Torello;x;
14561;251;12;2;Vic-Moia;x;
14562;255;31;3;Igualada-Calaf;x;
14563;111;13;13;Bassela;x;
14564;111;15;44;Piteus;x;
14565;111;15;15;Castelldefels;x;
14566;111;13;15;Pallafols;x;
14567;111;13;12;Santa-Pau;x;
14568;111;13;9;Figueres;x;
14569;237;237;3;Banyoles;x;
14570;237;239;1;Meià;x;
14571;227;244;1;Alguaire;x;
14572;227;245;1;Agramunt;x;
14573;111;81;222;Bell-Iloc;x;
14574;228;244;1;Malda-Tarrega;x;
14575;229;244;1;Flix;x;
14576;229;255;1;Tauste;x;
14577;2;253;1;Juslibol;x;
14578;255;1;19;Castillo-de-Sora;x;
14579;255;3;71;Soses;x;
14580;247;251;1;Meda;x;
14581;244;1;2;Cinfaes;x;
14582;33;111;33;Trancoso;x;
14583;237;249;5;Linhares;x;
14584;0;0;239;Zarza;x;
14585;221;111;222;Almourol;x;
14586;111;161;242;Ourem;x;
14587;244;144;22;Torres Novas;x;
14588;44;44;222;Alcanede;x;
14589;244;111;222;Almeirim;x;
14590;247;2;3;Courcy-Roucy;x;
14591;236;235;1;Rosnay;x;
14592;236;236;1;Conde;x;
14593;252;2;1;Montmirail;x;
14594;234;223;1;Cernica;x;
14595;234;222;1;Vratar-Pluzine;x;
14596;255;2;7;Bratunac;x;
14597;111;151;222;Kotorac;x;
14598;117;116;222;Guca Gora;x;
14599;117;117;222;Spreca;x;
14600;254;12;7;Dobrun-Pribud;x;
14601;255;255;3;Lukavac;x;
14602;255;255;4;Usora;x;
14603;101;111;222;Cona;x;
14604;255;249;1;Fiscaglia;x;
14605;255;2;21;Monselice;x;
14606;255;3;17;Grezzana;x;
14607;243;243;1;Schio;x;
14608;255;2;12;Bardolino;x;
14609;255;239;3;Saulx;x;
14610;255;13;19;Poulangy;x;
14611;247;247;9;Chatenois;x;
14612;111;161;162;Pompierre;x;
14613;253;3;33;Cirey;x;
14614;244;244;1;Seez-Le Mêle-sur-Sarthe;x;
14615;249;19;19;Nogent-sur-Oise;x;
14616;225;225;1;La-Fere;x;
14617;249;249;17;Florennes;x;
14618;237;7;27;Gembloux-Fernelmont;x;
14619;110;101;222;Fosses;x;
14620;237;249;2;Mennetou;x;
14621;244;7;11;Selles;x;
14622;122;155;222;Saint-Aignan;x;
14623;253;3;1;Loches-Céré;x;
14624;244;244;21;Montrésor;x;
14625;177;167;222;Levroux;x;
14626;242;243;1;Tortuera;x;
14627;239;71;7;Jadraque;x;
14628;249;21;3;Gormaz;x;
14629;237;244;222;Penafiel-Guzman;x;
14630;111;161;223;Coca;x;
14631;161;131;222;Villacastín;x;
14632;241;233;222;Adan;x;
14633;237;244;7;Fuentenebro;x;
14634;229;3;1;Auneau;x;
14635;228;1;1;Blandy;x;
14636;136;111;222;Chelles;x;
14637;211;21;1;Montfort-Marly;x;
14638;233;121;222;Cutanda;x;
14639;137;131;222;Lara;x;
14640;247;7;3;Aviles;x;
14641;198;197;7;Soto;x;
14642;236;3;11;Langreo;x;
14643;237;7;1;Covadonga;x;
14644;237;7;2;Biganos;x;
14645;111;111;109;Laval-en-Brie;x;
14646;237;2;17;Rubielos;x;
14647;221;209;222;Alcalá de la Selva;x;
14648;247;1;3;Cella;x;
14649;101;101;202;Aliaga;x;
14650;249;3;33;Ares;x;
14651;131;113;222;Velez-Blanco;x;
14652;239;17;1;Xiquena;x;
14653;249;255;222;Mula;x;
14654;255;255;19;Chirivel;x;
14655;2;255;3;Montealegre;x;
14656;1;255;7;Montesa;x;
14657;13;255;13;Athis;x;
14658;12;255;222;Chevreuse;x;
14659;223;231;1;Uj-Pecs;x;
14660;253;12;1;Cseri;x;
14661;89;111;222;Gyertyános;x;
14662;255;11;6;Illyéd;x;
14663;244;1;222;Resita;x;
14664;3;111;252;Tipaza;x;
14665;244;17;2;Tamentfoust;x;
14666;171;11;222;Dellys;x;
14667;244;230;1;Bouira;x;
14668;239;2;7;Tazmalt;x;
14669;231;2;1;Rusazus;x;
14670;2;200;2;Tubusuctu;x;
14671;221;211;17;Kherrata;x;
14672;251;1;1;Mostaganem;x;
14673;213;233;31;Achaacha;x;
14674;231;255;1;Al-Hamma-Skhira;x;
14675;247;247;212;Stubica;x;
14676;246;111;222;Toplica;x;
14677;241;237;222;Bistrica;x;
14678;239;2;5;Erice;x;
14679;239;111;222;Monreale;x;
14680;207;207;7;Misilmeri;x;
14681;241;255;3;Arnoldstein;x;
14682;255;11;9;Grimmenstein;x;
14683;233;251;222;Festenburg;x;
14684;243;255;3;Hauenstein;x;
14685;255;7;7;Trofaiach;x;
14686;253;219;1;Sarpatak;x;
14687;250;3;1;Sófalva;x;
14688;250;3;2;Kolosz;x;
14689;250;3;3;Nagyenyed-Aiud-Toroczkó;x;
14690;250;3;4;Kercz;x;
14691;250;250;3;Nagysink;x;
14692;250;250;250;Agnita-Ujegyhaz;x;
14693;229;229;71;Görgény;x;
14694;229;222;222;Nyárádtő;x;
14695;2;244;1;Ludas;x;
14696;1;243;1;Sebesvar;x;
14697;1;242;1;Balvanyos;x;
14698;1;241;1;Beltek;x;
14699;1;239;1;Csenger;x;
14700;131;131;33;Dolha;x;
14701;131;111;3;Dombo;x;
14702;239;1;1;Vilagosvar;x;
14703;12;244;7;Dezna;x;
14704;3;7;222;Savarsin-Bulcs;x;
14705;252;2;7;Deva-HunyadDobra;x;
14706;231;171;222;Hódmezővásárhely;x;
14707;111;111;39;Svinita;x;
14708;111;111;44;Vodita;x;
14709;111;111;43;Topolnita;x;
14710;111;223;222;Strehaia-Bistrita;x;
14711;111;111;42;Poienarii de Argeș;x;
14712;111;111;41;Secui;x;
14713;111;111;229;Cotmeana;x;
14714;249;2;1;Pitesti;x;
14715;249;3;1;Dragoslavele;x;
14716;111;111;33;Slanic;x;
14717;233;131;222;Slon;x;
14718;111;111;49;Jiana;x;
14719;111;111;48;Brza;x;
14720;255;23;3;Bucov;x;
14721;3;33;222;Gherghita;x;
14722;111;111;31;Ciresu;x;
14723;222;244;222;Dumitresti;x;
14724;44;111;222;Zoresti;x;
14725;210;3;11;Dumbraveni;x;
14726;111;3;31;Pitulati;x;
14727;239;2;222;Sepsiszentgyorgy;x;
14728;233;1;1;Feketehalom;x;
14729;12;2;59;Santa Igia;x;
14730;141;100;222;Dolia;x;
14731;250;2;3;Villasor;x;
14732;250;1;3;Chia;x;
14733;31;111;222;Siliqua-Samassi-Monreale;x;
14734;233;233;41;Isili-Luconi;x;
14735;249;12;15;Usellus;x;
14736;13;3;248;Terralba;x;
14737;233;1;9;Colostrai;x;
14738;233;1;8;Orotelli-Goceano;x;
14739;111;31;31;Guilcer-Montiferru;x;
14740;111;111;6;Macomer;x;
14741;111;111;5;Orosei;x;
14742;111;111;7;Castelsardo;x;
14743;111;111;8;Orfili;x;
14744;249;3;21;Montacuto;x;
14745;248;1;1;Unali;x;
14746;231;229;2;Villasalto;x;
14747;111;181;222;Seulo;x;
14748;111;183;222;Bitti;x;
14749;111;184;222;Marghine;x;
14750;111;185;222;Barigadu;x;
14751;111;186;222;Ardara-Guisarchu;x;
14752;211;111;222;Nughedu;x;
14753;111;187;222;Planargia;x;
14754;111;188;222;Nulauro;x;
14755;221;171;222;Nurra;x;
14756;111;191;222;Taras;x;
14757;221;191;222;Balaiana;x;
14758;111;192;222;Olmeto;x;
14759;251;2;9;Bastelica;x;
14760;251;251;232;Ghisoni;x;
14761;200;200;2;Cervione;x;
14762;200;111;222;Nonza;x;
14763;239;239;222;Vozuca;x;
14764;238;238;222;Tisnica;x;
14765;237;247;222;Soko-Grad;x;
14766;239;249;222;Zheglitsa;x;
14767;238;249;222;Gromshin;x;
14768;231;255;222;Vartop;x;
14769;101;111;202;Răchitoasa;x;
14770;156;1;11;Gohor;x;
14771;155;1;23;Targu-Saratii;x;
14772;154;1;22;Codăești;x;
14773;155;2;1;Tiraspol-Cernita;x;
14774;2;231;1;Odessa;x;
14775;231;255;242;Dubasari;x;
14776;234;234;2;Rybnitsa-Soldanesti;x;
14777;111;111;32;Agosta;x;
14778;111;111;91;Pachina;x;
14779;9;3;222;Camerina;x;
14780;191;191;242;Gela;x;
14781;191;191;241;Aidone;x;
14782;191;191;243;Naro;x;
14783;98;98;98;Hammershus;x;
14784;98;98;222;Nexo;x;
14785;98;98;223;Boda;x;
14786;98;98;224;Romakloster;x;
14787;98;98;225;Akershus;x;
14788;98;98;226;Askheimr;x;
14789;191;191;232;Ypsigro;x;
14790;221;2;21;Almarestak;x;
14791;177;177;11;Finsta;x;
14792;37;3;243;Osthammar-Oregrund;x;
14793;244;2;1;Dannemora;x;
14794;244;2;2;Tyresö;x;
14795;244;2;3;Julita;x;
14796;244;2;4;Krakek;x;
14797;244;2;5;Stegeborg;x;
14798;2;2;237;Askaby;x;
14799;244;2;6;Kisa;x;
14800;244;2;7;Vadstena;x;
14801;2;2;236;Bjalbo;x;
14802;31;3;222;Leal;x;
14803;255;22;21;Ridala;x;
14804;1;235;1;Koluvere;x;
14805;55;55;2;Rapla;x;
14806;241;2;2;Tesov;x;
14807;243;3;1;Tingvalla-Edsholm;x;
14808;243;3;2;Goksholm;x;
14809;12;244;1;Askersund;x;
14810;11;2;232;Motala;x;
14811;1;179;2;Husaby;x;
14812;51;111;222;Lidkoping;x;
14813;52;111;222;Skovde;x;
14814;231;3;5;Kolsater;x;
14815;231;3;1;Dragsmark;x;
14816;111;231;222;Marstand;x;
14817;233;237;222;Bohus;x;
14818;1;239;2;Ekholm;x;
14819;1;238;2;Oresten;x;
14820;252;1;3;Kullings;x;
14821;4;234;4;Torpa;x;
14822;141;141;222;Liongby-Markaryd;x;
14823;231;3;222;Allbo-Osby;x;
14824;244;4;4;Nydala;x;
14825;3;221;1;Byarum;x;
14826;218;3;1;Rumlaborg;x;
14827;171;231;222;Vetlanda;x;
14828;11;255;222;Sunnerbo;x;
14829;231;3;21;Vastervik;x;
14830;3;233;9;Aspenaes;x;
14831;3;221;222;Slite;x;
14832;233;171;222;Lickershamn;x;
14833;39;181;222;Hoburgen;x;
14834;249;12;21;Medeniken-Kelme;x;
14835;131;171;202;Telsiai-Kursenai;x;
14836;249;11;19;Dabikine;x;
14837;249;12;17;Panevėžys;x;
14838;161;111;222;Pakruojis;x;
14839;181;101;242;Mažeikiai;x;
14840;4;131;222;Apole;x;
14841;191;3;222;Medze;x;
14842;231;3;73;Ulmale;x;
14843;191;191;202;Užava;x;
14844;171;171;239;Pope;x;
14845;171;171;238;Talsi-Arlava;x;
14846;171;171;237;Vane;x;
14847;171;171;236;Upesgriva;x;
14848;171;171;225;Leisi;x;
14849;171;171;224;Koporye-Khotchino;x;
14850;171;171;223;Korostyn;x;
14851;171;171;221;Opoki;x;
14852;171;171;220;Ponnau;x;
14853;239;3;33;Gauriganj;x;
14854;239;4;33;Amethi;x;
14855;3;131;222;Pratapgarh;x;
14856;161;161;223;Bighapur;x;
14857;255;5;14;Vindhyachal;x;
14858;255;5;15;Bhadohi-Gopiganj;x;
14859;237;14;14;Varamin;x;
14860;3;3;242;Tajrish;x;
14861;3;4;242;Karaj;x;
14862;3;5;242;Qazvin;x;
14863;3;6;242;Firrim-Lafur;x;
14864;3;7;242;Shalush-Langa;x;
14865;3;8;242;Gilakjan;x;
14866;251;3;1;Dumbawand-FiruzKuh;x;
14867;251;4;1;Shahmirzad;x;
14868;251;5;1;Nazarabad;x;
14869;251;6;1;Shamiran;x;
14870;249;3;13;Pasewalk;x;
14871;249;3;14;Gartz;x;
14872;151;171;222;Vadam;x;
14873;249;3;15;Swinoujscie;x;
14874;249;3;16;Trzebiatów;x;
14875;249;3;17;Nowogard;x;
14876;249;3;18;Pohorje;x;
14877;249;249;222;Fresen;x;
14878;249;249;4;Gryfino;x;
14879;249;249;105;Soldin;x;
14880;249;4;4;Treptow;x;
14881;249;4;5;Lychen;x;
14882;249;249;5;Neubrandenburg-Stargart;x;
14883;249;249;6;Mirow;x;
14884;249;5;1;Angermunde;x;
14885;131;131;72;Zehdenick;x;
14886;231;3;212;Eberswalde;x;
14887;101;171;222;Beeskow;x;
14888;248;3;3;Peitz;x;
14889;248;3;4;Belgard;x;
14890;248;3;5;Człuchów;x;
14891;248;3;6;Lupow;x;
14892;235;235;1;Duba;x;
14893;7;5;222;Leontopolis;x;
14894;7;6;222;Kyptasia;x;
14895;247;7;2;Halys;x;
14896;7;7;222;Thermai Phazemoniton;x;
14897;7;8;222;Boinasa;x;
14898;7;9;222;Cromen;x;
14899;211;211;7;Andrapa-Pteria;x;
14900;191;131;222;Sagylion;x;
14901;191;132;222;Sallar;x;
14902;191;133;222;Kimiata;x;
14903;191;134;222;Gangra-Anadynata;x;
14904;6;11;222;Sarmalius;x;
14905;5;11;222;Papira-Gorbeus;x;
14906;247;7;13;Vindia-Androna;x;
14907;247;7;14;Corniaspa;x;
14908;247;7;15;Antoniopolis;x;
14909;247;247;19;Lagania-Mnizos;x;
14910;247;7;16;Apsoda;x;
14911;239;6;2;Carissa-Virasia;x;
14912;111;131;242;Pteria-Sibora;x;
14913;246;1;1;Skotios;x;
14914;246;1;2;Ibora;x;
14915;246;1;3;Comana-Pontica-Gozalena;x;
14916;111;166;222;Sauronisena;x;
14917;246;1;4;Anniaka-Taulara;x;
14918;111;156;222;Domana;x;
14919;191;111;6;Olotoedariza;x;
14920;247;7;7;Chorsabia;x;
14921;177;211;7;Eriza;x;
14922;246;3;3;Dasteira;x;
14923;181;251;5;Tephrice-Arane;x;
14924;111;199;242;Kamisa-Zara;x;
14925;249;23;21;Eudoixata;x;
14926;249;22;21;Phiara;x;
14927;191;3;232;Verisa;x;
14928;231;255;4;Dazimon;x;
14929;191;191;252;Tonosa-Zoana;x;
14930;181;111;222;Salamis;x;
14931;252;2;9;Troullia;x;
14932;252;3;9;Hagios-Georgios;x;
14933;252;3;8;Barkhon;x;
14934;11;255;3;Jermuk;x;
14935;253;3;21;Snagov;x;
14936;254;2;13;Khorsabad;x;
14937;191;191;251;Tall Gomel;x;
14938;255;253;1;Toričan;x;
14939;255;253;2;Jurjevgrad;x;
14940;255;253;3;Plavno;x;
14941;255;253;4;Grbalj;x;
14942;255;255;242;Rudine;x;
14943;255;255;241;Trusina-Dubrava;x;
14944;255;252;1;Vesela Straža;x;
14945;255;255;7;Goč;x;
14946;255;255;8;Hedervar;x;
14947;255;254;9;Sarvar-Papocz;x;
14948;1;255;3;Somlyo;x;
14949;255;254;1;Lendava;x;
14950;255;254;2;Zalavar;x;
14951;255;254;3;Keszthely;x;
14952;255;254;4;Tihany;x;
14953;255;254;5;Zakany;x;
14954;255;13;39;Nagyszakácsi;x;
14955;255;14;39;Nagyatád;x;
14956;255;254;6;Babócsa;x;
14957;255;254;7;Sásd;x;
14958;255;13;3;Sergiopolis;x;
14959;131;111;31;Gabboula;x;
14960;255;151;222;Ammattha;x;
14961;255;141;222;Qastal;x;
14962;101;131;222;Sachama;x;
14963;101;132;222;Theleda;x;
14964;102;132;222;Yabrud;x;
14965;103;132;222;Anabatha;x;
14966;255;14;1;Athis;x;
14967;131;181;222;Maskanah;x;
14968;141;255;222;Hamrat;x;
14969;255;61;2;Huzajma;x;
14970;5;255;5;Qalat-Jabar;x;
14971;251;111;222;Fadana;x;
14972;252;111;222;Dabana;x;
14973;255;5;7;Ballatha;x;
14974;255;5;8;Charmodara;x;
14975;111;255;44;Limnia;x;
14976;171;7;222;Al-Hasakah;x;
14977;171;8;222;Dara-Nabada;x;
14978;171;9;222;Midyat;x;
14979;5;245;1;Sauras;x;
14980;5;245;2;Sarbane;x;
14981;171;111;72;Bazabda;x;
14982;255;15;3;Finik;x;
14983;255;5;6;Hammamet;x;
14984;3;5;222;Hergla;x;
14985;255;5;17;Nadhour;x;
14986;245;233;1;Subayha;x;
14987;245;233;2;Maktar;x;
14988;245;233;3;Regueb;x;
14989;245;233;4;Thelepte;x;
14990;245;233;5;Membressa;x;
14991;245;233;6;Carpis;x;
14992;245;7;7;Doncaster;x;
14993;245;7;8;Goole;x;
14994;245;7;9;Wakefield;x;
14995;245;7;10;Tadcaster;x;
14996;245;7;11;Harewood;x;
14997;245;7;12;Keighley;x;
14998;255;231;7;Craven;x;
14999;255;232;7;Burnley;x;
15000;255;233;7;Kirkham;x;
15001;255;234;7;Allerton;x;
15002;255;235;7;Pickering;x;
15003;255;236;7;Gilling;x;
15004;245;7;13;Brough;x;
15005;255;237;7;Brougham;x;
15006;245;7;14;Shap;x;
15007;245;7;15;Duntulm;x;
15008;245;7;16;Harris;x;
15009;245;7;17;Sligeachan;x;
15010;245;7;18;Freswick;x;
15011;245;7;19;Dunbeath;x;
15012;245;7;20;Yell;x;
15013;245;7;21;Goraždevac;x;
15014;255;238;7;Hvosno;x;
15015;255;239;7;Brnjak;x;
15016;255;240;7;Raska;x;
15017;245;7;22;Bihor;x;
15018;245;7;23;Malesia;x;
15019;245;7;24;Sieveren;x;
15020;245;7;25;Lutjenburg;x;
15021;245;7;26;Gharqabad;x;
15022;245;7;27;Rangárvalla;x;
15023;245;7;28;Borgarfjarðar;x;
15024;245;7;29;Akranes;x;
15025;245;7;30;Keflavik;x;
15026;245;7;31;Bolungarvik;x;
15027;245;8;2;Boukelon;x;
15028;245;245;4;Ostodizon;x;
15029;245;245;5;Orestias;x;
15030;245;245;6;Garella;x;
15031;245;245;7;Megale Karia;x;
15032;245;245;8;Sergentze;x;
15033;249;3;11;Tzouroulos;x;
15034;245;9;9;Klaksvik;x;
15035;246;9;9;Sandoy;x;
15036;246;9;8;Vagar;x;
15037;249;3;12;Tzoida;x;
15038;251;251;5;Vémundarvik;x;
15039;251;251;6;Orkanger;x;
15040;251;251;7;Vikna;x;
15041;251;251;8;Daidala;x;
15042;251;251;9;Gythion;x;
15043;241;4;4;Lykokastron;x;
15044;241;4;5;Qal'at Sherqat;x;
15045;241;4;6;Tall Mahuz;x;
15046;241;4;7;Qasr Shamamok;x;
15047;241;241;4;Wiranshehir;x;
15048;239;5;1;Gol;x;
15049;239;5;2;Peryn;x;
15050;239;5;3;Rauma-Nousis;x;
15051;239;5;4;Aura;x;
15052;239;5;5;Likava;x;
15053;239;5;6;Trenscen Čachtice;x;
15054;244;244;7;Turócszentmárton;x;
15055;5;245;6;Strečno;x;
15056;239;5;7;Lietava;x;
15057;239;5;8;Dhubri;x;
15058;239;5;9;Dobromyl;x;
15059;239;5;10;Dynow;x;
15060;239;5;11;Stropkov;x;
15061;244;244;17;Svidnik;x;
15062;244;244;18;Lesko;x;
15063;244;244;19;Rudki;x;
15064;239;5;12;Gorodok;x;
15065;244;244;20;Yavoriv;x;
15066;244;244;222;Lypnyk;x;
15067;244;244;223;Velyki Mosty;x;
15068;249;2;3;Bosaso-Qandala;x;
15069;1;5;254;Pano;x;
15070;249;3;3;Opone;x;
15071;249;3;4;Mait-Heis;x;
15072;249;3;5;Debarwa;x;
15073;249;3;6;Adwa;x;
15074;249;3;7;Cadale;x;
15075;249;3;8;Harardhere;x;
15076;249;3;9;Mundus;x;
15077;249;3;10;Avalites;x;
15078;249;4;11;Dehono-Adulis;x;
15079;249;4;2;Assab-Rahayta;x;
15080;249;4;15;Okelis;x;
15081;1;4;254;Mosylon;x;
15082;253;11;11;Vesali;x;
15083;11;11;253;Kundagama;x;
15084;253;253;11;Naya;x;
15085;253;253;12;Videha;x;
15086;253;253;13;Anga;x;
15087;253;253;14;Kesaputta;x;
15088;253;253;15;Pava-Malla;x;
15089;253;253;16;Pipphalivana;x;
15090;253;253;17;Gonda;x;
15091;253;253;18;Sakya;x;
15092;253;11;12;Kapilavatthu;x;
15093;253;253;19;Ramagama;x;
15094;9;11;253;Tulsipur;x;
15095;8;11;253;Azamgarh;x;
15096;253;11;13;Jalalpur;x;
15097;253;253;22;Badlapur;x;
15098;253;111;222;Kalama;x;
15099;253;253;222;Babatpur;x;
15100;253;111;232;Durgaganj;x;
15101;253;111;233;Mirganj;x;
15102;253;111;5;Jaund;x;
15103;253;3;11;Bikramganj;x;
15104;253;4;11;Karor;x;
15105;253;253;1;Mankera;x;
15106;255;4;11;Munda;x;
15107;255;3;11;Khatwan;x;
15108;255;2;11;Bhawana;x;
15109;255;2;13;Dijkot;x;
15110;255;255;77;Jaranwala;x;
15111;255;255;76;Bhattian;x;
15112;255;5;23;Shahkot;x;
15113;255;255;75;Raiwind;x;
15114;244;161;222;Piprahawa;x;
15115;254;31;31;Parasi;x;
15116;255;3;14;Chakaria;x;
15117;255;3;15;Hpa-An;x;
15118;255;255;13;Kyondoe;x;
15119;208;180;186;Mudon;x;
15120;255;255;15;Phyu;x;
15121;255;255;16;Hpapun;x;
15122;255;255;17;Hswar;x;
15123;255;14;4;Polykastro;x;
15124;255;255;39;Tiriolo;x;
15125;255;243;222;Aiello;x;
15126;237;23;33;Brenne;x;
15127;236;23;33;Vatan;x;
15128;235;23;33;Lury;x;
15129;235;23;34;Contres-Bracieux;x;
15130;235;23;35;Beaugency-Meung;x;
15131;235;23;36;Aubigny;x;
15132;235;235;34;Bourgueil;x;
15133;235;23;37;Beaufort;x;
15134;235;235;33;Biches;x;
15135;171;111;92;Bisaltia;x;
15136;199;199;1;Ezhevo;x;
15137;237;17;1;Stefanina;x;
15138;199;199;2;Osenitsa;x;
15139;244;23;12;Podvis;x;
15140;244;23;13;Rodestuic;x;
15141;244;23;14;Claudiana;x;
15142;244;23;16;Muzaka;x;
15143;244;23;17;Kyrros;x;
15144;244;244;3;Aloros;x;
15145;244;244;4;Airai;x;
15146;244;23;18;Teos;x;
15147;244;23;19;Notion;x;
15148;244;23;20;Anaia;x;
15149;244;23;21;Antiokheia;x;
15150;244;23;22;Phagai;x;
15151;244;23;23;Syme;x;
15152;244;244;244;Telos;x;
15153;244;233;12;Arna;x;
15154;244;233;13;Cassano;x;
15155;244;233;14;Petricha;x;
15156;244;233;15;Karon Limen;x;
15157;244;53;16;Varna-Kranea;x;
15158;244;53;15;Preslavec;x;
15159;244;53;14;Troesmis;x;
15160;244;53;10;Deir Mar Antonios;x;
15161;5;53;222;Deir Anba Bola;x;
15162;244;53;9;Ras Gharib;x;
15163;244;53;13;Ianca;x;
15164;244;53;12;Tzoida;x;
15165;244;53;11;Proikonnesos;x;
15166;244;53;19;Imphal;x;
15167;231;231;4;Kimista;x;
15168;231;231;5;Delemna;x;
15169;231;231;6;Konkarztiakon;x;
15170;231;231;222;Kobara;x;
15171;231;231;7;Oka-Katapaspanas;x;
15172;231;231;8;Kinolis;x;
15173;231;231;9;Olgassys;x;
15174;231;231;10;Diakopa;x;
15175;231;231;221;Enetoi;x;
15176;231;231;11;Amnia;x;
15177;231;231;12;Kamoulianai;x;
15178;231;231;220;Ochras;x;
15179;233;233;12;Kleidon;x;
15180;233;233;13;Kolindron;x;
15181;233;233;11;Setina;x;
15182;233;233;15;Qlaudia;x;
15183;233;21;2;Lakape;x;
15184;233;22;2;Tomisa;x;
15185;233;233;16;Mouzourion;x;
15186;233;233;233;Dadima;x;
15187;233;22;3;Barsalion;x;
15188;233;22;4;Malkin;x;
15189;233;22;5;Taron;x;
15190;233;22;6;Bizana;x;
15191;233;1;15;Anthemous;x;
15192;233;233;14;Aineia;x;
15193;233;2;19;Singos;x;
15194;233;1;16;Ziata;x;
15195;211;11;222;Charenza;x;
15196;211;91;222;Sagard;x;
15197;111;91;222;Zirkow;x;
15198;131;81;222;Prerow;x;
15199;131;71;222;Tribeden;x;
15200;211;71;222;Tessin;x;
15201;211;81;222;Gutzkow2;x;
15202;211;91;2;Dassow;x;
15203;211;81;2;Prignitz;x;
15204;31;31;222;Grimmen;x;
15205;31;31;223;Swiecie;x;
15206;221;21;12;Tuchola;x;
15207;221;21;13;Unislaw;x;
15208;221;21;14;Buky2;x;
15209;71;111;71;Bernau;x;
15210;71;111;171;Godebuz;x;
15211;71;111;172;Putlitz;x;
15212;71;111;173;Penzlin;x;
15213;71;111;174;Teterow;x;
15214;71;111;175;Werle2-Waren;x;
15215;71;111;176;Marlow;x;
15216;71;111;177;Torzym;x;
15217;71;111;178;Wedel;x;
15218;71;111;179;Stargard-Pomerania;x;
15219;71;111;180;Barlinek;x;
15220;171;111;222;Drawno;x;
15221;171;111;223;Insko;x;
15222;171;111;224;Jastrow;x;
15223;171;111;225;Kamień Krajeński;x;
15224;171;111;226;Brzostów;x;
15225;171;111;227;Treblin;x;
15226;171;111;228;Karsin;x;
15227;71;71;222;Bublitz-Tychow;x;
15228;71;71;223;Garrin;x;
15229;71;71;224;Kiszew;x;
15230;41;71;222;Chotebuz;x;
15231;41;61;222;Pshtina;x;
15232;51;61;222;Zator;x;
15233;211;211;4;Lubomia;x;
15234;211;211;5;Mikolow;x;
15235;22;111;222;Gliwice;x;
15236;23;111;222;Olesno;x;
15237;233;4;11;Krapkowice;x;
15238;233;5;11;Swidnica;x;
15239;233;6;11;Jawor;x;
15240;25;25;222;Sleza;x;
15241;233;236;222;Hyrzberc;x;
15242;233;7;11;Namyslow;x;
15243;233;8;11;Waldenburg2;x;
15244;233;9;11;Greiz2;x;
15245;233;3;11;Rudy;x;
15246;233;41;11;Roskilde-Lejre;x;
15247;233;42;11;Prilepac;x;
15248;111;191;122;Crumerum;x;
15249;111;191;123;Glendalough;x;
15250;233;111;2;Baltinglass;x;
15251;233;111;3;Rathangan;x;
15252;233;111;4;Slane-Knowth;x;
15253;233;111;5;Fotharta;x;
15254;233;111;6;Ballaghkeen;x;
15255;233;111;7;Duncannon;x;
15256;5;6;222;Iverk;x;
15257;5;5;222;Bargy;x;
15258;233;111;8;Ballybunion;x;
15259;233;111;9;Clonmacnoise;x;
15260;233;111;10;Roscommon;x;
15261;233;111;11;Longford;x;
15262;233;111;12;Belturbet;x;
15263;233;111;13;Fermanagh;x;
15264;233;111;14;Cairbre;x;
15265;233;111;15;Connor;x;
15266;233;111;16;Ailech;x;
15267;233;111;17;Tirre;x;
15268;233;111;18;Coll;x;
15269;233;111;19;Raithlind;x;
15270;233;111;20;Tipperary;x;
15271;0;222;222;Tramore;x;
15272;0;223;222;Ardstraw;x;
15273;0;223;221;Bardvik;x;
15274;0;223;220;Haey;x;
15275;0;229;9;Doberan;x;
15276;0;228;9;Wark;x;
15277;0;227;9;Norham;x;
15278;0;226;9;Cartmel;x;
15279;34;55;222;Burton;x;
15280;0;225;9;Preston;x;
15281;0;224;9;Manchester;x;
15282;0;223;9;Nantwich;x;
15283;0;222;9;Uttoxeter;x;
15284;0;221;9;Whitchurch;x;
15285;0;220;9;Dore;x;
15286;0;220;10;Cirencester;x;
15287;0;220;11;Bedwyn;x;
15288;0;220;12;Eynsham;x;
15289;0;220;13;Benson;x;
15290;0;220;14;Windsor;x;
15291;233;4;4;Egham;x;
15292;0;220;15;Harlow;x;
15293;233;4;5;Chafford;x;
15294;0;220;16;Witham;x;
15295;0;220;17;Kenninghall;x;
15296;0;220;18;Wisbech;x;
15297;233;5;4;Spalding;x;
15298;233;6;6;Grantham;x;
15299;233;6;7;Bardney;x;
15300;233;7;7;Caistor;x;
15301;233;7;8;Honiton;x;
15302;233;8;8;Exmouth;x;
15303;233;8;9;Totnes;x;
15304;4;6;9;Halwell;x;
15305;233;9;9;Kynwith;x;
15306;5;5;5;Torrington;x;
15307;5;5;6;Syllan;x;
15308;233;12;11;Kenmure;x;
15309;233;13;11;Irvine;x;
15310;233;14;11;Tweed;x;
15311;233;15;11;Melrose;x;
15312;233;16;11;Gefrin;x;
15313;233;17;11;Tinangeham;x;
15314;7;77;7;Tantallon;x;
15315;7;78;7;Coldingham;x;
15316;233;17;12;Caustrim;x;
15317;43;111;22;Ebchester;x;
15318;77;111;222;Binchester;x;
15319;5;1;233;Stradneth;x;
15320;5;2;222;Lostwithiel;x;
15321;111;111;111;St-Columb;x;
15322;244;244;247;Hailesaltede;x;
15323;244;244;246;Aylesford;x;
15324;244;244;245;Faversham;x;
15325;244;244;233;Bowcombe;x;
15326;244;244;232;Neatham;x;
15327;244;244;229;Walsham;x;
15328;244;244;228;Hyrnecastre;x;
15329;244;244;227;Manley;x;
15330;244;244;226;Godmundingaham;x;
15331;244;244;220;Tavistock;x;
15332;244;214;223;Gwynllwg;x;
15333;244;214;222;Llandaff;x;
15334;254;1;9;Blaenllyfni;x;
15335;133;3;255;Sant'Angelo;x;
15336;233;244;222;Aquilonia;x;
15337;234;244;222;Foiano;x;
15338;149;13;15;Bovino;x;
15339;149;12;15;Montecorvino;x;
15340;233;244;2;Sepino;x;
15341;249;5;21;Valesio;x;
15342;233;111;252;Mesagne;x;
15343;233;111;251;Castro;x;
15344;249;5;23;Soleto;x;
15345;249;5;5;San Marco;x;
15346;249;249;242;Manduria;x;
15347;249;249;241;Spinazzola;x;
15348;249;249;243;Lavello;x;
15349;249;249;244;Eboli;x;
15350;253;1;1;Capaccio;x;
15351;252;1;1;Molpa;x;
15352;251;3;4;Atella;x;
15353;251;4;4;Paola;x;
15354;251;4;5;Ischia;x;
15355;251;5;5;Capri;x;
15356;251;6;5;Venafro;x;
15357;251;6;6;Atina;x;
15358;250;6;6;Puteoli;x;
15359;250;6;7;Salapia;x;
15360;250;7;7;Fiorentino;x;
15361;250;7;8;Albe;x;
15362;250;8;8;Marsi;x;
15363;191;111;222;Lipari;x;
15364;191;111;221;Cariati;x;
15365;231;231;232;Cerenzia;x;
15366;231;232;232;Bazouges;x;
15367;231;232;222;Roccella;x;
15368;231;231;242;Ceglie;x;
15369;231;232;242;Scarlino;x;
15370;231;232;243;Bevagna;x;
15371;231;232;244;Blera;x;
15372;231;232;245;Ameria;x;
15373;233;232;245;Fratte;x;
15374;233;232;246;Itri;x;
15375;233;232;247;Priverno;x;
15376;233;232;248;Frosinone;x;
15377;255;3;12;Ferentino;x;
15378;255;4;12;Maccarese;x;
15379;255;5;12;Orte-Gallese;x;
15380;255;5;11;Bolsena;x;
15381;255;6;11;Farnese;x;
15382;255;7;11;Paganico;x;
15383;247;3;12;Genzano;x;
15384;6;6;222;Cannae;x;
15385;111;171;212;Montepeloso;x;
15386;247;4;21;Laino;x;
15387;247;5;22;Marsico;x;
15388;247;5;5;Anxia;x;
15389;191;111;22;Bagnara;x;
15390;253;7;1;Siculiana;x;
15391;253;8;1;Mussomeli;x;
15392;253;9;1;Mazzarino;x;
15393;253;11;1;Xirumi;x;
15394;253;11;2;Taormina;x;
15395;21;111;222;Randazzo;x;
15396;33;222;3;Mankarru;x;
15397;253;12;11;Naso;x;
15398;1;253;1;Fragala;x;
15399;233;3;1;Kuchurgan;x;
15400;233;3;2;Vozia;x;
15401;233;3;3;Kilburun;x;
15402;233;3;4;Phanagoria;x;
15403;233;3;5;Saksahan;x;
15404;233;3;6;Hypanis;x;
15405;233;3;7;Uzum;x;
15406;233;3;8;Coaraze;x;
15407;233;4;1;Bakota-Movilau;x;
15408;233;3;9;Kinghorn;x;
15409;233;4;2;Boryspil;x;
15410;233;4;3;Morovsk;x;
15411;233;14;5;Radynka;x;
15412;221;231;1;Ivankiv;x;
15413;220;231;1;Kalinkavichy;x;
15414;220;232;1;Omel'niki;x;
15415;251;2;19;Methven;x;
15416;251;2;18;Strathaven;x;
15417;251;2;17;Cowal;x;
15418;251;2;16;Dunnyveg;x;
15419;251;2;15;Knapdale;x;
15420;251;2;14;Avoch;x;
15421;244;241;1;Vik;x;
15422;244;242;1;Hof;x;
15423;244;243;1;Thingvellir;x;
15424;244;243;2;Morvern;x;
15425;244;243;3;Cemais;x;
15426;244;243;4;Alcanatif;x;
15427;244;243;5;Loule;x;
15428;231;3;19;Albufeira;x;
15429;244;243;6;Alvor;x;
15430;244;243;7;Quintin;x;
15431;244;243;9;Drumlanrig;x;
15432;244;243;11;Crawford;x;
15433;244;243;8;Caudan;x;
15434;244;243;12;Bolghar2;x;
15435;250;3;11;Balimer;x;
15436;250;3;12;Arbuga;x;
15437;250;3;13;Moran;x;
15438;250;3;14;Layish;x;
15439;250;3;15;Bersula;x;
15440;250;3;16;Brem;x;
15441;250;3;17;Deas;x;
15442;250;3;18;Montfaucon;x;
15443;250;250;11;Tiffauges;x;
15444;250;250;12;Argentonnay;x;
15445;250;250;13;Saint-Philbert;x;
15446;250;250;15;Saint-Florent;x;
15447;250;250;16;Treves;x;
15448;250;250;17;Preuilly;x;
15449;250;250;14;Yeu;x;
15450;250;250;18;La Roche-Posay;x;
15451;251;1;19;Mailly;x;
15452;251;1;18;Sepeaux-La Ferté-Loupière;x;
15453;55;77;77;Fontainejean;x;
15454;251;1;17;Ferrières;x;
15455;251;1;16;Puiseaux;x;
15456;251;1;15;Nyborg;x;
15457;251;1;14;Biella-Masserano;x;
15458;251;1;13;Ponzone;x;
15459;251;251;3;Carretto;x;
15460;251;1;12;Serralunga d'Alba;x;
15461;251;1;11;Boizenburg;x;
15462;251;1;10;Bosco;x;
15463;251;1;21;Pisano;x;
15464;251;1;22;Nerola;x;
15465;251;1;23;Calascio;x;
15466;251;1;24;Neris;x;
15467;251;1;26;La-Chatre;x;
15468;251;1;25;Souvigny;x;
15469;251;1;27;Gouzon;x;
15470;251;1;28;Fresnay;x;
15471;2;233;7;Champtoceaux;x;
15472;251;1;29;Doue-Luigne;x;
15473;251;1;30;Segre;x;
15474;2;233;8;Chatelais;x;
15475;2;233;9;Montbazon-Cormery;x;
15476;251;1;31;Sainte-Maure;x;
15477;251;1;32;Les Aix-d'Angillon;x;
15478;2;233;11;Baugy;x;
15479;2;233;12;Saint-Gondon-Gien;x;
15480;251;1;33;Couhe;x;
15481;2;233;13;Saint-Sauveur;x;
15482;251;1;35;Zug;x;
15483;251;1;34;Maupertuis;x;
15484;2;233;14;Habsburg;x;
15485;253;1;4;Berardenga;x;
15486;253;1;3;Russi;x;
15487;253;1;2;Finale Emilia;x;
15488;253;1;5;Novellara;x;
15489;253;1;6;Bassano;x;
15490;253;1;7;Cacela;x;
15491;253;1;8;Almodovar;x;
15492;244;244;13;Mertola;x;
15493;244;244;14;Aljustrel;x;
15494;253;1;9;Messejana;x;
15495;244;244;15;Cercal;x;
15496;244;244;16;Grandola;x;
15497;244;234;1;Salvaterra;x;
15498;253;1;11;Alfarrobeira;x;
15499;253;1;12;Mafra;x;
15500;253;1;13;Atouguia;x;
15501;253;1;14;Chanza;x;
15502;253;2;11;Ponferrada;x;
15503;241;241;3;St-Vith;x;
15504;241;241;5;Longwy-Messancy;x;
15505;241;241;6;Verviers;x;
15506;241;241;7;Arlon-Garnich;x;
15507;241;241;8;Loughor;x;
15508;253;13;3;Bettembourg;x;
15509;253;13;1;Zahringen;x;
15510;253;13;2;Lochranza;x;
15511;253;253;9;Dunoon;x;
15512;253;77;5;Colonsay;x;
15513;253;78;5;Londigny;x;
15514;253;79;5;Gorey;x;
15515;253;80;5;La Ferté Macé;x;
15516;248;1;11;Braose;x;
15517;248;1;12;Percy;x;
15518;248;1;13;Cerisy;x;
15519;248;1;14;Évron;x;
15520;253;81;5;Tilly;x;
15521;253;82;5;Crèvecœur-en-Auge;x;
15522;253;83;5;Toesny;x;
15523;253;84;5;Rozay;x;
15524;253;85;5;Reigny;x;
15525;253;86;5;Cerisiers;x;
15526;253;87;5;Ollioules;x;
15527;253;88;5;Tafalla;x;
15528;244;3;3;Artajona;x;
15529;244;3;4;Los Arcos;x;
15530;253;89;5;Zúñiga;x;
15531;253;90;5;Gorriti;x;
15532;253;91;5;San Juan;x;
15533;253;92;5;Zalatna;x;
15534;253;93;4;Dudley;x;
15535;253;94;4;Arguel;x;
15536;253;95;4;Barcilona;x;
15537;253;96;4;Cvilin;x;
15538;253;97;4;Vehring;x;
15539;253;98;4;Gezin;x;
15540;253;99;4;Taqsis;x;
15541;253;99;5;Wolhusen;x;
15542;253;99;6;Dalassa;x;
15543;253;99;7;Taranta;x;
15544;253;99;8;Sason;x;
15545;253;99;9;Kazima;x;
15546;253;99;10;Nirun-Jhimm;x;
15547;250;31;11;Sann;x;
15548;250;31;12;Sehwan;x;
15549;250;31;13;Savindri;x;
15550;250;31;14;Bahror;x;
15551;253;99;11;Rawar-Sindh;x;
15552;253;99;12;Lavagna;x;
15553;253;99;13;Lauffen-Neckar;x;
15554;253;99;14;Lesna-Hvar;x;
15555;253;99;15;Veregava;x;
15556;253;99;16;Goloe;x;
15557;253;99;17;Thermopolis;x;
15558;253;99;18;Skoutarion;x;
15559;253;99;19;Chariopolis;x;
15560;253;98;1;Trpanj;x;
15561;253;99;22;Zarakas;x;
15562;253;99;20;Inatos;x;
15563;253;99;21;Diktynna;x;
15564;253;99;23;Vatika;x;
15565;253;99;24;Androusa;x;
15566;253;99;25;Prastos;x;
15567;253;99;26;Siderokastron-Lamia;x;
15568;253;99;27;Galaxidi;x;
15569;253;99;28;Bodonitsa-Rebenikon;x;
15570;253;99;29;Plataiai;x;
15571;253;99;30;Batontas;x;
15572;253;98;2;Gitana;x;
15573;253;98;3;Riniasa;x;
15574;253;98;5;Oitaia;x;
15575;253;98;6;Kastrion;x;
15576;253;98;7;Aurokra;x;
15577;253;98;8;Selinda;x;
15578;255;7;17;Neapolis-Anaboura;x;
15579;253;98;9;Euaissa-Eulepa;x;
15580;253;98;10;Germa;x;
15581;253;98;11;Germia;x;
15582;253;98;13;Stektorion;x;
15583;253;98;14;Abeikta;x;
15584;253;98;12;Lalandos;x;
15585;253;98;15;Thymbrios;x;
15586;253;98;16;Baris_Anat;x;
15587;253;98;17;Hephaisteia;x;
15588;255;9;3;Metropolis;x;
15589;255;9;4;Embolos-Mariandynia;x;
15590;255;9;5;Dardanos;x;
15591;255;9;6;Armenokastron-Ryndakos;x;
15592;253;98;18;Palox;x;
15593;253;98;19;Leukai-Otroia;x;
15594;253;98;20;Boleron;x;
15595;255;9;7;Gratianoupolis;x;
15596;255;9;8;Doriskos;x;
15597;255;9;9;Dikaia;x;
15598;249;75;1;Csővár;x;
15599;241;3;7;Tar;x;
15600;241;3;8;Rimavská Seč-Rimaszécs;x;
15601;241;3;9;Lelesz;x;
15602;249;75;2;Tematin;x;
15603;241;3;10;Prasice-Nyitraperjés-Ducové;x;
15604;3;241;66;Topoľčany-Nagytapolcsány;x;
15605;241;3;11;Pecsen-Glogovec;x;
15606;241;3;12;Koporna-Modrý Kameň;x;
15607;241;3;13;Hanigovce;x;
15608;249;75;3;Tylicz;x;
15609;249;75;4;Czchow;x;
15610;241;2;11;Sacz;x;
15611;3;242;66;Limanowa;x;
15612;248;75;1;Trauchburg;x;
15613;248;75;2;Schongau;x;
15614;248;75;3;Füssen;x;
15615;248;75;5;Achalm;x;
15616;248;75;4;Weissenhorn;x;
15617;248;75;6;Gundelfingen;x;
15618;248;75;7;Ochsenhausen;x;
15619;243;243;222;Laupheim;x;
15620;248;75;8;Wolfach;x;
15621;248;75;9;Badalucco;x;
15622;248;75;10;Tallard;x;
15623;248;75;11;Vaison-Montalban;x;
15624;243;243;212;Crest;x;
15625;243;243;211;Agoult;x;
15626;243;243;210;Cesana;x;
15627;243;243;213;Mantaille;x;
15628;243;243;214;Mahun;x;
15629;243;243;215;Senones;x;
15630;243;243;216;Possesse;x;
15631;243;243;217;Saint-Ghislain;x;
15632;243;243;218;Le Crotoy;x;
15633;243;243;219;Frevent;x;
15634;243;243;220;Beveland;x;
15635;243;243;199;Jamma;x;
15636;243;243;198;Kielkond;x;
15637;243;243;197;Karris;x;
15638;243;243;196;Keinis;x;
15639;133;198;222;Roicks;x;
15640;238;238;237;Frías;x;
15641;249;3;19;Pancorbo;x;
15642;244;247;17;Oca;x;
15643;249;3;20;Cárdenas;x;
15644;244;247;16;Viguera;x;
15645;238;238;236;Navarrete;x;
15646;238;238;235;Arnedo-Cameros;x;
15647;238;238;234;Gómara;x;
15648;244;247;15;Trevino;x;
15649;244;246;15;Lerín;x;
15650;244;245;15;Ultzama;x;
15651;238;238;233;Monteagudo2-Serón de Nágima;x;
15652;249;4;7;Autol;x;
15653;249;4;8;Modino;x;
15654;248;3;21;Alava-Gasteiz;x;
15655;238;238;238;Sasamon-Osorno;x;
15656;244;245;11;Isaba;x;
15657;244;249;1;Arbas;x;
15658;244;5;2;Arantza;x;
15659;244;249;2;Orio;x;
15660;243;5;2;Taranco;x;
15661;139;59;222;Lantarón;x;
15662;244;249;3;Valderas;x;
15663;243;249;3;Agrochão;x;
15664;55;111;222;Sayago;x;
15665;238;7;9;Carballeda;x;
15666;239;7;9;Medina de Rioseco;x;
15667;237;7;9;Aliste;x;
15668;237;7;8;Varese Ligure-Fieschi;x;
15669;237;7;6;Tolentino;x;
15670;235;235;222;Forlimpopoli;x;
15671;235;235;229;Bagno;x;
15672;235;235;228;Tortoreto;x;
15673;235;235;227;Offida;x;
15674;235;235;226;Loreto;x;
15675;199;3;5;Cupra;x;
15676;235;235;207;Barby;x;
15677;235;235;206;Unseburg;x;
15678;244;4;14;Aschersleben;x;
15679;244;214;244;Helmstedt;x;
15680;244;213;244;Werlaburg;x;
15681;244;3;11;Harzburg;x;
15682;231;33;222;Quedlinburg;x;
15683;231;34;222;Tilleda;x;
15684;237;249;222;Querfurt;x;
15685;236;249;222;Bleckede;x;
15686;251;3;9;Dahlenburg;x;
15687;251;251;251;Uelzen;x;
15688;251;252;251;Vorsfelde;x;
15689;251;252;252;Wietzendorf;x;
15690;252;252;252;Ahlden;x;
15691;252;252;253;Strela;x;
15692;253;252;222;Hanstein;x;
15693;111;181;122;Witzenhausen;x;
15694;111;181;121;Duderstadt;x;
15695;236;236;236;Kalvelage;x;
15696;241;255;1;Beuil;x;
15697;241;255;52;Pedona;x;
15698;255;7;21;Demonte;x;
15699;255;251;241;Larche;x;
15700;254;251;241;Commequiers;x;
15701;254;254;11;Brem;x;
15702;254;254;12;Muzillac;x;
15703;254;254;254;Monkontour;x;
15704;254;253;254;Tinténiac;x;
15705;254;253;1;Saint-Aubin;x;
15706;254;253;2;Landévennec;x;
15707;254;254;253;Linhares;x;
15708;250;6;13;Sabugal;x;
15709;250;6;11;Aveiro-Feira;x;
15710;249;6;11;Figueira da Foz;x;
15711;253;253;253;Paiva;x;
15712;253;253;252;Outeiro-Maçaeda;x;
15713;253;252;253;Padrela;x;
15714;249;6;6;Pondras;x;
15715;249;6;7;Ribadeo;x;
15716;249;7;6;Arros;x;
15717;213;213;222;Aranga;x;
15718;232;111;222;Carrizo;x;
15719;231;111;222;Tamames;x;
15720;253;251;254;Calatalifa;x;
15721;253;252;254;Escalona;x;
15722;252;44;1;Torrelodones;x;
15723;252;43;1;Adruh-Al-Jafr;x;
15724;252;42;1;At-Tafila - Qal'at al-Hasa;x;
15725;252;41;1;Rabba;x;
15726;252;253;253;Horstmar-Ahaus;x;
15727;252;252;250;Eversberg;x;
15728;233;7;9;Attendorn;x;
15729;251;252;250;Altena;x;
15730;233;8;7;Hagen;x;
15731;255;252;252;Solingen;x;
15732;255;11;7;Neuburgdonau;x;
15733;255;212;222;Abensberg;x;
15734;235;6;7;Zulling;x;
15735;237;198;3;Leonsberg;x;
15736;237;197;3;Worth;x;
15737;255;212;223;Obernaltach;x;
15738;255;212;224;Schwandorf;x;
15739;255;212;225;Hohenfels;x;
15740;255;212;226;Cadolzburg;x;
15741;255;212;227;Lauterhofen;x;
15742;255;212;228;Rotenbach;x;
15743;255;212;229;Bopfingen;x;
15744;255;212;220;Cannstadt;x;
15745;255;19;9;Besigheim;x;
15746;255;18;9;Velden;x;
15747;255;255;6;Holzheim;x;
15748;253;253;3;Weidenholz;x;
15749;250;3;9;Sigharting ;x;
15750;250;3;8;Diessenstein;x;
15751;250;2;8;Lairg;x;
15752;131;7;222;Eòrapaidh;x;
15753;154;154;222;Càrlabhagh;x;
15754;239;77;36;Münstereifel;x;
15755;239;76;36;Wiltz;x;
15756;179;187;1;Wyszogród;x;
15757;239;77;37;Solec;x;
15758;255;15;7;Łabiszyn;x;
15759;255;15;6;Byszewo;x;
15760;87;169;25;Szubin;x;
15761;87;169;24;Barcin;x;
15762;87;169;23;Gniewkowo;x;
15763;87;168;23;Sedzin;x;
15764;87;167;23;Kowal;x;
15765;87;87;87;Dźwierzchno;x;
15766;87;87;88;Chełmica;x;
15767;211;211;252;Steklin;x;
15768;87;169;26;Koronowo;x;
15769;237;1;9;Trzęsacz;x;
15770;233;249;5;Mirachowo;x;
15771;233;249;6;Buckow;x;
15772;1;239;3;Mstów;x;
15773;1;239;4;Lelow;x;
15774;1;239;5;Małogoszcz;x;
15775;187;3;9;Chęciny-Włoszczowa;x;
15776;186;3;9;Szydłowiec;x;
15777;185;3;9;Solec nad Wisłą;x;
15778;185;185;3;Opole Lubelskie;x;
15779;185;185;4;Zwoleń;x;
15780;185;185;5;Drzewica;x;
15781;185;185;6;Olkusz;x;
15782;199;2;3;Ogrodzieniec;x;
15783;199;3;3;Proszowice;x;
15784;199;199;199;Kazimierza;x;
15785;199;199;7;Wislica;x;
15786;199;7;1;Nowy Korczyn;x;
15787;199;199;222;Siewierz;x;
15788;199;198;3;Trzemeszno;x;
15789;198;198;198;Nomentum;x;
15790;198;198;197;Arsoli;x;
15791;198;197;197;Cotilia;x;
15792;186;4;14;Labro;x;
15793;243;7;1;Litomysl-Landšperk;x;
15794;243;243;255;Skutec-Policka;x;
15795;243;253;254;Prčice;x;
15796;243;7;2;Tabor-Jistebnice;x;
15797;243;7;3;Pelhrimov;x;
15798;243;7;4;Jindřichův Hradec;x;
15799;243;243;254;Nová Bystřice;x;
15800;243;7;5;Landštejn;x;
15801;243;243;7;Litschau;x;
15802;243;243;253;Vitoraz-Weitra;x;
15803;243;243;8;Dürnstein;x;
15804;243;243;9;Unesov;x;
15805;243;243;11;Rozmberk-Pořešín;x;
15806;243;243;12;Prybislav-Polná;x;
15807;243;243;13;Pernstein-Opatovice;x;
15808;255;3;222;Kunstat;x;
15809;243;243;14;Slavkov;x;
15810;243;243;15;Roznov-Fulnek;x;
15811;243;243;16;Hulín;x;
15812;243;243;243;Tovačov;x;
15813;243;242;243;Roštín;x;
15814;243;111;5;Pustimir;x;
15815;243;243;17;Uhersky;x;
15816;243;243;18;Zembrzyce;x;
15817;255;111;243;Wadowice;x;
15818;243;111;244;Ráj;x;
15819;243;111;245;Głubczyce;x;
15820;243;111;246;Toszek;x;
15821;244;1;9;Prudnik;x;
15822;241;233;233;Niemodlin;x;
15823;241;7;4;Alt-Montfort;x;
15824;241;8;4;Arce;x;
15825;241;10;4;Capena;x;
15826;241;4;19;Gradara;x;
15827;239;4;19;Characa;x;
15828;239;4;18;Phalasarna;x;
15829;239;4;17;Gaudos;x;
15830;237;237;6;Collesano;x;
15831;237;237;7;Ragusa;x;
15832;237;237;8;Cercina;x;
15833;237;237;9;Medenine;x;
15834;233;27;9;Ben Gardane;x;
15835;237;237;11;Pisida;x;
15836;237;237;12;Pantelleria;x;
15837;237;237;13;Kalithea;x;
15838;237;9;237;Flavioupolis;x;
15839;237;8;237;Kasos;x;
15840;237;7;237;Valetta;x;
15841;237;6;237;Kisthene;x;
15842;237;5;237;Sillyos;x;
15843;237;4;237;Psyra;x;
15844;233;249;1;Myrina;x;
15845;233;248;1;Pordoselene;x;
15846;233;233;2;Vasilika;x;
15847;233;234;2;Kleisoura-Kerinthos;x;
15848;233;235;2;Skiathos;x;
15849;233;236;2;Antandros-Gargara;x;
15850;243;236;236;Azysia;x;
15851;247;3;7;Gueret;x;
15852;247;237;1;Boussac-Lépaud;x;
15853;247;238;1;Auzances;x;
15854;247;239;1;Montaigut;x;
15855;246;231;1;Clermont-Montferrand;x;
15856;247;231;1;Cosne-d'Allier;x;
15857;244;244;243;Montmarault;x;
15858;244;99;8;Châtel-de-Neuvre;x;
15859;244;98;8;Saligny;x;
15860;244;98;7;Maurs-Calvinet;x;
15861;244;98;6;Vodable;x;
15862;249;7;1;Mende;x;
15863;249;7;2;Espalion-Entraygues;x;
15864;249;7;3;Saugues;x;
15865;249;7;4;Aubrac-Peyre;x;
15866;249;249;19;Pierrefort;x;
15867;249;7;5;Lévézou;x;
15868;249;7;7;Chapteuil;x;
15869;248;7;7;Montlaur;x;
15870;248;6;7;Meyrueis;x;
15871;248;6;6;Creyssels;x;
15872;248;6;5;Sommiers-Roquefeuil;x;
15873;179;222;222;Grezes;x;
15874;178;222;222;Issoire;x;
15875;243;243;4;Malzieu;x;
15876;243;243;5;Aubrac;x;
15877;243;243;6;Dèze;x;
15878;231;243;222;Villefort;x;
15879;231;243;221;Crussol;x;
15880;249;9;12;Saint-Saturnin-du-Port;x;
15881;249;9;13;Ris-Le Mayet;x;
15882;237;237;1;Randan;x;
15883;249;9;14;Boussac-Bourg;x;
15884;249;7;9;Gruissan;x;
15885;249;255;1;Montséret;x;
15886;249;7;8;Mussidan;x;
15887;249;9;8;Cunlhat;x;
15888;249;78;222;Ravel;x;
15889;249;9;6;Camarasa;x;
15890;249;9;7;Bassella-Gualter;x;
15891;243;243;3;Peyrehorade-Bidache;x;
15892;244;4;7;Lembeye;x;
15893;244;3;244;Nay-Oloron;x;
15894;244;13;3;Saint-Jean;x;
15895;243;244;4;Nogaro-Riscle;x;
15896;241;243;3;Soule;x;
15897;237;1;7;Křivoklát;x;
15898;237;2;7;Taras-Aracs;x;
15899;237;2;6;Lovrin;x;
15900;237;3;6;Bocsár;x;
15901;237;3;7;Uzdin;x;
15902;2;237;237;Kokota-Vingai;x;
15903;11;249;56;Almanza;x;
15904;243;33;1;San Román de Entrepeñas;x;
15905;11;249;57;Monzon de Campos;x;
15906;244;234;4;Duenas;x;
15907;243;33;2;Tudela de Duero;x;
15908;243;33;3;Guzman-Curiel;x;
15909;12;249;55;Villafuerte;x;
15910;231;223;222;Quintanilla;x;
15911;233;241;9;Mederdra;x;
15912;233;242;9;Naghira;x;
15913;255;5;1;Guede;x;
15914;233;243;9;Ndioum;x;
15915;221;141;222;Bogue;x;
15916;255;6;1;Sedeinga;x;
15917;255;255;71;Soleb;x;
15918;255;255;72;Selima;x;
15919;255;255;73;Kysis;x;
15920;221;5;222;Selima Route;x;
15921;221;221;255;Vasto;x;
15922;255;7;45;Asti;x;
15923;255;255;29;Cortanze;x;
15924;255;5;19;Trino;x;
15925;255;4;19;Nerezi;x;
15926;255;2;15;Przemkow;x;
15927;255;2;14;Lwowek;x;
15928;255;255;189;Lubań;x;
15929;255;255;188;Złotoryja;x;
15930;255;255;187;Chojnów;x;
15931;255;255;186;Wołów;x;
15932;255;12;13;Rawicz;x;
15933;255;255;185;Spremberg-Iłowa;x;
15934;255;12;12;Hoyerswerda;x;
15935;255;255;184;Neschwitz;x;
15936;189;255;255;Muskau;x;
15937;254;254;3;Bytom-Otyń;x;
15938;254;254;4;Rudna;x;
15939;3;254;254;Rawicz;x;
15940;4;254;254;Kąty Wrocławskie;x;
15941;254;251;254;Sroda-Slaska-Kwietno;x;
15942;254;252;254;Chojnów;x;
15943;254;250;254;Ziębice;x;
15944;254;250;250;Książ;x;
15945;254;250;251;Błaszki;x;
15946;254;251;251;Ostrzeszów;x;
15947;255;133;133;Olesnica;x;
15948;255;255;243;Alpuente;x;
15949;255;15;15;Enguera;x;
15950;111;255;222;Caudete;x;
15951;255;15;16;Sax;x;
15952;255;255;212;Novelda;x;
15953;255;255;213;Órgiva;x;
15954;249;1;3;Requena;x;
15955;249;1;5;Jérica;x;
15956;249;243;17;Cella;x;
15957;249;1;6;Calaceite;x;
15958;249;1;7;Hijar;x;
15959;249;1;4;Jorquera;x;
15960;249;249;12;Werdenfels;x;
15961;244;4;1;Hornachuelos;x;
15962;244;247;199;Segorbe;x;
15963;249;7;13;Yaropolk;x;
15964;249;7;12;Kovrov;x;
15965;249;7;11;Bogolyubovo;x;
15966;248;8;8;Valtice;x;
15967;248;248;8;Oberwart;x;
15968;248;8;9;Thaya;x;
15969;248;9;8;Bernstein;x;
15970;248;9;9;Ivangorod;x;
15971;248;244;4;Yama;x;
15972;70;113;167;river_canal_pharaohs;x;
15973;5;158;53;river_nile;x;
15974;205;119;212;river_nile;x;
15975;6;82;123;river_nile;x;
15976;0;200;61;river_nile;x;
15977;21;140;53;river_nile;x;
15978;231;119;45;river_nile;x;
15979;96;192;155;river_white_nile;x;
15980;12;130;214;river_white_nile;x;
15981;30;25;137;river_white_nile;x;
15982;239;95;150;river_blue_nile;x;
15983;129;156;113;river_blue_nile;x;
15984;204;20;253;river_blue_nile;x;
15985;110;241;194;river_atbara;x;
15986;223;42;221;river_atbara;x;
15987;15;82;89;river_atbara;x;
15988;46;223;226;river_guadalquivir;x;
15989;34;204;8;river_guadiana;x;
15990;168;54;51;river_tajo;x;
15991;173;217;56;river_tajo;x;
15992;196;186;235;river_tajo;x;
15993;210;226;41;river_tajo;x;
15994;83;163;243;river_tajo;x;
15995;33;186;131;river_duero;x;
15996;179;204;164;river_duero;x;
15997;75;177;77;river_duero;x;
15998;110;168;145;river_duero;x;
15999;206;189;134;river_ebro;x;
16000;80;165;49;river_ebro;x;
16001;54;216;93;river_ebro;x;
16002;235;44;199;river_segre;x;
16003;205;93;222;river_dordogne;x;
16004;66;2;242;river_dordogne;x;
16005;188;122;115;river_loire;x;
16006;66;21;112;river_loire;x;
16007;143;166;236;river_loire;x;
16008;51;180;37;river_loire;x;
16009;73;186;135;river_loire;x;
16010;134;251;35;river_vienne;x;
16011;248;43;101;river_vienne;x;
16012;149;162;195;river_seine;x;
16013;227;176;139;river_seine;x;
16014;245;179;95;river_seine;x;
16015;190;116;179;river_yonne;x;
16016;148;33;23;river_marne;x;
16017;7;152;202;river_marne;x;
16018;185;149;13;river_marne;x;
16019;140;22;157;river_marne;x;
16020;117;114;19;river_oise;x;
16021;28;216;18;river_oise;x;
16022;88;25;224;river_oise;x;
16023;144;27;35;river_aisne;x;
16024;158;6;211;river_aisne;x;
16025;54;25;212;river_aisne;x;
16026;93;64;68;river_scheldt;x;
16027;132;185;252;river_scheldt;x;
16028;125;146;253;river_rhone;x;
16029;233;37;86;river_saone;x;
16030;118;75;68;river_durance;x;
16031;140;136;184;river_po;x;
16032;239;145;182;river_po;x;
16033;8;8;197;river_thames;x;
16034;130;100;60;river_severn;x;
16035;87;106;170;river_severn;x;
16036;3;143;23;river_severn;x;
16037;42;156;212;river_avon;x;
16038;18;95;23;river_trent;x;
16039;116;113;166;river_trent;x;
16040;202;250;159;river_trent;x;
16041;123;195;90;river_shannon;x;
16042;35;99;241;river_shannon;x;
16043;120;226;32;river_rhine;x;
16044;232;215;44;river_rhine;x;
16045;87;87;144;river_rhine;x;
16046;135;56;242;river_rhine;x;
16047;5;165;4;river_rhine;x;
16048;45;231;93;river_rhine;x;
16049;245;75;36;river_main;x;
16050;48;110;239;river_main;x;
16051;206;166;27;river_moselle;x;
16052;88;17;112;river_moselle;x;
16053;234;80;230;river_moselle;x;
16054;145;252;124;river_moselle;x;
16055;234;163;106;river_moselle;x;
16056;155;26;152;river_ijssel;x;
16057;28;152;185;river_meuse;x;
16058;125;223;232;river_meuse;x;
16059;211;9;63;river_meuse;x;
16060;213;85;89;river_meuse;x;
16061;33;141;133;river_meuse;x;
16062;115;171;178;river_meuse;x;
16063;231;56;127;river_ems;x;
16064;165;140;15;river_ems;x;
16065;129;92;184;river_ems;x;
16066;2;93;4;river_weser;x;
16067;32;41;134;river_weser;x;
16068;121;0;54;river_weser;x;
16069;220;55;136;river_weser;x;
16070;209;54;21;river_weser;x;
16071;89;103;33;river_elbe;x;
16072;94;33;18;river_elbe;x;
16073;241;239;99;river_elbe;x;
16074;138;44;161;river_saale;x;
16075;176;196;235;river_saale;x;
16076;219;246;46;river_saale;x;
16077;29;212;247;river_havel;x;
16078;240;132;118;river_havel;x;
16079;122;254;90;river_oder;x;
16080;115;83;72;river_oder;x;
16081;1;248;213;river_oder;x;
16082;158;34;119;river_oder;x;
16083;190;235;35;river_oder;x;
16084;139;254;222;river_oder;x;
16085;41;204;136;river_oder;x;
16086;48;89;166;river_oder;x;
16087;223;124;164;river_oder;x;
16088;161;45;154;river_warta;x;
16089;85;107;247;river_notec;x;
16090;200;34;185;river_vistula;x;
16091;133;226;16;river_vistula;x;
16092;175;241;250;river_vistula;x;
16093;210;70;157;river_vistula;x;
16094;76;192;75;river_vistula;x;
16095;42;79;145;river_western_bug;x;
16096;154;122;244;river_western_bug;x;
16097;167;72;204;river_western_bug;x;
16098;35;51;105;river_neman;x;
16099;49;185;108;river_neman;x;
16100;227;15;118;river_neman;x;
16101;125;120;28;river_neman;x;
16102;150;21;100;river_neman;x;
16103;11;146;71;river_vig;x;
16104;178;183;91;river_sukhona;x;
16105;207;134;27;river_sukhona;x;
16106;28;250;34;river_sukhona;x;
16107;177;138;117;lake_kamenskoye;x;
16108;161;89;177;river_southern_bug;x;
16109;225;137;191;river_southern_bug;x;
16110;197;63;172;river_southern_bug;x;
16111;248;50;204;river_southern_bug;x;
16112;184;135;127;river_gota_alv;x;
16113;147;70;182;river_klaralven;x;
16114;145;236;134;river_klaralven;x;
16115;187;215;132;river_motala_strom;x;
16116;184;38;49;river_motala_strom;x;
16117;134;112;104;river_danube;x;
16118;119;129;177;river_danube;x;
16119;198;213;190;river_danube;x;
16120;140;216;90;river_danube;x;
16121;26;74;72;river_danube;x;
16122;160;246;157;river_danube;x;
16123;150;71;132;river_danube;x;
16124;111;83;139;river_danube;x;
16125;247;110;61;river_danube;x;
16126;57;176;182;river_Sio;x;
16127;75;99;233;lake_balaton;x;
16128;197;144;157;river_drava;x;
16129;44;182;203;river_drava;x;
16130;101;217;236;river_mur;x;
16131;224;252;49;river_mur;x;
16132;208;222;240;river_tisa;x;
16133;8;234;92;river_tisa;x;
16134;204;65;182;river_tisa;x;
16135;75;68;109;river_tisa;x;
16136;157;105;32;river_koros;x;
16137;230;71;125;river_koros;x;
16138;213;235;36;river_maros;x;
16139;4;156;20;river_maros;x;
16140;46;154;19;river_sava;x;
16141;6;224;33;river_sava;x;
16142;209;32;52;river_sava;x;
16143;45;88;67;river_sava;x;
16144;25;160;194;river_sava;x;
16145;55;8;215;river_sava;x;
16146;217;236;51;river_sava;x;
16147;46;35;41;river_vedea;x;
16148;211;98;242;river_olt;x;
16149;139;68;61;river_arges;x;
16150;29;225;115;river_arges;x;
16151;3;26;11;river_ialomita;x;
16152;59;154;147;river_ialomita;x;
16153;72;71;54;river_siret;x;
16154;207;152;200;river_siret;x;
16155;89;136;235;river_prut;x;
16156;46;10;210;river_prut;x;
16157;78;133;138;river_tigris;x;
16158;36;51;218;river_tigris;x;
16159;19;235;170;river_tigris;x;
16160;103;176;245;river_tigris;x;
16161;150;226;122;river_tigris;x;
16162;228;68;121;river_tigris;x;
16163;197;57;144;river_tigris;x;
16164;101;156;40;river_diyala;x;
16165;231;218;229;river_diyala;x;
16166;135;41;38;river_euphrates;x;
16167;68;47;70;river_euphrates;x;
16168;163;71;206;river_euphrates;x;
16169;162;186;69;river_euphrates;x;
16170;196;13;88;river_euphrates;x;
16171;146;39;230;river_euphrates;x;
16172;190;123;30;river_euphrates;x;
16173;35;20;126;river_euphrates;x;
16174;31;182;49;river_khabur;x;
16175;12;35;129;river_khabur;x;
16176;248;161;71;river_khabur;x;
16177;167;101;122;river_karun;x;
16178;209;226;193;river_karun;x;
16179;184;100;25;river_karun;x;
16180;69;26;58;river_kura;x;
16181;210;170;219;river_kura;x;
16182;107;88;219;river_kura;x;
16183;224;116;26;river_kura;x;
16184;239;134;25;river_aras;x;
16185;45;41;47;river_aras;x;
16186;196;52;106;lake_mingachevir;x;
16187;186;166;51;river_ural;x;
16188;123;37;205;river_ural;x;
16189;189;199;210;river_ural;x;
16190;100;38;203;river_ural;x;
16191;152;20;103;river_ural;x;
16192;165;199;17;river_uzboy;x;
16193;124;151;187;river_uzboy;x;
16194;126;144;10;river_uzboy;x;
16195;57;65;49;river_amu_darya;x;
16196;223;170;219;river_amu_darya;x;
16197;102;189;186;river_amu_darya;x;
16198;164;7;110;river_amu_darya;x;
16199;217;96;68;river_amu_darya;x;
16200;139;226;174;river_amu_darya;x;
16201;179;196;90;river_amu_darya;x;
16202;144;121;129;river_amu_darya;x;
16203;24;136;123;river_amu_darya;x;
16204;156;60;76;river_amu_darya;x;
16205;196;134;227;river_amu_darya;x;
16206;253;98;254;river_syr_darya;x;
16207;244;77;194;river_syr_darya;x;
16208;99;2;119;river_syr_darya;x;
16209;8;89;217;river_syr_darya;x;
16210;129;217;6;river_syr_darya;x;
16211;207;28;41;lake_chardara;x;
16212;181;116;0;river_syr_darya;x;
16213;4;102;40;lake_toktogul;x;
16214;229;120;252;river_indus;x;
16215;171;152;142;river_chenab;x;
16216;119;59;177;river_chenab;x;
16217;77;230;200;river_chenab;x;
16218;149;207;18;river_chenab;x;
16219;52;125;173;river_sabarmati;x;
16220;105;27;188;river_sabarmati;x;
16221;7;232;102;river_mahi;x;
16222;133;99;224;river_mahi;x;
16223;149;67;159;river_mahi;x;
16224;80;107;172;river_narmada;x;
16225;143;176;72;river_narmada;x;
16226;158;66;142;river_narmada;x;
16227;19;38;26;river_narmada;x;
16228;221;89;158;river_narmada;x;
16229;64;146;221;river_narmada;x;
16230;81;141;209;river_tapti;x;
16231;71;153;12;river_ponnaiyar;x;
16232;230;63;151;river_palar;x;
16233;51;194;204;river_penna;x;
16234;133;23;230;river_penna;x;
16235;202;49;208;river_penna;x;
16236;43;186;58;river_krishna;x;
16237;86;249;60;river_krishna;x;
16238;53;30;187;river_krishna;x;
16239;152;93;161;river_krishna;x;
16240;33;6;110;river_krishna;x;
16241;193;216;101;river_krishna;x;
16242;45;129;49;river_bhima;x;
16243;40;38;119;river_bhima;x;
16244;47;109;209;river_tungabhadra;x;
16245;90;126;26;river_tungabhadra;x;
16246;151;11;1;river_godavari;x;
16247;251;201;69;river_godavari;x;
16248;249;113;108;river_godavari;x;
16249;254;161;163;river_wainganga;x;
16250;132;229;248;river_wainganga;x;
16251;254;42;100;river_wainganga;x;
16252;106;218;79;river_mahanadi;x;
16253;123;243;28;river_mahanadi;x;
16254;185;47;221;river_ganges;x;
16255;194;244;94;river_ganges;x;
16256;81;44;215;river_ganges;x;
16257;152;51;240;river_ganges;x;
16258;106;198;43;river_ganges;x;
16259;86;23;66;river_yamuna;x;
16260;155;202;1;river_yamuna;x;
16261;205;140;181;river_yamuna;x;
16262;124;201;40;river_yamuna;x;
16263;78;178;203;river_yamuna;x;
16264;214;2;7;river_yamuna;x;
16265;7;34;211;river_yamuna;x;
16266;144;87;184;river_chambal;x;
16267;142;107;214;river_chambal;x;
16268;234;124;74;river_chambal;x;
16269;121;193;118;river_chambal;x;
16270;229;111;217;river_betwa;x;
16271;77;6;77;river_betwa;x;
16272;18;80;158;river_betwa;x;
16273;198;23;223;river_betwa;x;
16274;15;237;37;river_ghaghara;x;
16275;197;19;8;river_ghaghara;x;
16276;66;103;94;river_ghaghara;x;
16277;10;217;40;river_son;x;
16278;135;2;132;river_son;x;
16279;217;103;55;river_son;x;
16280;4;128;249;river_kosi;x;
16281;26;111;126;river_kosi;x;
16282;196;3;233;river_brahmaputra;x;
16283;193;232;161;river_brahmaputra;x;
16284;157;15;18;river_hughli;x;
16285;237;14;2;river_senegal;x;
16286;239;118;231;river_senegal;x;
16287;81;7;196;river_senegal;x;
16288;82;162;103;river_senegal;x;
16289;113;10;79;river_senegal;x;
16290;22;133;68;river_senegal;x;
16291;74;159;160;river_volta;x;
16292;11;158;183;river_volta;x;
16293;33;231;5;river_volta;x;
16294;165;147;116;river_black_volta;x;
16295;131;206;210;river_black_volta;x;
16296;156;56;61;river_black_volta;x;
16297;237;252;78;river_oti;x;
16298;99;17;73;river_oti;x;
16299;179;104;146;river_oti;x;
16300;60;83;64;river_niger;x;
16301;198;218;208;river_niger;x;
16302;123;160;186;river_niger;x;
16303;250;185;134;river_niger;x;
16304;71;187;38;river_bani;x;
16305;12;24;159;river_bani;x;
16306;169;181;62;river_bani;x;
16307;151;130;1;river_bani;x;
16308;184;158;138;river_kaduna;x;
16309;164;223;120;river_kaduna;x;
16310;168;207;61;river_kaduna;x;
16311;52;220;113;river_benue;x;
16312;176;49;211;river_benue;x;
16313;46;167;188;river_benue;x;
16314;63;196;142;river_chari;x;
16315;63;109;25;river_chari;x;
16316;214;125;165;river_chari;x;
16317;111;235;65;river_logone;x;
16318;4;136;209;river_logone;x;
16319;129;104;55;river_bahr_el_ghazal;x;
16320;95;198;174;river_yobe;x;
16321;254;143;210;river_yobe;x;
16322;105;176;123;river_yobe;x;
16323;5;190;15;river_yobe;x;
16324;21;224;81;river_Jama'are;x;
16325;184;51;21;river_jama-are;x;
16326;201;138;247;river_narva;x;
16327;244;171;100;river_narva;x;
16328;95;161;1;river_oder;x;
16329;196;138;60;river_morava;x;
16330;77;150;223;river_morava;x;
16331;36;226;15;river_angara;x;
16332;91;172;195;river_angara;x;
16333;103;65;185;river_angara;x;
16334;206;19;163;river_selenge;x;
16335;67;167;124;river_selenge;x;
16336;63;27;193;river_selenge;x;
16337;140;52;41;river_selenge;x;
16338;121;238;175;river_sura;x;
16339;58;244;11;river_sura;x;
16340;1;126;229;river_sura;x;
16341;226;214;24;river_khopyor;x;
16342;227;11;151;river_khopyor;x;
16343;77;200;147;river_donets;x;
16344;239;230;212;river_donets;x;
16345;59;71;13;sea_caspian;x;
16346;144;234;32;sea_caspian;x;
16347;186;170;247;sea_caspian;x;
16348;34;157;177;sea_garabogazkol;x;
16349;243;190;64;sea_caspian;x;
16350;80;201;2;sea_caspian;x;
16351;150;160;227;river_don;x;
16352;56;61;43;river_ouse;x;
16353;209;129;163;river_ouse;x;
16354;116;243;62;river_nene;x;
16355;0;125;4;river_nene;x;
16356;171;145;81;river_nene;x;
16357;1;52;2;river_sebou;x;
16358;27;115;239;river_sebou;x;
16359;112;233;219;river_sebou;x;
16360;181;191;20;river_arno;x;
16361;218;91;62;river_arno;x;
16362;64;39;216;river_tiber;x;
16363;222;36;30;river_tiber;x;
16364;65;115;31;river_tiber;x;
16365;85;253;243;river_axios;x;
16366;179;129;252;river_seyhan;x;
16367;142;75;104;river_seyhan;x;
16368;175;209;154;river_ceyhan;x;
16369;1;34;139;river_ceyhan;x;
16370;167;50;126;river_kuban;x;
16371;191;149;52;river_kuban;x;
16372;30;32;17;river_kuban;x;
16373;238;128;117;river_samur;x;
16374;54;208;121;river_samur;x;
16375;187;116;204;river_terek;x;
16376;249;77;108;river_terek;x;
16377;112;176;77;river_maritsa;x;
16378;156;113;74;river_maritsa;x;
16379;192;94;216;river_maritsa;x;
16380;169;200;220;river_maritsa;x;
16381;217;110;73;river_sassandra;x;
16382;109;167;105;river_sassandra;x;
16383;121;130;120;river_sassandra;x;
16384;140;240;172;river_sassandra;x;
16385;81;1;211;river_bandama;x;
16386;11;254;9;river_bandama;x;
16387;146;190;3;river_bandama;x;
16388;43;18;185;river_bandama;x;
16389;116;253;129;river_komoe;x;
16390;252;117;180;river_komoe;x;
16391;243;155;198;river_komoe;x;
16392;3;7;187;river_komoe;x;
16393;99;137;62;river_ob;x;
16394;22;114;203;river_ob;x;
16395;41;84;46;river_ob;x;
16396;242;87;188;river_ob;x;
16397;253;97;12;river_ob;x;
16398;66;48;77;river_ob;x;
16399;224;131;241;river_ob;x;
16400;203;26;249;river_ob;x;
16401;190;64;106;river_ob;x;
16402;233;78;23;river_anuy;x;
16403;118;227;99;river_anuy;x;
16404;89;135;229;river_chulym;x;
16405;221;15;80;river_chulym;x;
16406;134;233;80;river_chulym;x;
16407;16;85;71;river_irtysh;x;
16408;234;137;80;river_irtysh;x;
16409;208;129;221;river_irtysh;x;
16410;115;59;74;river_irtysh;x;
16411;207;194;79;river_irtysh;x;
16412;221;90;15;river_irtysh;x;
16413;123;207;143;river_irtysh;x;
16414;88;224;206;river_irtysh;x;
16415;37;150;247;river_irtysh;x;
16416;9;230;112;river_om;x;
16417;129;127;150;river_om;x;
16418;227;134;114;river_om;x;
16419;230;124;23;river_ishim;x;
16420;142;245;109;river_ishim;x;
16421;191;167;219;river_ishim;x;
16422;184;57;138;river_ishim;x;
16423;219;177;127;river_ishim;x;
16424;198;5;57;river_ishim;x;
16425;195;88;201;river_ishim;x;
16426;184;91;57;river_tobol;x;
16427;82;215;194;river_tobol;x;
16428;194;229;48;river_tobol;x;
16429;207;105;66;river_tobol;x;
16430;25;122;250;river_iset;x;
16431;13;165;198;river_tura;x;
16432;244;127;192;river_tura;x;
16433;182;209;155;river_tura;x;
16434;16;138;81;river_tavda;x;
16435;178;68;161;river_tavda;x;
16436;24;225;191;river_tavda;x;
16437;196;44;219;river_konda;x;
16438;180;30;178;river_konda;x;
16439;180;45;184;river_nianda;x;
16440;58;238;21;river_nianda;x;
16441;122;64;209;river_konkoure;x;
16442;62;39;100;river_geba;x;
16443;35;2;79;river_sokoto;x;
16444;186;229;180;river_sokoto;x;
16445;200;71;149;river_oum_er-rbia;x;
16446;245;231;232;river_oum_er-rbia;x;
16447;147;29;71;river_tigris;x;
16448;85;154;48;river_tigris;x;
16449;145;77;69;river_warta;x;
16450;129;46;66;river_warta;x;
16451;251;170;140;river_inn;x;
16452;203;126;231;river_inn;x;
16453;114;101;169;river_inn;x;
16454;22;243;247;river_morava;x;
16455;230;189;250;river_morava;x;
16456;156;146;127;river_morava;x;
16457;237;143;60;river_vah;x;
16458;224;252;91;river_vah;x;
16459;58;190;128;Shap;x;
16460;223;178;162;Rochdale;x;
16461;242;135;95;Egremont;x;
16462;236;181;233;Alston;x;
16463;159;39;44;Dereham;x;
16464;33;130;231;Piškisalāts;x;
16465;128;4;186;Segewold;x;
16466;69;234;52;Bukult;x;
16467;199;63;70;Jaunpils-Saldus;x;
16468;166;90;113;Impilta;x;
16469;246;194;173;Zagare;x;
16470;40;236;63;Tervete;x;
16471;39;107;70;Dobene;x;
16472;220;233;116;Bandava;x;
16473;216;116;108;Medze;x;
16474;209;180;124;Durbe;x;
16475;28;249;248;Birzai;x;
16476;21;177;32;Knituva;x;
16477;194;63;221;Kedainiai;x;
16478;137;25;72;Vilkaviskis;x;
16479;254;43;59;Mielnik;x;
16480;113;214;240;Tammow;x;
16481;4;70;191;Goldap;x;
16482;59;225;109;Angerburg;x;
16483;123;117;236;Laukischken;x;
16484;30;230;61;Kirsna;x;
16485;140;17;21;Łasin;x;
16486;210;230;70;Sirgune;x;
16487;196;11;163;Mohrungen;x;
16488;13;230;31;Mlawa;x;
16489;138;122;119;Lubawa;x;
16490;145;38;234;Eylau;x;
16491;242;192;218;Cervelló;x;
16492;81;76;151;Niebull;x;
16493;161;133;98;Olèrdola;x;
16494;136;223;184;Montblanch;x;
16495;56;128;89;Òdena;x;
16496;135;231;195;Sant-Cugat;x;
16497;101;153;42;Montcada;x;
16498;173;54;88;Pinos;x;
16499;230;105;60;Centelles;x;
16500;156;88;32;Corvacera;x;
16501;174;139;174;Falafeios-La Bóveda;x;
16502;17;219;48;Manzanares-Aulencia;x;
16503;224;226;234;Alba de Tormes-Villaescusa;x;
16504;90;24;82;Peñaranda de Bracamonte;x;
16505;203;92;126;Cisla;x;
16506;176;16;177;Talamanca;x;
16507;60;249;107;Guadalix;x;
16508;47;221;148;Bamba;x;
16509;242;192;76;Ayorou;x;
16510;217;168;112;N’Teret;x;
16511;104;62;111;Sankore;x;
16512;194;151;82;Kaga;x;
16513;251;73;92;Toya-Mali;x;
16514;192;117;92;Titiopolis;x;
16515;52;55;218;Ilistra;x;
16516;253;133;30;Koron;x;
16517;115;2;64;Kanna;x;
16518;181;109;50;Soatra;x;
16519;13;36;3;Salarama;x;
16520;68;177;68;Perta;x;
16521;119;0;109;Kongoustos;x;
16522;178;20;172;Anzoulada;x;
16523;86;45;70;Kotenna;x;
16524;195;209;119;Turmhof;x;
16525;152;170;127;Wiener-Eggendorf;x;
16526;117;147;211;Padun-Liechtenstein;x;
16527;243;90;61;Totzenbach;x;
16528;16;175;187;Khuttal;x;
16529;158;189;110;Taikhan;x;
16530;185;208;12;Kunduz;x;
16531;86;202;164;Hisor;x;
16532;91;227;5;Aybak;x;
16533;197;162;60;Gulcha;x;
16534;163;12;202;Kara-Kulja;x;
16535;158;158;168;Kara-Darya;x;
16536;166;81;248;Perosa;x;
16537;145;66;84;Dundrennan;x;
16538;169;174;227;Anwoth;x;
16539;203;57;134;Glenluce;x;
16540;80;80;246;Rhins;x;
16541;85;251;252;Zerhoun;x;
16542;230;248;187;Saiss;x;
16543;34;58;106;Amargou;x;
16544;33;202;163;Bimbache;x;
16545;165;156;134;Ghomara;x;
16546;206;109;113;Benahoare;x;
16547;146;214;208;Benahoare;x;
16548;244;241;196;Daute;x;
16549;151;76;93;Jandía;x;
16550;166;241;55;Tindaya;x;
16551;250;29;137;Walila;x;
16552;173;164;138;Mat-Klos;x;
16553;47;84;209;Satti;x;
16554;161;248;87;Husinec;x;
16555;170;142;24;Göttweig;x;
16556;107;74;122;Žirotín;x;
16557;12;175;75;Slavětín;x;
16558;139;160;33;Kadan-Zdar;x;
16559;251;79;153;Lovošice;x;
16560;152;36;107;Krakovec;x;
16561;102;81;83;Kishanganj;x;
16562;208;31;127;Purania;x;
16563;194;132;201;Silchar;x;
16564;250;162;57;Sairang;x;
16565;137;121;150;Kanihati;x;
16566;203;203;171;Kohima;x;
16567;141;224;248;Shamli;x;
16568;120;245;226;Jansath;x;
16569;236;225;162;Baghpat;x;
16570;182;109;76;Apelava;x;
16571;196;198;200;Kayal-Uvari;x;
16572;6;88;74;Hsaw;x;
16573;121;233;103;Malaikottai;x;
16574;83;49;217;Ramnadhapuram;x;
16575;131;139;51;Periyapattinam;x;
16576;32;14;72;Sivaganga-Tiruppattur;x;
16577;147;41;111;Devipattinam-Thondi;x;
16578;238;141;152;Alagar;x;
16579;180;23;254;Kottaiyur;x;
16580;96;96;127;Ongole;x;
16581;113;28;55;Jinji-Arikamedu;x;
16582;147;89;213;Sankarapuram;x;
16583;2;165;176;Qasr al-Hosn;x;
16584;163;45;193;Alaverdi;x;
16585;106;250;253;Ktis-Tugh;x;
16586;248;142;250;Gandzasar-Khachen;x;
16587;52;16;103;Gis;x;
16588;125;194;87;Qobustan;x;
16589;137;71;85;Zaqatala-Khoranta;x;
16590;126;29;71;Wesenburg-Porkuni-Borkholm;x;
16591;160;164;226;Maholm;x;
16592;72;64;189;Vaiga;x;
16593;194;73;123;Pilistvere;x;
16594;250;154;163;Paide;x;
16595;222;94;74;Rapla-Kohila;x;
16596;22;63;18;Varbola;x;
16597;178;249;31;Vastselina-Väimela;x;
16598;101;56;123;Võnnu-Wendau;x;
16599;142;153;87;Kattila;x;
16600;181;74;21;Kosemkina;x;
16601;95;81;196;Izhora;x;
16602;133;46;216;Tarm-Skads;x;
16603;108;165;207;Gørding;x;
16604;67;107;110;Hornshæreth;x;
16605;222;104;200;Egtved;x;
16606;82;22;48;Malt;x;
16607;211;229;81;Hlésey;x;
16608;84;231;79;Salling;x;
16609;173;151;75;Thisted-Hundborg;x;
16610;148;77;44;Hanherred;x;
16611;88;174;116;Hassing;x;
16612;122;115;166;Hornum;x;
16613;144;223;248;Mariager;x;
16614;144;10;221;Samsø;x;
16615;17;48;11;Rudkøbing;x;
16616;182;145;32;Ærø;x;
16617;96;209;209;Hviding;x;
16618;9;101;104;Anseküla;x;
16619;152;206;9;Madesjö;x;
16620;12;59;203;Döderhult;x;
16621;76;25;52;Vaxjo;x;
16622;99;245;34;Ekeberga;x;
16623;124;65;224;Oudna;x;
16624;158;218;52;Mannūbah;x;
16625;103;76;72;Krčín;x;
16626;77;29;63;Opočno;x;
16627;29;161;28;Liblín;x;
16628;29;167;144;Hrádek;x;
16629;165;153;248;Střekov;x;
16630;174;244;156;Kutna-Hora;x;
16631;175;212;11;Velíz;x;
16632;203;75;64;Rogatyn;x;
16633;100;72;201;Sokolec;x;
16634;33;238;89;Strumok;x;
16635;161;114;100;Onut;x;
16636;73;14;17;Spas;x;
16637;101;48;60;Ushna;x;
16638;81;15;167;Ryazan;x;
16639;117;80;101;Belgorod;x;
16640;195;253;180;Kholm;x;
16641;251;74;94;Ugra;x;
16642;166;119;190;Serpukhov-Obolensk;x;
16643;82;16;7;Tarusa;x;
16644;23;147;63;Suvorov-Volkona;x;
16645;110;173;92;Vetca;x;
16646;148;116;63;Blev';x;
16647;114;182;8;Luchin;x;
16648;89;18;75;Belaya;x;
16649;86;235;87;Zubstov-Fomin;x;
16650;106;87;216;Horvac;x;
16651;193;84;106;Starica;x;
16652;193;75;230;Torzhok-Rjasna;x;
16653;48;91;36;Hotsin;x;
16654;131;50;79;Tud;x;
16655;157;211;122;Zizec;x;
16656;86;79;54;Toropets-Kin;x;
16657;240;174;57;Dubrovka;x;
16658;78;215;247;Vorotynsk-;x;
16659;172;144;237;Serensk;x;
16660;81;52;69;Meščovsk;x;
16661;174;137;197;Belev;x;
16662;173;108;8;Vorobijna;x;
16663;248;90;31;Roden;x;
16664;230;127;63;Korets';x;
16665;132;127;9;Dorogobuzh;x;
16666;211;192;209;Vasilev-Trepol';x;
16667;73;10;19;Berestovo;x;
16668;102;89;233;Tihomel-Zbaraz;x;
16669;13;198;237;Torchesk;x;
16670;85;183;118;Voin;x;
16671;65;97;219;Ainsa-Boltana;x;
16672;28;174;49;Siruela;x;
16673;193;47;110;Miajadas;x;
16674;18;201;83;Porzuna;x;
16675;202;238;91;Sástago;x;
16676;20;225;176;La-Sagra;x;
16677;225;109;124;Lara-Tejada;x;
16678;25;226;48;Alpuente-Sarrión;x;
16679;63;24;146;Calamocha;x;
16680;194;233;42;Torralba-Priego;x;
16681;121;9;39;Caracenilla;x;
16682;119;221;248;Alarcos-Caracuel;x;
16683;192;9;251;Sonseca;x;
16684;69;120;143;Ontígola;x;
16685;93;206;125;Viso-Valdepeñas;x;
16686;134;83;164;Beas;x;
16687;142;205;130;Guadalerzas;x;
16688;126;183;131;Malpica-Cebolla;x;
16689;206;150;16;Torrijos;x;
16690;71;53;244;Deltuva;x;
16691;157;66;246;Mitau-Upmale;x;
16692;221;152;242;Braslau-Zarasai;x;
16693;254;232;89;Dūkštas;x;
16694;41;252;110;Utena-Anykščiai;x;
16695;64;212;204;Samenike;x;
16696;254;144;75;Užpaliai;x;
16697;107;156;168;Dainava;x;
16698;179;233;212;Kupiškis;x;
16699;90;147;140;Aukšžeme;x;
16700;78;162;155;Dobele-Spārnene;x;
16701;13;108;125;Vetrino-Lepel;x;
16702;194;64;36;Nekoloc;x;
16703;3;27;232;Smarhonʹ;x;
16704;205;106;50;Budslau-Vileyka;x;
16705;202;174;254;Hlybokaye-Myadel';x;
16706;233;210;153;Wiskiauten;x;
16707;99;162;45;Kaup;x;
16708;167;201;92;Meguva;x;
16709;241;19;96;San Felices;x;
16710;208;157;113;Robrea;x;
16711;191;182;210;Monsagro;x;
16712;188;129;1;Adrian-Ugocsakomlós;x;
16713;30;134;130;Tiszasásvár;x;
16714;63;60;78;Avasújváros;x;
16715;81;202;77;Csíksomlyó;x;
16716;80;186;169;Tartód;x;
16717;190;82;169;Barcarozsnyó;x;
16718;37;189;240;Felsoviso;x;
16719;237;211;124;Valkovar;x;
16720;148;63;159;Doboka;x;
16721;173;35;50;Agnita;x;
16722;210;107;136;Marktschelken;x;
16723;32;55;233;Talmesch;x;
16724;40;12;52;Reußmarkt;x;
16725;159;157;94;Broos;x;
16726;187;67;177;Salgo;x;
16727;108;209;155;Gârbova;x;
16728;233;132;58;Bârgău-Kelemen;x;
16729;33;87;20;Nagysármás;x;
16730;184;231;199;Lapos;x;
16731;87;140;102;Laposbanya;x;
16732;12;90;95;Nyáradszereda;x;
16733;49;157;5;Erdőszentgyörgy;x;
16734;138;42;175;Torjavására;x;
16735;250;117;118;Miklósvár;x;
16736;185;219;8;Szentegyháza;x;
16737;182;106;131;Léta;x;
16738;237;209;211;Zervae;x;
16739;183;168;17;Maglizh;x;
16740;20;207;177;Kopsis;x;
16741;56;224;143;Sopotos;x;
16742;124;199;60;Nestram;x;
16743;72;106;197;Gostima;x;
16744;110;237;234;Maximianai;x;
16745;204;128;248;Kalpe;x;
16746;45;251;244;Kedainiai-Krekenava;x;
16747;66;36;249;Kelme-Rietavas;x;
16748;138;202;236;Dubysa;x;
16749;122;120;246;Maštaičiai;x;
16750;60;217;74;Taurage-Pilsotas;x;
16751;116;13;65;Reichenau;x;
16752;216;23;99;Appenzell;x;
16753;19;119;58;Dunavgrad;x;
16754;226;224;61;Menton;x;
16755;210;25;52;Oxyneia;x;
16756;239;155;165;Argitheia;x;
16757;90;56;89;Arkhelais;x;
16758;37;119;243;Colmenar;x;
16759;66;83;243;Bayuela;x;
16760;165;240;7;Sorkheh;x;
16761;57;28;204;Qumis;x;
16762;156;239;25;Asif en Law;x;
16763;163;102;129;Gay;x;
16764;147;223;188;Koptos;x;
16765;109;48;137;Arane-Gundusa;x;
16766;87;133;238;Bartanissa;x;
16767;62;6;68;Mertikerton;x;
16768;76;141;123;Bagayarich-Bagarizaka;x;
16769;66;28;163;Shakhimardan;x;
16770;254;21;85;Pop;x;
16771;78;66;179;Rishtan;x;
16772;145;208;157;Namangan;x;
16773;22;110;205;Rustak Varagsar;x;
16774;193;103;8;Akjar;x;
16775;109;203;121;Sakabos;x;
16776;239;134;216;Mukhrani;x;
16777;34;218;76;Berdik;x;
16778;195;154;54;Dmanisi-Kyeshi;x;
16779;44;61;179;Tsalka;x;
16780;48;207;64;Kharnabuji-Bodbe;x;
16781;231;168;143;Ujarma-Gagi;x;
16782;247;180;148;Bijnisi;x;
16783;57;253;17;Amberd;x;
16784;157;88;106;Nektesi-Zhinvani;x;
16785;109;43;114;Tianeti-Pankisi;x;
16786;166;156;27;Trialeti;x;
16787;221;207;93;Sanig;x;
16788;42;101;136;Mokvi;x;
16789;249;250;34;Soskert;x;
16790;250;82;157;Kot;x;
16791;198;229;141;Sevanavank;x;
16792;33;146;211;Shahaponk;x;
16793;9;219;55;Kumayri-Gegham;x;
16794;98;171;90;Balaberd;x;
16795;101;110;95;Valarshapat;x;
16796;143;113;154;Armavir;x;
16797;191;189;62;Artashat-Colakert-Kolb;x;
16798;209;67;195;Artagers;x;
16799;97;146;213;Partez;x;
16800;181;157;147;Salmas-Kahriz;x;
16801;49;96;232;Shirakan;x;
16802;78;149;180;Khinisi-Varazhnunik;x;
16803;10;161;192;Habtzitzin;x;
16804;38;172;206;Sevuki;x;
16805;30;155;60;Salkora;x;
16806;243;36;93;Qatur;x;
16807;166;184;114;Hakkari-Alki;x;
16808;56;29;181;Amedi;x;
16809;76;82;248;Tall-Haftun-Aqra;x;
16810;186;100;164;Mahkert;x;
16811;141;111;47;Kart'unis;x;
16812;199;65;125;Bagisara;x;
16813;87;239;157;Turbat;x;
16814;98;113;90;Naoshera;x;
16815;149;55;100;Lohara;x;
16816;4;226;161;Ramnagar;x;
16817;76;119;4;Arjesh-Zarishat;x;
16818;233;49;111;Tateon;x;
16819;121;36;154;Zarehawan;x;
16820;138;50;70;Kogovit;x;
16821;241;42;138;Sewan-Archishak;x;
16822;77;77;135;Hayk';x;
16823;78;232;52;Hadamakert;x;
16824;65;113;58;Kangvar;x;
16825;157;173;168;Kecan;x;
16826;253;155;173;Hoyt';x;
16827;167;25;238;Artaz;x;
16828;2;40;79;Mardpetakan;x;
16829;223;35;131;Glakavank;x;
16830;54;91;149;Kintail;x;
16831;238;155;84;Lochcarron;x;
16832;26;129;38;Jiwnkert;x;
16833;151;135;107;Hisn;x;
16834;71;5;161;Saird;x;
16835;123;84;183;Lorne;x;
16836;194;236;194;Appin;x;
16837;148;39;214;Dunstaffnage;x;
16838;93;10;220;Varzahan;x;
16839;100;185;116;Akbunghar;x;
16840;28;11;105;Tayk;x;
16841;20;35;150;Sarata;x;
16842;147;159;150;Famars;x;
16843;133;93;46;Venchan;x;
16844;238;250;14;Patleina;x;
16845;62;193;155;Vardun;x;
16846;218;36;103;Surazichi-Chachersk;x;
16847;208;165;197;Debryansk-Vshchizh;x;
16848;220;221;94;Bezhichi;x;
16849;98;124;188;Rogachev;x;
16850;191;169;75;Streshin;x;
16851;157;189;179;Drokov;x;
16852;174;45;14;Zaroy;x;
16853;56;179;203;Roslavl-Izyaslavl;x;
16854;218;217;171;Pacyn';x;
16855;108;159;130;Rylsk-L'gov;x;
16856;133;165;138;Hoten;x;
16857;203;53;151;Oboyan-Rimov;x;
16858;235;173;221;Chally-Kala-Hotmyshl;x;
16859;240;106;190;Vejahan;x;
16860;54;8;155;Lipetsk-Ryazhsk;x;
16861;182;131;160;Pronsk-Liharevo;x;
16862;247;30;187;Izheslavl;x;
16863;12;142;170;Borisoglebov;x;
16864;89;116;71;Rostislavl-Venev;x;
16865;55;173;76;Dedoslavl;x;
16866;251;31;32;Ksnjatin-Gorodok;x;
16867;124;174;2;Dubna;x;
16868;54;159;208;Radonezh;x;
16869;104;52;246;Vertyazin;x;
16870;245;253;184;Lukovit-Tsakonitsa;x;
16871;239;73;81;Koropassos;x;
16872;166;249;226;Podil;x;
16873;100;211;223;Jangil;x;
16874;143;203;60;Jarawa;x;
16875;181;246;72;Bojigyab;x;
16876;234;44;119;Yerewa-Hantuman;x;
16877;98;99;139;Onge;x;
16878;212;58;199;Nakkavaram;x;
16879;11;136;5;Kamorta;x;
16880;223;103;89;Drafn-Skaun;x;
16881;185;140;46;Tyri;x;
16882;181;139;76;Heddall;x;
16883;161;49;147;Vestmar;x;
16884;48;39;241;Drangadalr;x;
16885;230;73;220;Tyridalr;x;
16886;224;241;128;Josurheidr;x;
16887;149;253;17;Telamork;x;
16888;99;80;67;Sauda;x;
16889;127;254;90;Gand;x;
16890;254;89;162;Rumlaborg-Vista;x;
16891;169;81;71;Tveta;x;
16892;244;208;168;Eksjo-Vedbo;x;
16893;201;59;64;Aspeland;x;
16894;160;190;176;Borgund;x;
16895;165;161;160;Veøya;x;
16896;69;194;41;Surnadalr;x;
16897;128;203;37;Smyl;x;
16898;198;59;89;Senja;x;
16899;78;177;142;Andey;x;
16900;64;76;127;Langey;x;
16901;185;66;22;Lofotr;x;
16902;29;147;208;Faxaholm;x;
16903;48;143;31;Degerby;x;
16904;229;170;43;Austrått;x;
16905;97;12;59;Fólgsn;x;
16906;149;230;135;Bjarnaurar;x;
16907;243;185;135;Agðanes;x;
16908;59;157;169;Rein;x;
16909;139;216;62;Værnes;x;
16910;100;246;214;Skaun-Skogn;x;
16911;114;107;112;Skeynafylki;x;
16912;226;32;1;Verran;x;
16913;97;163;211;Stiklestad-Mære;x;
16914;177;18;105;Steinker;x;
16915;130;47;43;Sparbyggjafylki;x;
16916;131;236;162;Meðalhúsar;x;
16917;15;122;34;Frosta;x;
16918;170;245;41;Ljoxa;x;
16919;248;160;74;Selja;x;
16920;52;191;240;Lade;x;
16921;69;214;58;Husastadir;x;
16922;217;215;53;Hallkjelsvík;x;
16923;61;0;245;Brunnback-Gudsberg;x;
16924;48;187;60;Arboga;x;
16925;236;230;222;Borganäs;x;
16926;242;181;135;Vala;x;
16927;186;235;145;Vendel;x;
16928;37;140;165;Simtuna;x;
16929;244;102;141;Lagund;x;
16930;96;32;78;Trogds;x;
16931;252;59;33;Sollentuna;x;
16932;200;5;204;Tromoy;x;
16933;179;232;173;Haugar;x;
16934;4;192;53;Porcia;x;
16935;150;216;20;Toblino;x;
16936;139;128;252;Kaltern-Caldaro;x;
16937;164;118;206;Arpa;x;
16938;145;238;182;Khram;x;
16939;44;156;59;Khoshakunik;x;
16940;50;76;175;Grham;x;
16941;25;211;50;Barsum;x;
16942;23;225;181;Jermuk;x;
16943;145;184;52;Tatev;x;
16944;145;62;194;Baghk;x;
16945;75;16;24;Amaras;x;
16946;171;51;144;Khachen-Zarisht;x;
16947;83;97;103;Alewan;x;
16948;67;113;69;Mardanagom;x;
16949;156;130;60;Kharvanaq;x;
16950;153;235;235;Getashen;x;
16951;206;161;118;Sambalut-Gumik;x;
16952;67;38;156;Durdzukia-Simsir;x;
16953;196;213;96;Sarir;x;
16954;3;146;187;Kaitag;x;
16955;105;47;225;Philan;x;
16956;69;167;225;Galičnik;x;
16957;189;125;190;Krotoszyn;x;
16958;218;153;236;Goldeck;x;
16959;85;163;130;Lesnica;x;
16960;198;163;194;Arendsee;x;
16961;155;158;208;Alcalá de los Gazules;x;
16962;185;121;206;Saracatín;x;
16963;242;191;139;Arahal;x;
16964;187;117;32;Ostilia;x;
16965;43;149;155;Cartaya;x;
16966;105;25;130;;Molina-de-Segura;x;
16967;165;84;166;Paradas;x;
16968;178;186;209;Estepa;x;
16969;158;222;84;Cartama;x;
16970;33;41;81;Jodar;x;
16971;173;23;36;Balazote;x;
16972;240;106;254;Tejada;x;
16973;226;220;8;Sulmona;x;
16974;130;139;14;Falkenau;x;
16975;194;119;109;Preci;x;
16976;1;153;98;Vartofta;x;
16977;56;79;40;Tarstaborg;x;
16978;64;146;244;Gop;x;
16979;82;153;75;Shukaraba;x;
16980;44;73;208;Sareisa-Aribacha;x;
16981;130;43;63;Alki;
16982;81;139;20;Xizan;x;
16983;12;21;184;Chapaghjur;x;
16984;58;212;158;Anzitene;x;
16985;47;118;66;Anzita;x;
16986;101;175;135;Hark;x;
16987;242;178;179;Kahriz-Surenapat;x;
16988;177;6;220;Marakert;x;
16989;182;18;211;Babak;x;
16990;225;41;13;Kanzaq;x;
16991;70;233;107;Sarab-Warzaqan;x;
16992;241;83;129;Bijar;x;
16993;250;136;5;Afshar;x;
16994;19;150;199;Baljiman;x;
16995;3;123;241;Saray-Gülistan;x;
16996;196;52;248;Moshaik;x;
16997;97;22;206;Jerlev;x;
16998;149;133;75;Barvith;x;
16999;228;153;225;Lyung;x;
17000;211;6;88;Stevns;x;
17001;211;6;87;Ods;x;
17002;211;6;86;Sodk;x;
17003;211;6;85;Alempois;x;
17004;211;6;84;Jarva;x;
17005;211;6;83;Jogentagana;x;
17006;121;254;4;Leole;x;
17007;211;6;82;Stavanger-Kleppr;x;
17008;211;6;81;Gulaþing;x;
17009;211;6;80;Heyangr;x;
17010;211;6;79;Laeradalr;x;
17011;121;254;5;Aurland;x;
17012;211;6;78;Vangr;x;
17013;211;6;77;Lygra;x;
17014;211;6;76;Sotr;x;
17015;211;6;75;Ullinsvangr;x;
17016;211;163;6;Hordavik;x;
17017;211;6;74;Asarall;x;
17018;22;153;225;Mandal;x;
17019;211;6;73;Tonstad;x;
17020;211;6;72;Maron;x;
17021;211;6;71;Safran;x;
17022;211;6;70;Sueth;x;
17023;211;7;69;Qaqun;x;
17024;211;7;68;Gezer;x;
17025;211;7;70;Qustul;x;
17026;211;153;25;Gebel Adda;x;
17027;211;7;7;Meroe;x;
17028;211;1;11;Zaydab;x;
17029;2;153;1;Qerri;x;
17030;2;153;2;Hartum;x;
17031;2;153;3;Naqa;x;
17032;228;3;225;Aborepi;x;
17033;228;4;225;Bayuda;x;
17034;228;5;225;Umbukole;x;
17035;2;153;12;Gurayf;x;
17036;211;44;225;Kalamita;x;
17037;228;6;7;Aq Qaya;x;
17038;228;99;99;Trikata;x;
17039;228;99;98;Helme;x;
17040;228;99;97;Leal-Soontagana;x;
17041;6;6;225;Sangaste;x;
17042;6;6;224;Saarde;x;
17043;6;7;225;Tapiau-Allenburg;x;
17044;228;66;225;Domnau;x;
17045;6;8;225;Bartenstein-Gedrauen;x;
17046;228;233;3;Sensburg;x;
17047;5;153;225;Seeburg;x;
17048;228;14;225;Willenberg;x;
17049;228;13;225;Wizna-Radziłów;x;
17050;228;3;3;Resel;x;
17051;228;3;215;Barten;x;
17052;228;4;1;Norkitten;x;
17053;228;227;1;Asvenai;x;
17054;228;226;1;Raqqada-Faid;x;
17055;228;12;13;Korba;x;
17056;228;229;3;Morathing;x;
17057;228;229;4;Vallentuna;x;
17058;5;229;5;Frötuna;x;
17059;5;229;6;Koskela;x;
17060;5;229;7;Virolahti;x;
17061;5;229;8;Lohja;x;
17062;6;44;225;Arikottara;x;
17063;6;45;225;Chitradurga;x;
17064;5;153;11;Koukou;x;
17065;5;153;13;Lares;x;
17066;228;5;11;Tituli;x;
17067;228;5;12;Sened;x;
17068;5;153;12;Cova;x;
17069;5;153;14;Sendraka;x;
17070;228;15;225;Gangavadi;x;
17071;228;16;225;Kolar;x;
17072;228;17;225;Kitthipura;x;
17073;228;5;1;Triparvata;x;
17074;228;233;225;Punnad;x;
17075;55;153;55;Bayalnad;x;
17076;228;4;4;Kuzhumur;x;
17077;228;4;5;Kaliyar;x;
17078;228;5;6;Ayirur;x;
17079;228;5;4;Angadipuram;x;
17080;228;231;3;Parappanad;x;
17081;228;254;225;Chaliyar;x;
17082;228;6;225;Kakatiya;x;
17083;228;249;225;Hanumakonda;x;
17084;228;153;4;Sthambadri;x;
17085;228;248;225;Narsampet;x;
17086;228;153;5;Narsapuram;x;
17087;228;153;6;Jangaon;x;
17088;228;221;225;Amangal;x;
17089;228;7;225;Tagara;x;
17090;228;8;225;Bammakuru;x;
17091;228;9;225;Akkalkot;x;
17092;228;155;225;Ajanta;x;
17093;228;3;11;Yadava;x;
17094;228;3;12;Nilanga;x;
17095;228;3;13;Wargal;x;
17096;228;3;7;Dakka;x;
17097;228;3;8;Agbor;x;
17098;228;223;4;Ebu;x;
17099;228;223;5;Aboh;x;
17100;228;153;44;Aguleri;x;
17101;228;4;44;Awka;x;
17102;228;4;45;Nsukka-Enugu;x;
17103;228;4;46;Owerri;x;
17104;228;229;13;Nri;x;
17105;228;3;19;Sapele;x;
17106;228;3;18;Warri;x;
17107;228;239;225;Obiariku;x;
17108;6;153;225;Urhobo;x;
17109;7;153;225;Ughelli;x;
17110;7;153;7;Agbon;x;
17111;8;153;225;Ughoton;x;
17112;9;153;225;Igodomigodo;x;
17113;228;193;225;Udo;x;
17114;11;153;225;Sapele-Isoko;x;
17115;228;153;16;Uyo;x;
17116;228;223;225;Aba-Ukwu;x;
17117;228;31;3;Abak;x;
17118;228;32;3;Aro;x;
17119;228;253;3;Bende-Afikpo;x;
17120;12;153;225;Oron;x;
17121;228;153;3;Ajalli;x;
17122;228;153;14;Bonny;x;
17123;228;153;15;Unwana;x;
17124;228;133;16;Brass;x;
17125;228;133;15;Akassa;x;
17126;228;4;11;Ogbia;x;
17127;228;77;225;Abomey-Ardra;x;
17128;228;76;225;Oueme;x;
17129;228;75;225;Popo;x;
17130;228;74;225;Auchi;x;
17131;228;73;225;Lokoja;x;
17132;228;72;225;Akure;x;
17133;228;71;225;Efon;x;
17134;4;4;225;Ado-Ewi;x;
17135;4;5;225;Apomu;x;
17136;5;4;225;Ede;x;
17137;5;5;225;Ogere;x;
17138;6;16;225;Odigbo;x;
17139;228;199;225;Ilaje;x;
17140;228;198;225;Uromi;x;
17141;228;197;225;Ukwuani;x;
17142;228;200;225;Aro;x;
17143;228;201;225;Ekoi;x;
17144;4;153;1;Ogoja;x;
17145;228;33;3;Ibibo;x;
17146;228;221;223;Ibom;x;
17147;228;229;225;Umaisha;x;
17148;228;228;225;Tvi;x;
17149;226;5;11;Katsina-Ala;x;
17150;226;5;12;Jakun;x;
17151;226;5;13;Nasarawa;x;
17152;221;4;11;Oinaion-Themiskyra;x;
17153;221;5;11;Sauronisena-Kabeira;x;
17154;228;239;221;Kizari;x;
17155;228;239;222;Chadisia;x;
17156;228;239;223;Chalybia;x;
17157;228;239;224;Basgoedariza;x;
17158;228;239;220;Danae;x;
17159;228;238;220;Ischopolis;x;
17160;228;237;220;Therma;x;
17161;228;3;17;Galea;x;
17162;228;236;220;Aliassum;x;
17163;228;230;215;Tessawa;x;
17164;228;230;216;Konni-Leka;x;
17165;228;230;217;Argungu;x;
17166;221;3;16;Gwandu;x;
17167;228;231;225;Gummi-Jega;x;
17168;222;2;1;Donko;x;
17169;222;2;12;Tsohon Birni;x;
17170;222;2;13;Magaria;x;
17171;228;249;235;Kwiambana;x;
17172;228;249;234;Kusheriki;x;
17173;238;3;111;Tegina;x;
17174;238;4;111;Akere;x;
17175;238;5;111;Abuja;x;
17176;238;6;111;Agaie;x;
17177;221;253;3;Lapai;x;
17178;222;253;3;Nok;x;
17179;223;253;3;Ghana;x;
17180;3;4;211;Nasarawa;x;
17181;248;4;4;Taruga;x;
17182;3;153;225;Lafia;x;
17183;228;253;237;Akwanga;x;
17184;228;6;9;Tarok;x;
17185;228;253;233;Bakundi;x;
17186;228;253;232;Yola;x;
17187;7;253;225;Gassol;x;
17188;228;3;1;Yankari;x;
17189;228;93;225;Pindiga;x;
17190;14;244;4;Tera;x;
17191;238;150;225;Bolewa;x;
17192;228;159;225;Waja;x;
17193;4;11;23;Burmi;x;
17194;5;15;225;Gobir;x;
17195;228;45;11;Sabon Birmi;x;
17196;228;45;12;Minna;x;
17197;228;44;12;Zaria;x;
17198;228;44;13;Durum;x;
17199;228;44;14;Warji;x;
17200;228;44;15;Kura;x;
17201;228;44;16;Lere;x;
17202;228;44;17;Hadejia;x;
17203;228;79;85;Kiru;x;
17204;128;133;85;Bichi;x;
17205;228;103;85;Kazaure;x;
17206;227;103;85;Tsohon;x;
17207;226;103;85;Matsena;x;
17208;128;102;85;Saint-Éloi;x;
17209;128;101;85;Gouarec;x;
17210;128;100;85;Baud;x;
17211;128;199;85;Moreac;x;
17212;128;198;85;Arzon;x;
17213;128;197;85;Honort;x;
17214;128;196;85;Vendelais;x;
17215;128;109;85;Conquet;x;
17216;128;108;85;Penhoat;x;
17217;127;103;85;Fatika-Birnin-Kogo;x;
17218;126;103;85;Yandoto;x;
17219;233;237;237;Igawa;x;
17220;233;1;7;Doro;x;
17221;233;2;7;Rubu;x;
17222;125;103;85;Ruma;x;
17223;124;103;85;Akere-Mariga;x;
17224;233;13;7;Zugurma;x;
17225;123;103;85;Goure;x;
17226;234;153;85;Damagaram;x;
17227;123;103;83;Damergu;x;
17228;234;153;83;Aderbissinat;x;
17229;239;9;11;Mirriah;x;
17230;239;9;12;Ingal;x;
17231;239;10;12;Udo;x;
17232;239;103;239;Sapoba;x;
17233;239;104;239;Mahin;x;
17234;239;10;13;Ondo;x;
17235;128;143;85;Osi;x;
17236;244;103;85;Kisi;x;
17237;244;104;85;Ikorodu;x;
17238;244;105;85;Ekpe;x;
17239;249;9;1;Obudu;x;
17240;249;249;1;Ogoja;x;
17241;198;103;85;Ezza;x;
17242;198;203;84;Adoka;x;
17243;198;243;85;Igumale;x;
17244;128;103;185;Takum;x;
17245;138;103;85;Kiawa;x;
17246;148;103;85;Anka;x;
17247;248;43;85;Wasagu;x;
17248;4;193;85;Kontokoro;x;
17249;5;193;85;Koko;x;
17250;128;199;185;Wase;x;
17251;128;199;184;Bida;x;
17252;128;133;185;Akpa;x;
17253;128;133;186;Iga;x;
17254;238;103;85;Dekina;x;
17255;248;103;85;Ankpa;x;
17256;228;1;77;Buraydah;x;
17257;188;103;85;Dakingari;x;
17258;128;233;185;Kiawa-Zurmi;x;
17259;128;233;186;Rabah;x;
17260;128;233;184;Jigawa;x;
17261;128;233;183;Jahun;x;
17262;128;233;182;Azare-Jama'are;x;
17263;6;24;71;Potiskum;x;
17264;6;24;72;Kogu;x;
17265;6;24;73;Kagha;x;
17266;6;24;74;Kawuri;x;
17267;6;24;75;Musune;x;
17268;9;103;185;Marte;x;
17269;238;3;11;Mongonu;x;
17270;6;24;76;Damasak;x;
17271;6;24;77;Bornu;x;
17272;128;193;85;Anumma;x;
17273;228;73;85;Damaturu;x;
17274;68;203;85;Kerri-Kerri;x;
17275;68;203;86;Diakam-Gumsa;x;
17276;248;7;44;Garingada;x;
17277;1;2;235;Dagambi;x;
17278;228;203;245;Jiri;x;
17279;238;1;6;Bedde;x;
17280;1;2;231;Lere;x;
17281;1;2;232;Warji;x;
17282;1;2;233;Ajawa;x;
17283;1;2;234;Kaltungo;x;
17284;178;173;85;Suran;x;
17285;178;174;85;Al-Kahf;x;
17286;228;103;185;Al-Qadmus;x;
17287;198;13;85;Qasr al-Hayr al-Sharqi;x;
17288;198;14;85;Qasr al-Hayr al-Gharbi;x;
17289;148;143;85;Kales;x;
17290;118;103;85;Gallicanon;x;
17291;48;103;185;Marlik;x;
17292;4;72;1;Hanitha;x;
17293;4;72;2;Beth Nuhadra;x;
17294;4;72;3;Baduspan;x;
17295;4;72;4;Natil;x;
17296;4;72;5;Biyar-Badhash;x;
17297;178;163;85;Azadhwar;x;
17298;4;72;6;Qumis;x;
17299;4;72;7;Napata;x;
17300;4;73;7;Merowe;x;
17301;4;103;85;Daraw;x;
17302;4;103;84;Al-Sahba;x;
17303;128;233;3;Uhud;x;
17304;128;233;4;Buhran;x;
17305;128;233;5;Shabakhtan;x;
17306;3;11;185;Sumatar;x;
17307;128;133;65;Savur;x;
17308;128;103;65;Zygra;x;
17309;128;103;80;Dayr Aba Maqār;x;
17310;128;103;81;Toshka;x;
17311;128;103;82;Qabqabah;x;
17312;128;103;83;Semna-Mirgissah;x;
17313;128;103;84;Akasha-Kumma;x;
17314;228;103;84;Dal;x;
17315;228;103;83;Nauri;x;
17316;8;103;85;Hannek;x;
17317;8;103;84;Wahaba;x;
17318;88;103;85;Sesebi;x;
17319;78;103;85;Abkur;x;
17320;77;103;85;Bakhit;x;
17321;77;103;86;Deiga;x;
17322;200;1;22;Sanam;x;
17323;200;1;23;Suegi;x;
17324;200;1;24;Kuweib;x;
17325;200;1;25;El-Ar;x;
17326;200;1;26;Patinga;x;
17327;200;103;85;Banganarti;x;
17328;201;103;85;Mikeisir;x;
17329;202;103;85;Gandeisi;x;
17330;202;13;85;Sakole;x;
17331;202;104;85;Nakhara;x;
17332;202;105;85;Meroe-Mutmir;x;
17333;202;106;85;Hosh El-Kafir;x;
17334;202;107;85;Naqa;x;
17335;202;108;85;Adarama;x;
17336;202;109;85;Geteina;x;
17337;203;103;85;Hammam Righa;x;
17338;203;104;85;Tigava;x;
17339;203;105;85;Sufasar;x;
17340;177;7;7;Ben Hawa;x;
17341;177;7;6;Kalle;x;
17342;128;193;9;Tillaberi-Kollo;x;
17343;128;193;8;Yatakala;x;
17344;128;193;7;Tessit;x;
17345;128;193;6;Dargol;x;
17346;128;193;5;N'Tillit;x;
17347;128;193;4;Kanam;x;
17348;128;193;3;Ruwaya;x;
17349;128;193;2;Mangari;x;
17350;128;193;1;Yamia;x;
17351;248;22;2;Birni N'Gafata;x;
17352;248;22;3;Lada;x;
17353;1;222;1;Kadzell;x;
17354;128;193;11;Afade;x;
17355;248;22;4;Ndufu;x;
17356;248;22;5;Amsaka;x;
17357;248;22;6;Kirawa;x;
17358;248;22;7;Sao;x;
17359;248;22;8;Mandague;x;
17360;248;22;9;Kulu;x;
17361;248;23;9;Mser;x;
17362;248;248;85;Lagwan;x;
17363;128;233;85;Giziga;x;
17364;128;234;85;Fitri;x;
17365;128;235;85;N'guri;x;
17366;218;218;85;Ngizim;x;
17367;128;236;85;Kalo;x;
17368;128;237;85;Bari-Kanem;x;
17369;128;238;85;Kawal;x;
17370;250;238;85;Ikima;x;
17371;128;239;85;Jimi;x;
17372;251;103;85;Ago;x;
17373;252;103;85;Ririkmi;x;
17374;252;252;85;Siki;x;
17375;252;9;85;Kasuda;x;
17376;252;251;85;Beri;x;
17377;252;1;7;Kiyayaka;x;
17378;252;1;8;Duguwa;x;
17379;252;252;9;Yitukurma;x;
17380;252;252;8;Shoma;x;
17381;252;252;7;Kaarta;x;
17382;252;252;6;Keita;x;
17383;252;104;85;Hajin;x;
17384;252;105;85;Furdah;x;
17385;252;106;85;Bajisra;x;
17386;252;107;85;Dawrakistan;x;
17387;252;252;80;Sulaymanan;x;
17388;128;252;85;Jubba;x;
17389;128;252;86;Dokhtar;x;
17390;128;252;87;Rahmanniyeh;x;
17391;128;252;88;Atashgah;x;
17392;128;252;89;Ardakan;x;
17393;252;101;85;Khorramabad;x;
17394;252;102;85;Samshiborid;x;
17395;252;108;85;Dizful;x;
17396;252;109;85;Mokwa;x;
17397;199;103;85;Epe;x;
17398;197;103;85;Owu;x;
17399;199;199;85;Iwo;x;
17400;199;198;85;Batorkeszi;x;
17401;199;197;85;Alusah;x;
17402;199;196;85;Harba;x;
17403;199;195;85;Karme;x;
17404;199;194;85;Mamuniyah;x;
17405;199;193;85;Juhaina;x;
17406;199;192;85;Beth Waziq;x;
17407;199;191;85;Tirhan;x;
17408;222;2;85;Sudakaniyah;x;
17409;222;3;85;Khaniqin;x;
17410;222;222;85;Qasr Shirin;x;
17411;222;221;85;Lashom;x;
17412;222;4;85;Kalar;x;
17413;222;5;85;Nurabad;x;
17414;222;223;85;Alishtar;x;
17415;222;224;85;Maybahradj;x;
17416;222;225;85;Delijan;x;
17417;222;226;85;Gurgan;x;
17418;178;103;85;Elba;x;
17419;228;203;85;Kuban;x;
17420;228;206;85;Kleshchin;x;
17421;7;7;86;Kasplya;x;
17422;228;7;7;Khlepen;x;
17423;223;223;1;Porechye;x;
17424;7;7;87;Verzhavsk;x;
17425;7;7;88;Nerehta;x;
17426;233;7;17;Kostroma-Sudislav;x;
17427;249;248;1;Stříbrná Skalice;x;
17428;249;249;249;Talmberk;x;
17429;7;7;185;Veksa;x;
17430;7;103;7;Tenedos;x;
17431;7;103;8;Karyes;x;
17432;7;103;9;Gordos;x;
17433;7;103;6;Corbara;x;
17434;244;244;85;Balagna;x;
17435;244;245;85;Nebbio;x;
17436;244;246;85;Ornano;x;
17437;7;7;85;Boulawan;x;
17438;7;77;87;Fazaz;x;
17439;7;77;85;Rehamna;x;
17440;7;77;86;Aṣ-Ṣawīra;x;
17441;228;203;65;Talmest;x;
17442;228;203;66;Shishawa;x;
17443;228;203;67;Zemamra;x;
17444;255;1;85;Tamasna;x;
17445;255;1;84;Manama;x;
17446;255;1;83;Dukhan;x;
17447;255;239;85;Hawar;x;
17448;255;9;13;Rusocin;x;
17449;128;128;85;Oliwa;x;
17450;255;239;14;Gdynia;x;
17451;255;239;15;Przasnysz;x;
17452;255;254;85;Bela;x;
17453;1;254;85;Skierniewice;x;
17454;1;254;84;Żuromin;x;
17455;1;254;83;Nowogród;x;
17456;254;1;85;Kurpie;x;
17457;254;231;251;Ostrołęka;x;
17458;254;232;85;Ratne;x;
17459;254;233;85;Biala;x;
17460;254;234;85;Turiysk;x;
17461;254;235;85;Olyka;x;
17462;254;236;85;Polkosten;x;
17463;254;237;85;Baruch;x;
17464;254;238;85;Nosov;x;
17465;233;1;17;Vsevolozh;x;
17466;233;233;85;Bakhmach;x;
17467;233;234;85;Glinsk;x;
17468;254;1;16;Soknyatin;x;
17469;254;1;17;Lukomyl;x;
17470;254;1;18;Kochów;x;
17471;254;103;85;Żelechów;x;
17472;254;104;85;Łęczna;x;
17473;254;105;85;Zamość;x;
17474;254;106;85;Radomyśl;x;
17475;254;102;85;Iherir;x;
17476;254;101;85;Tamanrasset;x;
17477;128;5;85;Air-Route;x;
17478;238;63;85;Hvammur;x;
17479;233;233;17;Ísafjörður;x;
17480;128;183;85;Barðastrand;x;
17481;128;184;85;Haukadalr;x;
17482;128;185;85;Grímsnes;x;
17483;138;93;85;Oddi;x;
17484;138;99;85;Húnaþing;x;
17485;138;98;85;Örlygsstaðir;x;
17486;249;12;7;Staðarhóll;x;
17487;249;13;7;Víðimýri;x;
17488;249;249;85;Skagafjörður;x;
17489;168;103;85;Solvesborg;x;
17490;168;104;85;Lyko;x;
17491;3;99;185;Mulathing;x;
17492;127;143;85;Killaloe;x;
17493;127;142;85;Bruree;x;
17494;238;142;85;Kenry;x;
17495;238;141;85;Da Chainoc;x;
17496;128;103;89;Knockmoy;x;
17497;128;103;88;Tulla;x;
17498;128;103;87;Kinvarra;x;
17499;233;233;81;Lon;x;
17500;233;3;13;Svinafell;x;
17501;233;233;82;Skafta;x;
17502;228;63;85;Pale;x;
17503;228;64;85;Pronnoi;x;
17504;228;65;85;Amphilokhia;x;
17505;228;66;85;Skione;x;
17506;228;67;85;Kassandreia;x;
17507;228;68;85;Glyke;x;
17508;228;69;85;Porta;x;
17509;188;188;188;Theudoria;x;
17510;188;133;188;Mantineia;x;
17511;188;133;189;Tzakonia;x;
17512;188;133;187;Sikinos;x;
17513;188;133;6;Ampelos;x;
17514;188;133;186;Brykous;x;
17515;188;133;5;Saros;x;
17516;188;133;7;Kymisala;x;
17517;246;133;85;Clonakilty;x;
17518;247;133;85;Iveragh;x;
17519;133;133;85;Killorglin;x;
17520;133;133;83;Dunmanus;x;
17521;133;133;84;Ardgroom;x;
17522;188;244;85;Luighne;x;
17523;244;4;11;Gailenga;x;
17524;244;5;11;Delbhna;x;
17525;248;133;85;Smina;x;
17526;189;133;85;Strobilos;x;
17527;187;133;85;Harpasa;x;
17528;186;133;85;Lagina;x;
17529;247;1;9;Labraunda;x;
17530;185;133;85;Euromos;x;
17531;184;133;85;Saleia;x;
17532;231;5;85;Kidrama;x;
17533;183;133;85;Lyrna;x;
17534;182;133;85;Araxa;x;
17535;245;24;24;Boubon;x;
17536;245;133;85;Khoma;x;
17537;244;133;85;Tymandos;x;
17538;244;132;85;Komama;x;
17539;244;14;14;Ariassos;x;
17540;244;14;13;Saraganda;x;
17541;244;14;12;Saporda;x;
17542;244;14;11;Pednelissos;x;
17543;244;14;15;Traianopolis;x;
17544;244;14;16;Ipsos;x;
17545;244;14;17;Sadagolthina;x;
17546;244;14;18;Sacoena;x;
17547;150;250;85;Sourmena;x;
17548;150;250;84;Trikomia;x;
17549;250;1;17;Dikaisimon;x;
17550;150;250;83;Vazelon;x;
17551;151;250;85;Cheriana;x;
17552;151;250;84;Kainon Chorion;x;
17553;151;251;85;Rattay;x;
17554;237;237;71;Sarnano;x;
17555;237;237;72;Gorican;x;
17556;1;133;85;Uttenheim;x;
17557;2;133;85;Pinzgau;x;
17558;3;133;85;Al-Jum'ah;x;
17559;4;133;85;Harib;x;
17560;188;133;199;Al-Bayda;x;
17561;189;131;85;Hajdah;x;
17562;188;133;165;Ahwan-Mudia;x;
17563;188;233;75;Nisab-Habban;x;
17564;198;133;85;Radstadt;x;
17565;199;199;250;Frauenburg;x;
17566;181;133;185;Ameland;x;
17567;231;199;199;Lagore;x;
17568;231;199;198;Airthir;x;
17569;231;231;231;Belcoo;x;
17570;128;133;95;Stabia;x;
17571;128;133;81;Balaiana;x;
17572;128;133;82;Fundimonte;x;
17573;188;188;181;Tuzara-Peresechen;x;
17574;188;188;85;Seghir;x;
17575;188;188;86;Badis;x;
17576;188;188;87;Gorron;x;
17577;188;188;88;Tell al-Arsan;x;
17578;188;188;89;Tharthar;x;
17579;188;178;85;Boyana;x;
17580;188;177;85;Urvich;x;
17581;188;176;85;Vitosha;x;
17582;188;175;85;Mokren;x;
17583;188;174;85;Maglizh;x;
17584;188;173;85;Erusheti;x;
17585;188;172;85;Tetrtsihe;x;
17586;233;172;85;Kajistsihe;x;
17587;188;222;85;Psebai;x;
17588;188;223;85;Etzeri-Shoana;x;
17589;222;133;85;Psyzh;x;
17590;223;133;85;Tatartopa;x;
17591;224;133;85;Cisterki;x;
17592;225;133;85;Aorsi;x;
17593;225;225;85;Upper Aorsi;x;
17594;225;224;85;Tiasmyn;x;
17595;225;223;85;Maladzyechna;x;
17596;224;103;85;Losk;x;
17597;224;102;85;Druya;x;
17598;224;101;85;Krutogorye;x;
17599;224;224;85;Dudichi;x;
17600;224;1;85;Turiysk;x;
17601;224;2;85;Peremyl';x;
17602;224;3;85;Rivne;x;
17603;224;224;224;Ostroh;x;
17604;224;4;85;Kremenec;x;
17605;224;5;85;Ushsk;x;
17606;224;224;81;Cotnari;x;
17607;224;1;81;Humor;x;
17608;224;2;81;Stefanesti;x;
17609;224;224;82;Dobrovat;x;
17610;224;3;81;Tutora;x;
17611;224;4;81;Targu Putnei;x;
17612;224;224;229;Hallam;x;
17613;224;9;9;Sayn;x;
17614;33;133;85;Saniana;x;
17615;34;133;85;Sarnath;x;
17616;233;11;17;Kolonai;x;
17617;233;11;18;Argiza;x;
17618;233;233;185;Tzympe;x;
17619;233;11;19;Ariste-Sittena;x;
17620;233;11;16;Aliana;x;
17621;233;11;15;Ariandos;x;
17622;244;15;15;Philan-Datuna;x;
17623;244;15;16;Oyskhara-Endirey;x;
17624;244;15;17;Kumyk;x;
17625;243;15;15;Maskut;x;
17626;243;243;85;Rutul;x;
17627;243;15;16;Tsakhur;x;
17628;243;242;85;Tabarsaran;x;
17629;243;243;223;Kaitag;x;
17630;243;16;15;Zirichgeran;x;
17631;243;211;11;Kuma;x;
17632;249;2;2;Kale-Kuma;x;
17633;249;2;31;Molokovo;x;
17634;243;213;11;Kholopy;x;
17635;3;213;11;Myshkin;x;
17636;243;3;31;Romanov;x;
17637;178;133;85;Yaroslavl-Timerovo;x;
17638;243;3;32;Sarskoye;x;
17639;243;213;1;Kideksha;x;
17640;243;213;2;Dinaburga;x;
17641;233;241;85;Kuli;x;
17642;5;241;85;Kubachi;x;
17643;6;241;85;Urkarakh;x;
17644;7;241;85;Ushkaloi;x;
17645;8;241;85;Beslan-Nazran;x;
17646;233;1;14;Khosta-Sochi;x;
17647;233;2;14;Ubykh;x;
17648;233;3;14;Tuapse;x;
17649;233;4;14;Mamkhegh;x;
17650;233;5;14;Uspa;x;
17651;249;133;85;Siba;x;
17652;233;133;85;Bezhdug;x;
17653;233;6;85;Kemgui;x;
17654;14;224;4;Makhosh;x;
17655;233;7;85;Khegayk;x;
17656;233;8;85;Betzini;x;
17657;233;9;85;Sauromateion;x;
17658;233;11;85;Kobelyak;x;
17659;233;12;85;Lövanger;x;
17660;233;13;85;Hog;x;
17661;233;14;85;Kinda;x;
17662;233;211;1;Sevede;x;
17663;211;211;211;Tjust;x;
17664;244;41;11;Nurmes;x;
17665;41;244;11;Lieksa;x;
17666;42;244;11;Iisalmi;x;
17667;43;244;11;Tyn;x;
17668;44;244;11;Koisug;x;
17669;45;244;11;Chubur;x;
17670;46;244;11;Kayala;x;
17671;47;244;11;Kalach;x;
17672;178;33;85;Hawazin;x;
17673;178;34;85;Juhaynah;x;
17674;188;133;185;Thaqif;x;
17675;188;133;181;Al-Baha;x;
17676;188;133;182;Yalamlam;x;
17677;188;133;183;Kinana;x;
17678;188;133;184;Al-Jar-Badr;x;
17679;188;133;15;Safra;x;
17680;188;133;16;Turaifa;x;
17681;188;133;17;Ushairah;x;
17682;188;133;18;Tázlár;x;
17683;228;133;85;Szállás;x;
17684;228;133;84;Csaba;x;
17685;188;153;85;Makó;x;
17686;188;154;85;Pilis-Szecső;x;
17687;188;155;85;Várkony;x;
17688;244;2;85;Nagykorosz-Újszász;x;
17689;244;3;85;Berény;x;
17690;188;113;85;Diosgyor;x;
17691;188;114;85;Kengyel;x;
17692;188;115;85;Parlag;x;
17693;4;44;185;Kysír;x;
17694;4;45;185;Zhizdra;x;
17695;4;46;185;Reyðarfjörður;x;
17696;4;47;185;Langanes;x;
17697;188;37;185;Tingeyrar;x;
17698;188;37;85;Eyjafjörður;x;
17699;188;38;85;Orlygsstadir;x;
17700;138;29;185;Húnavatn;x;
17701;138;28;185;Vatnsfjörður;x;
17702;244;103;185;Dalir;x;
17703;118;103;185;Hnappadal;x;
17704;138;13;185;Gréoux;x;
17705;138;14;185;Istres;x;
17706;138;15;185;Dieulefit;x;
17707;138;13;85;Vrgada;x;
17708;138;14;85;Vir;x;
17709;244;1;4;Klis;x;
17710;244;1;5;Palaiochora;x;
17711;244;1;6;Antikythera;x;
17712;241;1;1;Hydra;x;
17713;241;2;1;Perakhora;x;
17714;241;2;3;Dekeleia;x;
17715;242;103;185;Oboda;x;
17716;249;1;2;Mampsis;x;
17717;248;1;3;Nessana;x;
17718;248;1;2;Birsama;x;
17719;248;238;4;Nawa;x;
17720;248;238;5;Pella;x;
17721;248;238;1;Karatiyya;x;
17722;248;238;2;Masada;x;
17723;248;1;7;Engedi;x;
17724;248;238;3;Eglath;x;
17725;233;103;185;Eragiza;x;
17726;238;103;185;Qalansuwa;x;
17727;238;102;185;Aws;x;
17728;4;103;185;Tayy;x;
17729;5;103;185;Tilothis;x;
17730;6;103;185;Haql;x;
17731;7;71;185;Wirheal;x;
17732;138;7;7;Ringwood;x;
17733;138;7;8;Quiberon;x;
17734;138;8;7;Alderney;x;
17735;138;8;8;Groix;x;
17736;138;8;6;Kasthaneia;x;
17737;138;6;6;Trikerion;x;
17738;6;103;6;Armenion;x;
17739;6;103;7;Ktimene;x;
17740;6;103;8;Gonnoi;x;
17741;7;103;19;Homolion;x;
17742;138;7;13;Gyrton;x;
17743;138;7;14;Doliche;x;
17744;7;103;11;Prinkipos;x;
17745;8;103;7;Halone;x;
17746;8;103;8;Koroneia;x;
17747;8;103;9;Kresion;x;
17748;8;103;1;Seyitler;x;
17749;228;2;1;Chongar;x;
17750;138;228;185;Syvash;x;
17751;138;229;185;Tarkhankut;x;
17752;138;230;185;Karasubazar;x;
17753;138;231;185;Arabat;x;
17754;138;232;185;Dzhenich;x;
17755;138;233;185;Eski-Tavan;x;
17756;224;4;11;Aslan-Kermen;x;
17757;138;234;185;Kyzy-Kermen;x;
17758;138;235;185;Kraria;x;
17759;223;4;11;Igren;x;
17760;223;4;4;Kecel;x;
17761;223;4;5;Nefyn;x;
17762;222;4;5;Onsala;x;
17763;222;222;244;Kaupang;x;
17764;222;222;243;Holtar;x;
17765;222;222;242;Odinssalr;x;
17766;222;222;245;Alvsborg;x;
17767;222;222;246;Haddingjadalr;x;
17768;222;222;247;Alvdal;x;
17769;222;222;248;Nas;x;
17770;199;9;9;Edsholm-Visnum;x;
17771;222;222;188;Tanum;x;
17772;222;222;185;Elleholm;x;
17773;222;222;181;Ravlunda;x;
17774;222;222;182;Vestrgything;x;
17775;222;222;183;Dalby;x;
17776;222;222;184;Järrestad;x;
17777;245;5;5;Börringe;x;
17778;245;5;6;Skanor;x;
17779;231;232;7;Uppakra;x;
17780;231;232;6;Landskrone;x;
17781;231;232;5;Krapperup;x;
17782;231;232;4;Falster;x;
17783;231;221;4;Oulu;x;
17784;231;221;5;Puolanka;x;
17785;78;103;185;Paijala;x;
17786;198;103;185;Konnevesi;x;
17787;18;103;185;Viitasaari;x;
17788;234;103;185;Kallavesi;x;
17789;239;103;185;Lahti;x;
17790;242;199;199;Ramundeboda;x;
17791;241;199;199;Kumla;x;
17792;5;143;5;Hällestadaberg;x;
17793;4;143;5;Ringstaholm;x;
17794;4;143;4;Fågelvik;x;
17795;243;199;199;Ölme;x;
17796;206;51;21;Hornstrandir;x;
17797;226;224;216;Vifilsdal;x;
17798;226;225;216;Staður;x;
17799;225;225;216;Kjalarnes;x;
17800;226;226;216;Grindavík;x;
17801;206;51;22;Hvítá;x;
17802;226;151;16;Þjórsá;x;
17803;226;222;216;Þórisvatn;x;
17804;206;51;12;Ángulsstaðir;x;
17805;206;51;11;Skútustaðir;x;
17806;226;221;216;Seyðisfjörður;x;
17807;226;223;216;Suður-Múla;x;
17808;158;144;3;Sandoy;x;
17809;158;144;4;Eysturoy;x;
17810;158;144;5;Nordoyar;x;
17811;218;1;15;Culswick;x;
17812;218;111;15;Lerwick;x;
17813;209;3;11;Fetlar;x;
17814;209;4;11;Whalsay;x;
17815;209;111;11;Eswick;x;
17816;209;111;12;Fugley;x;
17817;48;44;66;Jarlshof;x;
17818;219;218;15;Shapinsay;x;
17819;219;8;15;Damsey;x;
17820;206;206;13;Rousay;x;
17821;218;218;15;Stronsay;x;
17822;219;7;15;Eday;x;
17823;168;69;66;Dungloe;x;
17824;36;52;36;Clones;x;
17825;219;18;19;Dufferin;x;
17826;219;8;19;Ards;x;
17827;219;9;19;Mourne;x;
17828;36;53;36;Mhuirthead;x;
17829;238;21;11;Aran;x;
17830;206;11;2;Fiodh Ard;x;
17831;206;11;1;Múscraí;x;
17832;208;1;111;Dirlot;x;
17833;202;22;115;Eddrachillis;x;
17834;206;206;5;Foulis;x;
17835;206;51;14;Torridon;x;
17836;206;51;4;Ruthven;x;
17837;236;236;35;Bhlàir;x;
17838;236;11;36;Balloch;x;
17839;236;236;36;Cuimrigh;x;
17840;168;64;66;Kilmahew;x;
17841;168;65;66;Kilpaitrick;x;
17842;168;66;66;Largs;x;
17843;202;22;116;Leven;x;
17844;202;21;3;Clachan;x;
17845;118;221;116;Claig;x;
17846;118;21;116;Asgaig;x;
17847;206;51;13;Ardnamurchan;x;
17848;219;8;17;Sunart;x;
17849;219;219;17;Arisaig;x;
17850;219;219;18;Raasay;x;
17851;219;8;18;Sleat;x;
17852;219;8;16;Carinish;x;
17853;219;219;16;Harris;x;
17854;17;71;96;Rhos;x;
17855;213;244;7;Llanhuadain;x;
17856;213;11;7;Eglwyswrw;x;
17857;57;171;96;Ystrad Fflur;x;
17858;237;3;96;Rhayader;x;
17859;208;44;96;Llanwrtyd;x;
17860;208;34;96;Carreg Cennen;x;
17861;186;186;6;Stretford;x;
17862;186;186;4;Deerhurst;x;
17863;186;186;5;Westbury;x;
17864;186;186;3;Kempsford;x;
17865;168;67;66;Tilbury;x;
17866;96;31;16;Portland;x;
17867;17;72;96;Hemreswel;x;
17868;136;51;66;Harton;x;
17869;136;51;67;Cynwit;x;
17870;206;231;76;Bampton;x;
17871;213;246;8;Dudley;x;
17872;213;143;7;Bromleage;x;
17873;213;144;7;Duffield;x;
17874;213;245;7;Rockingham;x;
17875;213;246;7;Upton;x;
17876;168;68;66;Skegness;x;
17877;206;231;77;Flamborough;x;
17878;96;32;16;Hunmanby;x;
17879;208;2;111;Keswick;x;
17880;208;3;111;Grizedale;x;
17881;208;4;111;Elsdon;x;
17882;58;44;111;Hartburn;x;
17883;186;186;7;Ebesham;x;
17884;226;11;15;Gravesham;x;
17885;226;211;15;Sutton;x;
17886;216;221;76;Tentwardene;x;
17887;226;11;16;Hythe;x;
17888;206;181;8;Thanet;x;
17889;226;212;15;Hawkesborough;x;
17890;136;51;68;Burne;x;
17891;136;51;69;Falmer;x;
17892;206;181;6;Shoreham;x;
17893;206;181;7;Worthing;x;
17894;176;173;16;Witsant;x;
17895;176;171;16;Quentovic;x;
17896;176;174;16;Ardres;x;
17897;206;11;76;Tournehem;x;
17898;158;144;166;Teulada;x;
17899;198;44;36;Sirai;x;
17900;128;44;166;Cixerri;x;
17901;238;244;66;Decimo;x;
17902;58;244;62;San Gavino;x;
17903;228;244;16;Montis;x;
17904;58;244;61;Siurgus;x;
17905;58;244;66;Quirra;x;
17906;58;224;66;Mandrolisai;x;
17907;58;44;226;Belvi;x;
17908;58;244;63;Montiferru;x;
17909;238;44;66;Anglona;x;
17910;6;182;76;Asinara;x;
17911;238;44;62;Faugnana;x;
17912;206;206;8;Motya;x;
17913;238;44;61;Alcamo;x;
17914;238;44;63;Castelvetrano;x;
17915;227;71;27;Aci;x;
17916;227;71;26;Mineo;x;
17917;227;31;94;Santo Niceto;x;
17918;227;71;92;Tauriana;x;
17919;227;31;93;Vibo;x;
17920;227;42;96;Cutro-Kyterion;x;
17921;227;41;96;Ciro-Krimisa;x;
17922;107;12;11;Sant'Arcangelo;x;
17923;107;11;12;Copertino;x;
17924;107;12;12;Ugento;x;
17925;66;151;77;Ordona;x;
17926;176;31;74;Vietri;x;
17927;158;12;66;Nocera;x;
17928;176;31;73;Praiano;x;
17929;228;44;5;Formia;x;
17930;111;111;66;Manoppello;x;
17931;242;242;73;Yelena;x;
17932;206;253;76;Koinyra;x;
17933;247;5;96;Chalastra;x;
17934;247;6;96;Gephyra;x;
17935;203;44;9;Aloros;x;
17936;158;44;67;Ikos;x;
17937;228;31;6;Anthedon;x;
17938;228;218;11;Pagai;x;
17939;6;72;72;Methana;x;
17940;188;72;72;Phanarion;x;
17941;5;71;72;Didima;x;
17942;5;71;71;Kiberion;x;
17943;76;176;151;Hagios Basileios;x;
17944;5;72;72;Spetsai;x;
17945;206;53;76;Isova;x;
17946;206;54;76;Agoulinitsa;x;
17947;206;52;76;Gastouni;x;
17948;238;241;166;Chlemoutsi;x;
17949;222;72;72;Manolada;x;
17950;76;76;251;Santameri;x;
17951;206;51;76;Notenon;x;
17952;76;251;76;Mostenitsa;x;
17953;76;76;252;Toporitsa;x;
17954;226;226;79;Phara;x;
17955;202;115;54;Paxos;x;
17956;203;44;19;Aphionas;x;
17957;247;7;96;Katokhe;x;
17958;203;44;14;Dragameston;x;
17959;203;44;13;Tatarna;x;
17960;226;226;70;Koprina;x;
17961;203;44;15;Prinitsta;x;
17962;203;44;11;Elina;x;
17963;203;44;12;Phanota;x;
17964;203;203;11;Helikranon;x;
17965;176;31;75;Luštica;x;
17966;211;211;202;Ljubomir;x;
17967;211;211;203;Pomena;x;
17968;158;7;176;Lopud;x;
17969;176;21;77;Ošlje;x;
17970;98;62;76;Klek;x;
17971;176;21;78;Čara;x;
17972;211;244;14;Funchal;x;
17973;211;244;15;Baleira;x;
17974;211;244;13;Galdar;x;
17975;218;44;66;Telde;x;
17976;187;115;96;Dar Al-Shawi;x;
17977;178;182;8;Thamusida;x;
17978;178;182;5;Tamasna;x;
17979;178;182;7;Shawiya;x;
17980;178;92;76;Ahmar;x;
17981;98;92;76;Aghuz;x;
17982;242;242;77;Aghmat;x;
17983;178;182;9;Agurai;x;
17984;238;121;18;Al-Qarawiyyin;x;
17985;238;121;17;Baqdura;x;
17986;238;121;16;Tazekka;x;
17987;27;84;66;Qalat Karmatah;x;
17988;213;213;15;Igzennayen;x;
17989;213;213;16;Waryaghel;x;
17990;233;233;3;Muluya;x;
17991;178;182;6;Asrir;x;
17992;178;178;79;Tiznit;x;
17993;248;4;16;Massa-Ait Baha;x;
17994;213;8;99;Awlluz;x;
17995;238;121;19;Awlluz-Tifnout;x;
17996;238;121;20;Tindin;x;
17997;213;213;1;Tata;x;
17998;121;121;21;Tamanart;x;
17999;238;121;21;Tamdult;x;
18000;238;121;22;Wadi Draa;x;
18001;213;8;8;Tissint;x;
18002;213;213;7;Tinzouline;x;
18003;213;7;8;Tamnougalt;x;
18004;213;8;7;Tazzarine;x;
18005;178;178;176;M'Gouna;x;
18006;178;178;76;Skoura;x;
18007;178;93;76;Talwat;x;
18008;178;178;77;Farkala;x;
18009;178;178;78;Boudnib;x;
18010;78;112;76;Bouanan;x;
18011;228;3;66;Al-Qanadisa;x;
18012;228;228;11;Agharm;x;
18013;228;5;66;Arbawat;x;
18014;18;112;76;Ghasul;x;
18015;228;4;66;Tawiyala;x;
18016;38;82;66;Zenina;x;
18017;211;53;3;Debdeb;x;
18018;3;212;3;Erg-Sharqi;x;
18019;211;54;3;Ghadames-Route;x;
18020;211;55;3;Karima-Route;x;
18021;233;55;76;Tawrirt;x;
18022;233;233;4;Gafait;x;
18023;233;5;5;Muthar;x;
18024;8;241;66;Ahfir;x;
18025;208;44;66;Arbal;x;
18026;8;244;66;Altava;x;
18027;233;233;5;Sfisef;x;
18028;213;7;7;Dhaya;x;
18029;5;152;76;Fakkan;x;
18030;233;6;5;Gharis;x;
18031;38;202;118;Tighennif;x;
18032;38;202;117;Djidiouia;x;
18033;202;22;117;Mina;x;
18034;38;83;66;Zemmoura;x;
18035;138;202;3;Manesfa;x;
18036;38;202;119;Meghila;x;
18037;138;202;4;Frenda;x;
18038;238;3;1;Naimah;x;
18039;78;242;78;Ain Busif;x;
18040;228;23;66;Tissemsilt;x;
18041;38;221;111;Titteri;x;
18042;78;241;78;Talkata;x;
18043;228;22;66;ASHIR-BANYA;x;
18044;218;3;11;Hodna;x;
18045;218;218;218;Maarif;x;
18046;218;218;12;Messif;x;
18047;197;197;196;Qal'at Kiyana;x;
18048;178;182;79;Bechilga;x;
18049;218;218;11;Maadid;x;
18050;57;71;6;Kherbet Zerga;x;
18051;227;11;3;Bougaa;x;
18052;227;227;4;Satafis;x;
18053;227;11;14;Kutama;x;
18054;197;71;93;Djemila;x;
18055;227;11;4;Mopth;x;
18056;207;11;11;Zraia;x;
18057;207;182;76;Kabuna;x;
18058;197;197;96;Tazrut;x;
18059;227;227;5;Shawia;x;
18060;121;191;76;Saddar;x;
18061;57;71;5;Merdja;x;
18062;208;182;76;Tiddis;x;
18063;188;182;176;Skikda;x;
18064;197;71;91;Majaz al-Marakib;x;
18065;197;71;92;Bab Zana;x;
18066;228;1;76;Thibilis;x;
18067;228;228;3;Zattara;x;
18068;228;3;76;Tifash;x;
18069;57;71;7;Batnah;x;
18070;157;31;36;Madghis;x;
18071;231;231;44;Mascula;x;
18072;238;218;212;Nemencha;x;
18073;218;11;16;Taberdga;x;
18074;238;218;211;Madila;x;
18075;158;12;166;Vazaivi;x;
18076;231;82;65;Bir-el-Ater;x;
18077;178;182;78;Naqrin;x;
18078;157;31;37;Morsott;x;
18079;238;3;34;Assuras;x;
18080;231;82;166;Vegesela;x;
18081;238;82;36;Thelepte;x;
18082;231;82;66;Gemellae;x;
18083;218;212;66;Jamunis;x;
18084;238;3;33;Masclianae;x;
18085;206;4;8;El-Jem;x;
18086;218;3;33;Tabsa;x;
18087;218;3;31;Achola;x;
18088;206;3;8;Chebba;x;
18089;206;206;7;Usilla;x;
18090;206;3;7;Mellita;x;
18091;187;71;17;Mahres;x;
18092;58;82;236;Tabira;x;
18093;238;82;236;Al-Akazayat;x;
18094;231;82;165;Madila;x;
18095;238;33;66;Talmin;x;
18096;238;238;66;Matmata;x;
18097;238;34;66;Mareth;x;
18098;187;171;18;Adjin;x;
18099;187;71;18;Meninge;x;
18100;188;182;76;Zawiya;x;
18101;58;182;185;Ain Zara;x;
18102;188;182;75;Gharyan;x;
18103;158;82;116;Tarhuna;x;
18104;231;1;66;Zliten;x;
18105;197;197;197;Mesatah;x;
18106;58;182;186;Qaryat;x;
18107;188;182;74;Gholaia;x;
18108;231;2;66;Sokna;x;
18109;158;82;115;Harawah;x;
18110;27;31;96;Qasr Al-Atish;x;
18111;158;82;114;Jufra;x;
18112;231;3;66;Maradah;x;
18113;178;182;76;Burayqah;x;
18114;27;34;96;Zuwaytinah;x;
18115;198;6;76;Qaminis;x;
18116;27;32;96;Jabal Al-Akhdar;x;
18117;27;33;96;Jabal Al-Gharbi;x;
18118;198;7;76;Chairekla;x;
18119;58;62;75;Tocra;x;
18120;237;72;96;Theodoureas;x;
18121;237;73;96;Al-Qubba;x;
18122;178;182;75;Martubah;x;
18123;248;4;1;Bombah;x;
18124;58;62;76;Tamimi;x;
18125;178;182;77;Al Qa'arah;x;
18126;36;51;36;Soller;x;
18127;226;11;35;Balansat;x;
18128;76;191;76;Portmany;x;
18129;226;11;36;La Mola;x;
18130;187;171;17;Huwariyah;x;
18131;187;72;17;Qurbus;x;
18132;226;226;69;Utica;x;
18133;218;212;65;Tinjah;x;
18134;98;82;66;Bulla;x;
18135;238;82;3;Chemtou;x;
18136;218;32;66;Khumayr;x;
18137;3;238;3;Jendouba;x;
18138;238;3;32;Tabursuq;x;
18139;238;238;3;Dougga;x;
18140;5;182;76;Lampedusa;x;
18141;176;35;76;Ponza;x;
18142;176;33;76;Circei;x;
18143;176;32;76;Astura;x;
18144;176;34;76;Bassiano;x;
18145;8;243;66;Ariccia;x;
18146;176;171;76;Bracciano;x;
18147;176;31;76;Anguillara;x;
18148;238;244;166;Otricoli;x;
18149;166;51;16;Martana;x;
18150;228;254;7;Trevi;x;
18151;228;44;4;Bisenzio;x;
18152;228;44;3;Capalbio;x;
18153;66;151;76;San Salvatore;x;
18154;198;14;32;Silvana;x;
18155;216;4;17;Roselle;x;
18156;36;151;17;Montemassi;x;
18157;199;190;176;Cárquere;x;
18158;199;189;176;Marvao;x;
18159;228;4;41;Galisteo;x;
18160;228;44;66;Trevejo;x;
18161;158;244;25;Jarandilla;x;
18162;228;3;41;Tiétar;x;
18163;76;81;46;Oliva;x;
18164;76;181;76;Rebollet;x;
18165;76;181;77;Sueca;x;
18166;76;181;176;Cila;x;
18167;76;181;177;Millares;x;
18168;216;216;76;Biar;x;
18169;76;181;175;Busot;x;
18170;86;21;76;Polop;x;
18171;111;111;191;San Clemente;x;
18172;216;216;72;Villarubia;x;
18173;76;152;76;Granatula;x;
18174;198;222;3;Bailen;x;
18175;198;221;3;Azuel;x;
18176;198;3;23;Fuencaliente;x;
18177;118;44;64;Argamassila;x;
18178;118;44;65;Saceruela;x;
18179;196;51;69;Mengibar;x;
18180;187;113;96;Martos;x;
18181;226;51;76;Larva;x;
18182;105;51;226;Gorafe;x;
18183;106;51;226;Abla;x;
18184;187;111;96;Salobrena;x;
18185;187;112;96;Turrus;x;
18186;187;213;96;Jimena;x;
18187;187;114;96;Estepona;x;
18188;198;21;23;Almarchal;x;
18189;198;198;31;Isla;x;
18190;198;21;22;Tablada;x;
18191;198;21;21;Brenes;x;
18192;198;198;32;Alcolea del Rio;x;
18193;198;198;33;El Vacar;x;
18194;118;44;67;Malamoneda;x;
18195;118;44;68;Mejorada;x;
18196;118;44;69;Calera;x;
18197;118;44;66;Vascos Madīna;x;
18198;76;151;25;Albalat;x;
18199;76;151;24;Monfragüe;x;
18200;76;151;26;Montanchez;x;
18201;186;168;222;Mondejar;x;
18202;186;167;222;Tendilla;x;
18203;86;21;77;Alhama;x;
18204;36;52;26;Alagon;x;
18205;222;5;11;Rueda;x;
18206;198;3;76;Muel;x;
18207;36;53;26;Juslibol;x;
18208;36;51;26;Pina-de-Ebro;x;
18209;216;216;71;Gurrea;x;
18210;186;68;222;Fustiñana;x;
18211;86;21;78;Quinto;x;
18212;186;166;222;Scatro;x;
18213;186;166;7;Calanda;x;
18214;76;151;23;Cinca;x;
18215;216;111;3;Gandesa;x;
18216;206;25;30;Pratdip;x;
18217;16;251;96;Ulldecona;x;
18218;76;184;176;Barbanza;x;
18219;76;183;176;Barcala;x;
18220;76;185;176;Paradanta;x;
18221;26;251;176;Ribadavia;x;
18222;76;186;176;Peroxa;x;
18223;76;182;177;Oscos;x;
18224;26;31;206;Gozón;x;
18225;186;168;223;Peralta;x;
18226;186;167;221;Ruesta;x;
18227;186;67;221;Carcastillo;x;
18228;176;251;22;Ovarra;x;
18229;76;251;22;Castilló;x;
18230;176;251;29;Tremp;x;
18231;176;251;28;Camarasa;x;
18232;206;31;30;Aspa;x;
18233;206;24;30;Tamarit;x;
18234;206;21;30;Palamos;x;
18235;206;251;30;Llagostera;x;
18236;206;22;30;Caldes;x;
18237;176;151;25;Artés;x;
18238;176;251;26;Puig-reig;x;
18239;176;151;26;Lluçà;x;
18240;176;151;27;Bagà;x;
18241;176;251;27;Baridà;x;
18242;76;251;23;Formigueres;x;
18243;206;23;30;Montagut;x;
18244;206;51;206;Vallespir;x;
18245;206;201;26;Prades;x;
18246;206;31;26;Fenouillet;x;
18247;206;201;24;Toulouges;x;
18248;206;21;26;Aguilar;x;
18249;16;252;46;Saurat;x;
18250;206;201;25;Montbel;x;
18251;16;251;46;Lagrasse;x;
18252;16;251;36;Lezignan;x;
18253;26;51;226;Cervian;x;
18254;16;251;16;Camargue;x;
18255;186;168;221;Ustaritz;x;
18256;236;214;17;Soulac;x;
18257;76;51;123;Lormont;x;
18258;76;51;122;Villandraut;x;
18259;236;213;18;Saint-Symphorien;x;
18260;236;214;18;Martillac;x;
18261;176;251;36;Veyrines;x;
18262;176;251;37;Pujols;x;
18263;176;251;38;Granhos;x;
18264;216;251;3;Tonneins;x;
18265;16;151;16;Miramont;x;
18266;136;56;76;Lesneven;x;
18267;176;223;26;Ingrandes;x;
18268;176;23;26;Champtocé;x;
18269;176;24;27;Valliere;x;
18270;176;23;27;Épau;x;
18271;176;201;176;Brûlon;x;
18272;176;222;26;Authon;x;
18273;176;21;26;Brou;x;
18274;177;222;27;Boigny;x;
18275;176;22;26;Jargeau;x;
18276;177;222;26;Vouzon;x;
18277;58;41;166;Marolles;x;
18278;228;228;63;Chatillon-sur-Seine;x;
18279;228;44;63;Villaines-en-Duesmois;x;
18280;252;182;176;Orchimont;x;
18281;48;181;76;Revin;x;
18282;17;73;96;Assenede;x;
18283;176;172;16;Centule;x;
18284;158;15;66;Saint-Valery;x;
18285;158;13;66;Houlme;x;
18286;158;14;66;Brenneville;x;
18287;228;8;76;Ouistreham;x;
18288;228;5;76;Carolles;x;
18289;228;6;76;Brecey;x;
18290;228;7;76;Lessay;x;
18291;176;21;76;Vilcena;x;
18292;58;45;166;Créteil;x;
18293;58;42;166;Creil;x;
18294;58;43;166;Pierrefonds;x;
18295;11;29;44;Omois;x;
18296;228;41;61;Braine;x;
18297;228;42;61;Chavignon;x;
18298;228;228;61;Crouy;x;
18299;58;44;166;Vic-sur-Aisne;x;
18300;216;81;86;Forsandr;x;
18301;216;216;9;Hjelmeland;x;
18302;216;216;8;Tysvær;x;
18303;216;31;5;Vindafjord;x;
18304;216;226;3;Týsnes;x;
18305;216;31;76;Samnangr;x;
18306;16;51;76;Kvinnaherað;x;
18307;216;31;4;Víkeyjar;x;
18308;216;226;4;Grǫnvin;x;
18309;238;186;76;Trondheim;x;
18310;176;92;3;Steig;x;
18311;176;192;3;Saltvík;x;
18312;176;191;3;Hinn;x;
18313;176;91;3;Bjarkoy;x;
18314;176;3;3;Knarravík;x;
18315;176;244;4;Salarey;x;
18316;176;4;4;Trums;x;
18317;176;3;4;Vanna;x;
18318;5;249;249;Salen;x;
18319;249;5;19;Mor;x;
18320;249;7;19;Borganäs;x;
18321;249;6;19;Svardsjo;x;
18322;249;249;34;Dilsbo-Ljusdal;x;
18323;249;8;19;Henamorum;x;
18324;249;249;33;Norberg;x;
18325;249;4;19;Hedesunda;x;
18326;18;48;36;Kökar;x;
18327;18;52;76;Geta;x;
18328;18;51;76;Hammarland;x;
18329;18;53;76;Pargas;x;
18330;206;2;76;Rute;x;
18331;36;51;176;Östergarn;x;
18332;206;3;76;Lojsta;x;
18333;206;206;4;Paviken;x;
18334;206;206;3;Havdhem;x;
18335;76;253;16;Vedby;x;
18336;76;252;16;Alby;x;
18337;76;251;16;Alem;x;
18338;206;31;33;Piksborg;x;
18339;76;254;16;Veinge;x;
18340;176;254;16;Torup;x;
18341;76;254;15;Atran;x;
18342;176;251;16;Ullared;x;
18343;238;185;76;Hísing;x;
18344;248;4;22;Ranariki;x;
18345;238;184;76;Borðerna;x;
18346;138;221;115;Tetesh;x;
18347;38;21;66;Chulman;x;
18348;138;221;116;Chelmata;x;
18349;218;21;4;Kukmara;x;
18350;138;221;114;Malmyzh;x;
18351;218;21;5;Lumpun;x;
18352;58;44;120;Mokrishvitsa;x;
18353;198;44;120;Syas;x;
18354;164;151;205;Chagoda;x;
18355;58;44;117;Chudovo;x;
18356;58;44;116;Kholopiy Gorodok;x;
18357;222;202;13;Gorodishche;x;
18358;58;44;115;Yuriev;x;
18359;58;44;112;Krestcy;x;
18360;164;151;203;Demyansk;x;
18361;164;51;202;Berezovec;x;
18362;164;251;202;Velil';x;
18363;164;151;202;Sterzh;x;
18364;164;252;202;Zhabachev;x;
18365;226;4;11;Tsna;x;
18366;226;251;11;Msta;x;
18367;164;151;204;Kesma;x;
18368;246;246;6;Medveditsa;x;
18369;246;246;5;Vertyazin;x;
18370;246;5;5;Mikulin;x;
18371;58;44;119;Usvjat;x;
18372;58;44;118;Nevel;x;
18373;66;252;202;Jam;x;
18374;226;3;11;Vyshgorod;x;
18375;66;253;202;Vrevo;x;
18376;164;253;202;Vel'je;x;
18377;198;45;120;Prichudye;x;
18378;176;51;76;Cherma;x;
18379;58;44;114;Sergov Gorodok;x;
18380;58;44;113;Zverin;x;
18381;136;133;118;Nyen;x;
18382;136;133;119;Koprina;x;
18383;208;244;6;Alutaguse;x;
18384;208;244;7;Agelinde;x;
18385;208;244;5;Rebala;x;
18386;208;244;4;Vomentaga;x;
18387;208;244;2;Ehmja;x;
18388;208;244;3;Vormsi;x;
18389;208;244;1;Testama;x;
18390;1;182;76;Orrenhof;x;
18391;2;182;76;Karkus;x;
18392;3;182;76;Burtneck;x;
18393;98;214;2;Kolka;x;
18394;208;214;1;Talsi;x;
18395;98;214;1;Sabile;x;
18396;98;214;3;Pope;x;
18397;9;9;97;Kretinga;x;
18398;9;9;96;Splitter;x;
18399;98;214;5;Lamata;x;
18400;9;9;99;Panemune;x;
18401;198;69;66;Gudde;x;
18402;198;242;66;Karpau;x;
18403;158;182;196;Lichtenau;x;
18404;158;182;197;Stuhm;x;
18405;199;24;3;Riesenburg;x;
18406;98;214;4;Rositten;x;
18407;38;44;56;Polplin;x;
18408;38;44;57;Rusocin;x;
18409;158;12;41;Zarnowitz;x;
18410;238;232;77;Gardna;x;
18411;238;232;78;Ujść;x;
18412;99;82;96;Polanow;x;
18413;228;82;66;Hammerstein;x;
18414;158;222;76;Okonek;x;
18415;158;82;50;Bublitz;x;
18416;58;192;66;Sianów;x;
18417;228;182;2;Dobiegniew;x;
18418;1;182;2;Strzelci;x;
18419;1;182;3;Dolice;x;
18420;222;2;22;Drawsko;x;
18421;222;222;222;Złocieniec;x;
18422;222;222;2;Świdwin;x;
18423;228;227;2;Wieleń;x;
18424;199;1;76;Zon;x;
18425;228;226;2;Skwierzyna;x;
18426;199;83;66;Mosina;x;
18427;199;84;66;Srodka;x;
18428;199;81;66;Crivin;x;
18429;158;44;5;Kawęczyn;x;
18430;158;244;67;Uników;x;
18431;199;85;66;Szadek;x;
18432;158;44;6;Lutomiersk;x;
18433;158;44;8;Sulejów;x;
18434;176;178;178;Brzegi;x;
18435;178;178;178;Łochowiecz;x;
18436;178;179;178;Dabuchyn;x;
18437;116;151;36;Grivda;x;
18438;116;51;36;Yaselda;x;
18439;176;151;76;Lan;x;
18440;246;246;9;Starobin;x;
18441;246;51;9;Lyuban;x;
18442;76;151;73;Berezina;x;
18443;58;204;65;Brjagin;x;
18444;246;246;7;Golotichesk;x;
18445;176;151;73;Berezino;x;
18446;176;151;74;Dudichi;x;
18447;76;2;206;Dretun;x;
18448;136;33;16;Polota;x;
18449;136;133;116;Seltso;x;
18450;16;1;206;Strezev;x;
18451;76;3;206;Židčiči;x;
18452;226;223;76;Svinechesk;x;
18453;136;133;117;Vopets;x;
18454;216;51;2;Radimich;x;
18455;246;246;8;Radomlya;x;
18456;226;221;76;Vasilev;x;
18457;226;222;76;Dolgomost'e;x;
18458;246;4;5;Solodovnichi;x;
18459;226;224;76;Ugra;x;
18460;246;4;4;Kozlev;x;
18461;58;215;64;Batenburg;x;
18462;22;182;76;Laar;x;
18463;211;244;18;Lathen;x;
18464;211;211;9;Oite;x;
18465;158;19;66;Iburg;x;
18466;158;82;41;Beckum;x;
18467;158;82;42;Wewelsburg;x;
18468;158;82;43;Werl;x;
18469;158;18;66;Hockeleve;x;
18470;228;222;16;Lesum;x;
18471;238;182;76;Brake;x;
18472;248;248;5;Heslinge;x;
18473;248;248;6;Buxtehude;x;
18474;248;248;4;Ramelsloh;x;
18475;228;222;17;Hadeln;x;
18476;228;222;15;Steinburg;x;
18477;228;222;14;Segeberg;x;
18478;241;241;185;Bornegouw;x;
18479;211;212;9;Pithelo;x;
18480;211;244;9;Vredewold;x;
18481;211;244;19;Hunsigo;x;
18482;241;244;4;Bant;x;
18483;241;4;9;Borkum;x;
18484;238;183;76;Esens;x;
18485;158;20;66;Leer;x;
18486;248;5;76;Weener;x;
18487;211;244;17;Skagen;x;
18488;211;244;16;Grenaa;x;
18489;176;31;36;Ladby;x;
18490;18;47;36;Vissenbjerg;x;
18491;176;31;46;Sakskjøbing;x;
18492;198;194;166;Faxe;x;
18493;18;46;36;Strø;x;
18494;198;14;3;Skælskør;x;
18495;18;44;36;Korsør;x;
18496;18;45;36;Gørlev;x;
18497;176;31;47;Rømø;x;
18498;176;171;2;List;x;
18499;228;182;6;Breklum;x;
18500;228;182;5;Angeln;x;
18501;228;182;4;Stapelholm;x;
18502;182;182;182;Krop;x;
18503;3;182;4;Eckernburg;x;
18504;33;33;33;river_schlei;x;
18505;228;222;13;Poretz;x;
18506;228;244;76;Eiderstede;x;
18507;228;182;3;Cismar;x;
18508;58;162;76;Susel;x;
18509;58;162;75;Rugard;x;
18510;176;171;3;Hedin;x;
18511;228;222;11;Greifswald;x;
18512;78;82;47;Jumneta;x;
18513;78;82;46;Vineta;x;
18514;238;232;76;Wolin;x;
18515;222;222;3;Podulin;x;
18516;248;4;76;Lesane;x;
18517;228;222;12;Stolpe;x;
18518;218;182;76;Loitz;x;
18519;148;182;76;Dargun;x;
18520;158;6;66;Crivitz;x;
18521;98;82;1;Buchen;x;
18522;158;82;40;Molln;x;
18523;158;82;47;Dartsingen;x;
18524;236;236;76;Babrov-Khava;x;
18525;236;51;46;Mayaki;x;
18526;251;251;66;Dubok;x;
18527;251;21;17;Lebedin;x;
18528;251;21;16;Kulikovo;x;
18529;251;251;19;Domagoshch;x;
18530;251;21;11;Mtensk-Chernya;x;
18531;251;251;18;Liven;x;
18532;98;82;166;Korshev;x;
18533;228;61;19;Kolpny;x;
18534;199;191;5;Sem;x;
18535;228;61;17;Oboyan;x;
18536;251;21;18;Usozha;x;
18537;58;215;61;Baldyzh;x;
18538;176;52;176;Desna;x;
18539;58;215;62;Glukhov;x;
18540;176;51;176;Karyzh;x;
18541;58;215;63;Vorgol;x;
18542;246;53;9;Gremyach;x;
18543;246;244;9;Sudost;x;
18544;176;151;176;Revna;x;
18545;168;21;175;Akhtuba;x;
18546;236;51;45;Izyum;x;
18547;236;236;22;Bychok;x;
18548;228;61;18;Rossosh;x;
18549;199;191;6;Korocha;x;
18550;236;111;8;Vorskla;x;
18551;199;199;5;Gornal;x;
18552;58;215;66;Birin;x;
18553;236;111;7;Golenka;x;
18554;176;152;176;Voronizh;x;
18555;199;199;6;Gadach;x;
18556;196;51;67;Psel;x;
18557;196;51;66;Khorol;x;
18558;196;51;68;Pereshchepina;x;
18559;236;52;45;Kharka-Chuguev;x;
18560;236;236;21;Verkhnii Saltiv;x;
18561;76;254;76;Zheld;x;
18562;176;253;76;Zolotonosha;x;
18563;58;21;176;Drabov;x;
18564;58;182;196;Ulich;x;
18565;178;71;176;Tashlyk;x;
18566;76;255;76;Zhabotin;x;
18567;58;182;195;Burgun;x;
18568;215;82;66;Gorodec-Sakov;x;
18569;176;152;3;Borshagovka;x;
18570;216;51;1;Morovsk;x;
18571;176;151;2;Navoz;x;
18572;176;151;1;Devitsa;x;
18573;246;52;9;Orgoshch;x;
18574;176;151;75;Dobrush;x;
18575;176;151;77;Streshin;x;
18576;216;51;113;Uzh;x;
18577;58;204;66;Radynka;x;
18578;213;21;7;Korostýšiv;x;
18579;213;213;17;Chvastiv;x;
18580;176;152;2;Kobud;x;
18581;158;144;66;Bolohovo;x;
18582;18;244;66;Dubici;x;
18583;176;152;5;Buchach;x;
18584;176;152;4;Vasylev;x;
18585;16;224;16;Vaskovci;x;
18586;216;51;3;Dregovlya;x;
18587;136;52;16;Orekhovets;x;
18588;176;251;76;Radovel';x;
18589;176;151;72;Selo;x;
18590;16;3;176;Detinets;x;
18591;136;51;16;Stolin;x;
18592;216;51;5;Pogost;x;
18593;176;176;178;Kosin;x;
18594;176;176;76;Wąchock;x;
18595;176;176;176;Łysa Góra;x;
18596;176;176;177;Chmielnik;x;
18597;198;194;66;Czorsztyn;x;
18598;198;94;66;Dunajec;x;
18599;198;195;166;Holumnica;x;
18600;198;195;66;Plavech;x;
18601;176;31;72;Talabor;x;
18602;9;199;8;Filek;x;
18603;199;199;8;Salgo;x;
18604;58;122;76;Sar;x;
18605;218;82;66;Heimburg;x;
18606;178;182;1;Regenstein;x;
18607;248;242;4;Stolberg;x;
18608;14;240;240;Irxleben;x;
18609;228;222;18;Meinersen;x;
18610;16;231;36;Hitzacker-Ljauci;x;
18611;116;231;36;Tjörska-Bergen;x;
18612;226;209;76;Ertene;x;
18613;226;209;77;Bodwede;x;
18614;17;240;240;Sandau;x;
18615;158;5;66;Nizem;x;
18616;158;4;66;Wittstock;x;
18617;198;182;76;Kremmen;x;
18618;199;182;176;Spandau;x;
18619;199;181;176;Kopenick;x;
18620;199;183;176;Ketzin;x;
18621;199;184;176;Zauche;x;
18622;199;185;176;Bamme;x;
18623;199;186;176;Zinna;x;
18624;199;187;176;Jessen;x;
18625;199;188;176;Zahna;x;
18626;18;220;240;Golssen;x;
18627;244;182;76;Lubben;x;
18628;18;182;15;Spreewald;x;
18629;18;182;19;Vurstenberg;x;
18630;199;82;66;Sulechów;x;
18631;18;182;18;Naumburg;x;
18632;18;182;17;Sprottau;x;
18633;18;182;16;Sorau;x;
18634;228;228;1;Pribuz;x;
18635;226;53;2;Suseliz;x;
18636;188;5;5;Boruz;x;
18637;188;188;6;Treskovo;x;
18638;188;7;5;Belgora;x;
18639;188;188;5;Oschatz;x;
18640;244;182;176;Wurzen;x;
18641;15;240;240;Gerwisch;x;
18642;16;240;240;Leitzkau;x;
18643;228;228;62;Champlitte;x;
18644;158;182;166;Gigondas;x;
18645;158;181;166;Grignan;x;
18646;228;41;6;Rougon;x;
18647;228;228;6;Séranon;x;
18648;228;41;5;Ampus;x;
18649;228;228;5;Thoronet;x;
18650;228;31;7;Flassans;x;
18651;228;228;7;Signes;x;
18652;48;182;76;Orbe-Aubonne;x;
18653;198;11;15;Tellenburg;x;
18654;198;63;16;Liestal;x;
18655;28;63;185;Augst;x;
18656;158;16;66;Thierstein;x;
18657;158;82;45;Hachberg;x;
18658;158;82;46;Reichenbach;x;
18659;158;82;44;Rastatt;x;
18660;158;21;66;Giengen;x;
18661;158;17;66;Rixingen;x;
18662;229;228;1;Remilly;x;
18663;229;229;1;Ars;x;
18664;38;182;76;HohenburgSaar;x;
18665;158;34;166;Bassenheim;x;
18666;158;33;166;Ahrweiler;x;
18667;158;35;166;Hengebach;x;
18668;158;32;166;Büllingen;x;
18669;248;244;166;Kornelimünster;x;
18670;48;180;76;Franchimont;x;
18671;248;241;166;Geilenkirchen;x;
18672;218;3;34;Vêves;x;
18673;38;44;36;Rochefort;x;
18674;158;82;48;Greifenstein;x;
18675;236;11;16;Rodengo;x;
18676;236;12;16;Ottensheim;x;
18677;243;91;62;Ruttenstein;x;
18678;243;191;62;Rappottenstein;x;
18679;243;91;63;Thaya;x;
18680;243;191;63;Kamyk;x;
18681;243;192;63;Aggsbach;x;
18682;243;91;61;Ybbs;x;
18683;243;91;60;Klosterneuburg;x;
18684;176;176;17;Voitsberg;x;
18685;176;176;16;Riegersburg;x;
18686;176;21;16;Herberstein;x;
18687;78;82;48;Wirsberg;x;
18688;188;188;7;Oelsnitz;x;
18689;38;76;76;Wiedersberg;x;
18690;248;6;66;Schleiz;x;
18691;248;5;66;Lutenberg;x;
18692;248;4;66;Arnstadt;x;
18693;228;182;76;Schwarzenberg;x;
18694;228;228;2;Hartenstein;x;
18695;228;182;77;Glauchau;x;
18696;13;240;240;Groitzsch;x;
18697;188;6;5;Donin;x;
18698;226;52;2;Stolpin;x;
18699;238;144;32;Korzym;x;
18700;226;51;2;Ostritz;x;
18701;226;221;2;Frýdlant;x;
18702;216;251;78;Pstina;x;
18703;246;251;46;Jablunkov;x;
18704;246;51;46;Jamnica;x;
18705;228;133;4;Flossenbürg;x;
18706;228;1;4;Bärnau;x;
18707;236;236;33;Přelouč;x;
18708;88;182;76;Kynastburg;x;
18709;38;72;76;Krapkowice;x;
18710;38;73;76;Lewin;x;
18711;236;212;16;Paczków;x;
18712;238;3;13;Javornik;x;
18713;38;74;76;Kreuzburg;x;
18714;158;144;67;Praszka;x;
18715;158;144;8;Kruszyna;x;
18716;158;44;7;Maluszyn;x;
18717;228;144;63;Polom;x;
18718;228;244;63;Fulnek;x;
18719;38;75;76;Vitkov;x;
18720;228;144;62;Beroun;x;
18721;218;1;3;Sovinec;x;
18722;228;244;62;Žerotin;x;
18723;206;23;206;Skrbeň;x;
18724;228;244;61;Zábřeh;x;
18725;238;44;31;Blansek;x;
18726;206;21;206;Pohořelice;x;
18727;206;22;206;Čejč;x;
18728;158;244;66;Radostin;x;
18729;246;93;46;Humpolec;x;
18730;238;144;34;Lomnice;x;
18731;226;251;2;Boršov;x;
18732;226;3;3;Kajov;x;
18733;226;151;2;Prachatice;x;
18734;226;151;3;Sušice;x;
18735;228;1;5;Klenová;x;
18736;246;252;46;Homberk;x;
18737;228;1;6;Litice;x;
18738;238;44;33;Horšovský Týn;x;
18739;228;133;3;Skviřín;x;
18740;228;244;66;Kynžvart;x;
18741;226;51;3;Chomutov;x;
18742;226;51;4;Most;x;
18743;236;236;34;Pravda;x;
18744;226;221;5;Osek;x;
18745;226;51;5;Teplice;x;
18746;226;221;4;Vlastislav;x;
18747;18;244;33;Třebušín;x;
18748;18;243;33;Doksany;x;
18749;238;144;33;Budeč;x;
18750;18;243;31;Loděnice;x;
18751;18;243;32;Levy Hradec;x;
18752;246;92;46;Davle;x;
18753;246;91;46;Orlik;x;
18754;238;144;36;Městec;x;
18755;238;44;36;Libáň;x;
18756;226;221;3;Kost;x;
18757;18;244;32;Nechanice;x;
18758;236;3;33;Kunětice;x;
18759;216;251;76;Vysoká;x;
18760;216;251;77;Šaľa;x;
18761;238;181;76;Glogovec;x;
18762;222;222;7;Damásd;x;
18763;222;4;66;Nagymaros;x;
18764;199;19;8;Gyarmat;x;
18765;199;19;9;Divin;x;
18766;226;226;74;Thermia;x;
18767;226;226;75;Antissa;x;
18768;9;182;99;Acsa;x;
18769;222;5;66;Dömös;x;
18770;158;152;66;Pomaz;x;
18771;177;177;166;Vukograd;x;
18772;222;6;66;Obuda;x;
18773;176;31;71;Csakvar;x;
18774;243;193;63;Palota;x;
18775;158;182;176;Dorozsma;x;
18776;158;182;177;Szeged;x;
18777;158;182;178;Futak;x;
18778;18;244;31;Bolehošť;x;
18779;238;182;176;Víglaš;x;
18780;177;177;176;Dobring;x;
18781;216;51;77;Oltenita;x;
18782;216;51;78;Knyazlov;x;
18783;16;222;16;Covurlui;x;
18784;16;223;16;Horincea;x;
18785;236;111;9;Cahul;x;
18786;236;41;8;Palada;x;
18787;236;71;7;Arrubium;x;
18788;236;71;6;Ibida;x;
18789;236;121;6;Argamum;x;
18790;236;121;7;Halmyris;x;
18791;236;121;8;Histria;x;
18792;236;121;9;Stratonis;x;
18793;242;242;75;Goltina;x;
18794;242;242;72;Teteven;x;
18795;242;5;71;Pravets;x;
18796;242;242;71;Tsakonitsa;x;
18797;242;4;71;Lakatnik;x;
18798;4;242;76;Berkovitsa;x;
18799;216;51;76;Bradača;x;
18800;216;216;73;Radosin;x;
18801;242;242;74;Gamzigrad;x;
18802;176;252;76;Rtanj;x;
18803;167;51;16;Blisnos;x;
18804;167;167;16;Klokotnitsa;x;
18805;106;12;11;Rodostica;x;
18806;16;221;16;Urdoviza;x;
18807;198;198;17;Kanstritzion;x;
18808;211;211;205;Phoros;x;
18809;211;211;206;Partenit;x;
18810;164;151;206;Aqseyh;x;
18811;64;151;206;Qurman;x;
18812;64;51;206;Kerkinitis;x;
18813;36;151;76;Ialysos;x;
18814;136;51;76;Praisos;x;
18815;136;52;76;Olous;x;
18816;136;53;76;Lyktos;x;
18817;136;54;76;Tylissos;x;
18818;76;151;16;Lykastos;x;
18819;76;151;17;Lebena;x;
18820;136;55;76;Matala;x;
18821;89;9;12;Nisyros;x;
18822;196;51;51;Antimachia;x;
18823;89;9;13;Stadia;x;
18824;206;52;26;Bargasa;x;
18825;206;251;76;Agridia;x;
18826;206;252;76;Myrina;x;
18827;158;44;68;Halonnesos;x;
18828;238;238;76;Palestro;x;
18829;38;77;76;Vespolate;x;
18830;238;77;76;Mortara;x;
18831;238;238;77;Landriano;x;
18832;246;51;76;Corteolona;x;
18833;236;52;36;Olubra;x;
18834;198;194;6;Campo;x;
18835;228;194;7;Cremeno;x;
18836;198;194;7;Torriglia;x;
18837;228;44;7;Nervi;x;
18838;228;44;6;Brugnato;x;
18839;198;14;34;Sarzano;x;
18840;198;13;33;Nievole;x;
18841;206;52;9;Pontedra;x;
18842;206;53;9;Porto Pisano;x;
18843;206;51;9;Donoratico;x;
18844;176;251;9;Monteverdi;x;
18845;206;251;6;Chianti;x;
18846;206;51;8;Valdambra;x;
18847;206;251;7;Castiglion;x;
18848;206;51;7;Sorbello;x;
18849;76;251;7;Monte Santa Maria;x;
18850;246;52;76;Fiesole;x;
18851;198;3;33;Barberino;x;
18852;198;114;61;Cerbaia;x;
18853;198;14;61;Massa di Sant'Ambrogio;x;
18854;198;114;66;Valsenio;x;
18855;198;14;66;Dovadola;x;
18856;236;51;36;Falconara;x;
18857;238;233;61;Medulin;x;
18858;176;31;77;Pićan;x;
18859;176;176;15;Toppo;x;
18860;176;31;78;Lošinj;x;
18861;246;4;14;Nadin;x;
18862;236;11;71;Tkon;x;
18863;176;91;76;Kornat;x;
18864;211;211;204;Žirje;x;
18865;176;41;76;Čiovo;x;
18866;158;92;76;Potravnik;x;
18867;176;31;79;Bogočin;x;
18868;226;31;16;Banice;x;
18869;188;44;95;Knezpolje;x;
18870;188;44;96;Ljevce;x;
18871;99;182;76;Vocin;x;
18872;27;7;4;Nevna;x;
18873;222;2;6;Tomica;x;
18874;158;182;179;Cerna;x;
18875;158;182;180;Tovarnik;x;
18876;222;1;6;Racsa;x;
18877;188;44;94;Drenovac;x;
18878;188;44;98;Posavlje;x;
18879;188;44;99;Tavna;x;
18880;188;44;97;Visori;x;
18881;188;244;166;Nenavište;x;
18882;188;244;66;Dubnica;x;
18883;211;218;11;Kamenica;x;
18884;211;218;12;Hvojnica;x;
18885;211;218;13;Busovaca;x;
18886;226;226;176;Vrbanja;x;
18887;226;226;16;Zemljanik;x;
18888;226;32;16;Komotin;x;
18889;211;211;201;Bocac;x;
18890;236;11;76;Sućuraj;x;
18891;158;112;76;Desna;x;
18892;98;162;76;Vratar;x;
18893;158;112;77;Vrgorac;x;
18894;238;22;76;Gorska;x;
18895;18;12;176;Veljaci;x;
18896;206;51;26;Didyma;x;
18897;116;51;76;Thyaira;x;
18898;76;151;36;Leros;x;
18899;176;151;36;Patmos;x;
18900;223;72;72;Akrotiri;x;
18901;7;72;72;Argos;x;
18902;158;33;16;Kritou;x;
18903;158;33;15;Akamas;x;
18904;158;33;14;Pyrgos;x;
18905;158;158;33;Morphou;x;
18906;76;207;76;Tamasus;x;
18907;238;218;1;Lampousa;x;
18908;158;33;13;Hagios Hilarion;x;
18909;238;33;13;Bouphavento;x;
18910;238;218;2;Makaria;x;
18911;158;15;166;Mesaoria;x;
18912;8;72;72;Kalopsida;x;
18913;158;14;166;Leukolla;x;
18914;238;218;3;Gastria;x;
18915;198;44;66;Molevon;x;
18916;198;41;66;Vaner;x;
18917;198;42;66;Kirkota;x;
18918;198;43;66;Loulon;x;
18919;206;51;16;Doara;x;
18920;206;206;16;Malakopea;x;
18921;206;52;16;Mamasun;x;
18922;76;206;76;Anisa;x;
18923;206;56;16;Eulepa;x;
18924;136;151;72;Sermousa;x;
18925;136;51;72;Pleuramis;x;
18926;206;55;16;Zama;x;
18927;206;53;16;Lalakaon;x;
18928;186;44;2;Kobara;x;
18929;186;186;2;Klossama;x;
18930;186;43;186;Antoniopolis;x;
18931;158;44;66;Krateia;x;
18932;218;244;68;Manezardum;x;
18933;186;44;186;Malos;x;
18934;186;43;2;Dadastana;x;
18935;218;244;66;Germa;x;
18936;218;244;67;Trokna;x;
18937;116;53;176;Vetissus;x;
18938;116;51;176;Hadrianoupolis;x;
18939;116;52;176;Lycaonia;x;
18940;16;51;176;Hyde;x;
18941;203;44;16;Alahan;x;
18942;198;45;66;Herakleia-Kybistra;x;
18943;116;54;176;Thebasa;x;
18944;36;252;76;Olba;x;
18945;203;44;17;Philadelpheia;x;
18946;36;253;76;Artanada;x;
18947;36;254;76;Ouasada;x;
18948;198;14;33;Bargiglio;x;
18949;203;44;18;Musbanda;x;
18950;178;44;15;Kolybrassos;x;
18951;178;178;15;Lyrbe;x;
18952;178;178;16;Eudokias;x;
18953;176;112;76;Timbriada;x;
18954;36;255;76;Karmena;x;
18955;176;111;76;Hadriani;x;
18956;206;2;26;Attuda;x;
18957;76;111;16;Mastaura;x;
18958;116;111;16;Brioula;x;
18959;116;53;76;Palaeopolis;x;
18960;116;151;76;Opsikia;x;
18961;116;153;76;Hypaepa;x;
18962;116;52;76;Erythrai;x;
18963;226;226;76;Macestus;x;
18964;228;244;161;Kalynda;x;
18965;178;178;14;Sidyma;x;
18966;178;178;13;Oinoanda;x;
18967;178;44;11;Patara;x;
18968;206;54;26;Kandyba;x;
18969;178;44;12;Arneai;x;
18970;206;53;26;Akalissos;x;
18971;178;44;14;Trebenna;x;
18972;178;44;13;Olympos;x;
18973;206;1;26;Rhodiapolis;x;
18974;196;191;6;Peirossos;x;
18975;196;191;7;Harpagion;x;
18976;196;191;5;Plakia;x;
18977;196;191;4;Daskyleion;x;
18978;198;198;7;Pythopolis;x;
18979;198;198;6;Terbos;x;
18980;196;191;3;Astakos;x;
18981;196;191;2;Tetrakomia;x;
18982;198;198;8;Pytheion;x;
18983;196;191;8;Hieron;x;
18984;98;132;76;Hagia-Sophia;x;
18985;198;198;19;Epibatai;x;
18986;216;216;4;Daunion;x;
18987;198;198;18;Heraion;x;
18988;216;216;5;Utsurgae;x;
18989;206;54;16;Galea;x;
18990;38;152;76;Bardiyah;x;
18991;237;74;96;Abu-Minqar;x;
18992;5;182;166;Nastarawa;x;
18993;4;182;166;Saha;x;
18994;6;182;166;Tuwwah;x;
18995;206;206;9;Zmoumis;x;
18996;27;83;66;Al-Abbasiyyah;x;
18997;186;19;19;Tirsa;x;
18998;186;186;19;Ptolemais Hormos;x;
18999;186;186;18;Sumusta;x;
19000;186;186;16;Minya;x;
19001;186;186;17;Tanda;x;
19002;237;7;67;Amarna;x;
19003;237;76;96;Erebe;x;
19004;237;7;66;Abutig;x;
19005;17;71;36;Balyana;x;
19006;247;5;4;Farshut;x;
19007;247;4;4;Gebelein;x;
19008;237;217;1;Safaga;x;
19009;111;33;196;Abrak;x;
19010;190;74;190;Shalatayn;x;
19011;190;73;190;Jabal `Ilbah;x;
19012;111;32;196;Eigat;x;
19013;111;31;196;Gabet al Maadin;x;
19014;190;75;190;Ma'adin al-Tibr;x;
19015;237;75;96;Tafis;x;
19016;190;71;190;Arb'at;x;
19017;190;144;190;Salum;x;
19018;190;72;190;Gebeit;x;
19019;111;34;196;Tabot;x;
19020;217;34;96;Rawai;x;
19021;217;35;96;Musmar;x;
19022;34;32;196;Hadendowa;x;
19023;207;11;13;Butana;x;
19024;177;171;96;Nak'fa;x;
19025;217;36;96;Afabet;x;
19026;34;31;116;Sanhit;x;
19027;226;226;78;Dahlak;x;
19028;38;121;81;Matara-Adigrat;x;
19029;38;121;180;Intarta-Wag;x;
19030;38;121;80;Mereb;x;
19031;207;11;14;Asgede;x;
19032;38;121;181;Sekota;x;
19033;38;121;78;Lasta-Weldiya;x;
19034;38;121;79;Magdala;x;
19035;38;121;77;East-Amhara-Wasal;x;
19036;38;121;76;Istifanos;x;
19037;8;21;176;Ketetiya;x;
19038;228;21;176;Mille;x;
19039;38;121;182;Showa;x;
19040;38;121;183;Damot;x;
19041;38;21;175;Kambata-Awasa;x;
19042;38;21;174;Mendebo;x;
19043;38;21;173;East-Kaffa;x;
19044;38;21;172;Asosa;x;
19045;18;21;149;Manqwarar;x;
19046;168;21;176;Dangila;x;
19047;209;209;95;Hubat;x;
19048;209;72;96;Jijiga;x;
19049;57;71;206;Toon;x;
19050;209;209;96;Mandera;x;
19051;209;71;96;Malao;x;
19052;209;73;96;Ruguda;x;
19053;18;82;67;Iskushuban;x;
19054;238;182;66;Alula;x;
19055;238;82;66;Murcanyo;x;
19056;17;171;96;Varachan;x;
19057;17;172;96;Maskut;x;
19058;15;172;96;Chirag-Gala;x;
19059;15;171;96;Gilazi;x;
19060;16;172;96;Gelawu;x;
19061;16;171;96;Javad;x;
19062;1;226;6;Gargancik;x;
19063;1;227;6;Arabshaki;x;
19064;2;227;6;Yaktan;x;
19065;222;222;13;Pilsuwar;x;
19066;1;222;7;Muqan;x;
19067;222;1;65;Bajrawan;x;
19068;2;1;166;Arus;x;
19069;222;1;66;Namin;x;
19070;1;222;6;Astarab;x;
19071;218;44;61;Agarani;x;
19072;158;14;3;Orbeti;x;
19073;216;216;3;Dlim-Ashotsk;x;
19074;16;156;76;Talin;x;
19075;176;156;76;Yervandakert;x;
19076;222;22;5;Tekor;x;
19077;76;31;76;Vanand;x;
19078;176;154;36;Awnik;x;
19079;176;52;36;Acachia;x;
19080;176;153;36;Apahunik;x;
19081;176;53;36;Aghiovit;x;
19082;176;11;76;Yervandashat;x;
19083;216;216;1;Chakatk;x;
19084;216;216;2;Ardeank';x;
19085;111;200;121;Dzordzor;x;
19086;176;51;26;Artamet;x;
19087;176;51;36;Akhtamar;x;
19088;5;96;155;Artze;x;
19089;5;95;155;Derzene;x;
19090;5;95;55;Bizana;x;
19091;226;151;76;Sepieti;x;
19092;76;208;76;Parkhali;x;
19093;107;11;11;Tzania;x;
19094;136;151;76;Danae;x;
19095;136;151;71;Dokeia;x;
19096;218;244;69;Colopene;x;
19097;33;206;206;Ouarsapa;x;
19098;234;232;8;Erzin;x;
19099;36;154;76;Amanus;x;
19100;76;201;76;Myriandus;x;
19101;36;251;76;Qalat Arsuz;x;
19102;176;151;3;Daphne;x;
19103;198;198;3;Lysias;x;
19104;198;198;4;Balanea;x;
19105;176;31;3;Seleucobelus;x;
19106;176;51;17;Maʿarrat Qinnasrīn;x;
19107;9;72;72;Sarmin;x;
19108;148;72;72;Mardikh;x;
19109;57;71;26;Shmemis;x;
19110;76;51;226;Shamsin;x;
19111;186;51;17;Jusiya;x;
19112;176;51;18;Latamina;x;
19113;238;233;66;Tiyas;x;
19114;186;51;15;Casama;x;
19115;186;51;16;Saidnaya;x;
19116;234;234;234;Sanamayn;x;
19117;234;243;233;Shaqqa;x;
19118;234;243;23;Qanawat;x;
19119;234;232;239;Nuqrah;x;
19120;158;181;76;Amioun;x;
19121;76;151;76;Safita;x;
19122;198;198;5;Naym;x;
19123;58;206;66;Boukolonpolis;x;
19124;206;206;66;Dora;x;
19125;206;4;11;Legio;x;
19126;206;201;176;Zir'in;x;
19127;206;201;77;Jenin;x;
19128;206;201;3;Phasaelis;x;
19129;158;182;76;Tower-David;x;
19130;206;201;76;Emmaus;x;
19131;206;202;3;Lydda;x;
19132;228;3;33;Anthedon;x;
19133;206;201;177;SUKKARIYYA;x;
19134;58;206;67;Samoe;x;
19135;58;206;65;Sobata;x;
19136;217;31;96;Timnah;x;
19137;27;82;66;Nuweiba;x;
19138;228;224;61;Nimrin;x;
19139;234;243;235;Hisban;x;
19140;228;224;62;Balqa;x;
19141;228;244;166;Libba;x;
19142;234;3;236;Zaiza;x;
19143;234;243;236;Qastal;x;
19144;234;243;234;Bayir;x;
19145;228;224;66;Jarba;x;
19146;217;32;96;Quweira;x;
19147;38;188;239;Mudawwara;x;
19148;38;192;239;Madyan;x;
19149;17;71;37;Ainun;x;
19150;176;155;36;Ishkhani;x;
19151;234;233;236;Ruwallah;x;
19152;176;2;76;Singa;x;
19153;36;2;76;Karbanon;x;
19154;76;21;76;Kurtam;x;
19155;76;22;76;Mar Yaqub;x;
19156;36;152;76;Nisibyn;x;
19157;234;232;6;Rawandan;x;
19158;234;232;7;Tall-Halid;x;
19159;207;71;12;Aushariya;x;
19160;176;51;16;Qabasin;x;
19161;36;153;76;Inab;x;
19162;76;202;76;Tizin;x;
19163;234;231;239;Safirah;x;
19164;234;232;5;Bir;x;
19165;207;71;16;Qusair;x;
19166;207;71;15;Zalabiyah;x;
19167;207;207;19;Bira;x;
19168;207;71;13;Fudayn;x;
19169;207;71;14;Makisin;x;
19170;207;71;19;Al-Suwwar;x;
19171;18;86;166;Tell Sheikh Hamad;x;
19172;207;71;18;Munhariq;x;
19173;207;71;11;Kifrin;x;
19174;207;71;17;Al-Nihiyyah;x;
19175;201;71;93;Al-Jibal;x;
19176;18;87;166;Andarig;x;
19177;18;88;166;Al-Ya'rubiyah;x;
19178;247;247;65;Sarbane;x;
19179;247;247;244;Azakh;x;
19180;247;247;67;Bazabda;x;
19181;247;247;66;Tur Abdin;x;
19182;228;182;8;Mor-Hananyo;x;
19183;178;44;1;Dunaysir;x;
19184;178;178;1;Aradah;x;
19185;202;71;93;Jahshiyyah;x;
19186;178;178;2;Tall Halaf;x;
19187;178;43;1;Sahal;x;
19188;176;176;1;Ganaba;x;
19189;107;71;196;Kalkan;x;
19190;247;6;237;Elih;x;
19191;107;71;96;Ziata;x;
19192;247;7;237;Bashiqa;x;
19193;247;8;237;Beth Dasen;x;
19194;247;9;237;Marga;x;
19195;238;121;23;Wiranshehir;x;
19196;2;61;96;Arzuhin;x;
19197;247;247;247;Al-Dur;x;
19198;202;71;94;Kadisiyah;x;
19199;1;61;46;Itakhiyah;x;
19200;247;247;217;Nebai;x;
19201;227;4;96;Darband-Qalabuli;x;
19202;118;21;111;Khobar;x;
19203;18;21;111;Tarout;x;
19204;157;3;196;Arfagat;x;
19205;27;71;27;Al-Qura;x;
19206;157;3;16;Wafra;x;
19207;157;3;1;Nafud;x;
19208;234;233;237;Zaabal;x;
19209;234;233;238;Marid;x;
19210;234;233;239;Dumatha;x;
19211;44;82;98;Badhaward;x;
19212;188;182;16;Suk Bahr;x;
19213;44;82;97;Huwaiza;x;
19214;247;247;254;Shavur;x;
19215;3;61;96;Karun;x;
19216;117;71;96;Kul-e Farah;x;
19217;188;182;19;Jayzan;x;
19218;188;182;18;Rishahr;x;
19219;247;247;255;Kuhrang;x;
19220;238;81;21;Dorud;x;
19221;238;181;21;Silakhor;x;
19222;213;212;213;Borujerd;x;
19223;213;71;213;Anuch;x;
19224;148;82;198;Tuyserkan;x;
19225;138;21;106;Nurabad-Sarmaj;x;
19226;147;82;198;Nurabad;x;
19227;146;82;198;Poldokhtar;x;
19228;38;82;21;Kamyaran;x;
19229;238;82;21;Palangan;x;
19230;38;81;21;Mahidasht;x;
19231;149;82;198;Sisar;x;
19232;227;3;96;Ardalan;x;
19233;158;182;195;Masabadhan;x;
19234;18;84;166;Bendink;x;
19235;145;82;198;Masabadhan;x;
19236;18;81;166;Bandanijan;x;
19237;18;83;166;Nistar;x;
19238;188;82;18;Gambulu;x;
19239;44;82;96;Al-Sikr;x;
19240;188;82;17;Fam al-Silh;x;
19241;188;82;16;Dayr al-'Aqul;x;
19242;158;3;216;Kifl;x;
19243;18;89;166;Garmakan;x;
19244;232;231;96;Kanatir;x;
19245;232;71;96;Taffir;x;
19246;247;247;3;Tharthar;x;
19247;231;231;96;Dayr al-Jathaliq;x;
19248;231;71;232;Muhawwal-Maskin;x;
19249;18;85;166;Sarsar;x;
19250;231;71;231;Katrabbul;x;
19251;188;182;15;Fallujah;x;
19252;188;82;15;Qussīn;x;
19253;188;82;14;Qutqutanah;x;
19254;144;82;98;Udhaib;x;
19255;144;82;198;Ullais;x;
19256;188;182;17;Mandam;x;
19257;155;21;6;Jirab;x;
19258;28;185;76;Sabkhah;x;
19259;28;182;76;Katan;x;
19260;233;233;46;Khor;x;
19261;233;231;233;Khuwayr;x;
19262;208;9;8;Udayd;x;
19263;8;9;208;Salwah;x;
19264;8;8;208;Nadqan;x;
19265;28;181;76;Haradh;x;
19266;201;9;9;Tawdihiyah;x;
19267;228;228;32;Na'am;x;
19268;57;228;32;Manfuha;x;
19269;200;200;15;Al-Dirah;x;
19270;228;228;33;Hadjr;x;
19271;178;71;71;Haradhah;x;
19272;228;6;32;Al-Majazah;x;
19273;57;151;96;Hanifa;x;
19274;158;4;215;Banu-Muharib;x;
19275;158;5;215;Qaryat al-Faw;x;
19276;158;5;22;Dawasir;x;
19277;198;199;9;Banu-al-Harith;x;
19278;198;23;9;Zahran;x;
19279;57;11;212;Nakha;x;
19280;228;71;33;Qarma;x;
19281;227;171;33;Qurran;x;
19282;227;21;34;Tharmada;x;
19283;227;171;34;Shaqra;x;
19284;158;3;215;Banu-Fazara;x;
19285;200;200;14;Qasim;x;
19286;217;99;7;Buzakha;x;
19287;200;21;17;Fadak-Ghatafan;x;
19288;57;71;76;Jebel Aja;x;
19289;57;71;77;Jebel Salma;x;
19290;198;23;19;Banu-'Amir;x;
19291;157;171;213;Tha'labah;x;
19292;57;71;214;Jusham;x;
19293;57;71;213;Muharib;x;
19294;200;200;16;Sharaf;x;
19295;57;71;212;Dhubyan;x;
19296;157;171;176;Mislah;x;
19297;57;171;16;Awtas;x;
19298;57;11;213;Banu Murra;x;
19299;57;71;177;Al-'Umaq;x;
19300;157;171;177;Buhran-Al-Ufay'iyyat;x;
19301;57;221;96;As-Salila;x;
19302;57;11;216;Sufaina;x;
19303;217;99;8;Al-Usheyra;x;
19304;227;227;36;Qurh;x;
19305;207;111;15;Dedan;x;
19306;57;3;216;Al-Ais;x;
19307;200;200;17;Harrat-Khaybar;x;
19308;57;152;96;Dhu Al-Qissa;x;;
19309;217;217;8;Waddan;x;
19310;38;189;239;Umluj;x;
19311;227;21;35;Duba;x;
19312;207;11;15;Egra;x;
19313;58;3;216;Bali;x;
19314;200;22;17;Wadi-Al-Qura;x;
19315;57;71;78;Quba;x;
19316;57;171;78;Athayah;x;
19317;197;14;91;Al-Suwayda;x;
19318;38;190;239;Muhdatha;x;
19319;57;71;196;Qasr Al-Hamra;x;
19320;5;61;96;Qasr Al-Radhm;x;
19321;227;227;35;Al-A'ra;x;
19322;200;200;13;Judham;x;
19323;38;191;239;Dhat al-Zirab;x;
19324;4;61;96;Ashab al-Aykah;x;
19325;247;4;96;Qurayyah;x;
19326;57;171;77;Abwa;x;
19327;57;171;76;Juhfa;x;
19328;157;71;176;Khulays-Qudaid;x;
19329;157;71;76;Mina;x;
19330;57;71;176;Arafat;x;
19331;17;71;38;Qurayn;x;
19332;237;71;96;Al-Aqiq;x;
19333;57;11;215;Ahlaf;x;
19334;57;11;214;Khath'am;x;
19335;17;71;39;Al-Lith;x;
19336;217;99;1;Rijal Alma'a;x;
19337;198;23;18;Dhahran;x;
19338;198;23;17;Kuthba;x;
19339;217;99;6;Jusada;x;
19340;138;7;77;Sirwah;x;
19341;226;226;71;Kaukaban;x;
19342;217;199;5;Na'it;x;
19343;217;99;5;Khaiwan;x;
19344;226;226;73;Al-Amashyah;x;
19345;226;226;77;Hajjah;x;
19346;217;99;4;Al-Mahwit;x;
19347;198;21;9;Jazan;x;
19348;217;99;3;Al-Hasuf;x;
19349;217;99;2;Baish;x;
19350;198;22;12;Raqmat;x;
19351;198;22;9;Banu-Yam;x;
19352;198;198;9;Baqim;x;
19353;226;226;72;Ariqah;x;
19354;231;255;8;Hanish;x;
19355;138;7;78;Qarnaw;x;
19356;198;21;8;Ataq;x;
19357;138;177;79;Harib-Qa'tabah;x;
19358;198;21;7;Barran;x;
19359;228;41;66;Sirwah;x;
19360;138;177;78;Haram;x;
19361;217;199;4;Mabar;x;
19362;231;255;6;Ja'ar;x;
19363;5;199;1;Lawdar-Munab;x;
19364;231;255;7;Ahwar;x;
19365;238;21;25;Hadramawt;x;
19366;238;121;25;Inat;x;
19367;228;31;19;Yadhghat;x;
19368;238;121;24;Al-Masilah;x;
19369;218;218;19;Rumah;x;
19370;218;218;18;Sakun;x;
19371;48;122;76;Qusay'ir;x;
19372;128;182;176;Sharmah;x;
19373;218;3;19;Marayt;x;
19374;198;199;8;Dhalkut;x;
19375;3;199;1;Barhut-Hadharem;x;
19376;218;4;19;Hasik;x;
19377;218;6;19;Thumrait;x;
19378;4;199;1;Salalah;x;
19379;238;61;6;Izki-Samail;x;
19380;38;221;43;Fiqain;x;
19381;238;61;7;Jabrin;x;
19382;138;221;146;Nakhl;x;
19383;208;201;12;Yanqul;x;
19384;38;221;223;Dhank;x;
19385;138;221;147;Maqniyat;x;
19386;38;221;7;Adam;x;
19387;38;61;227;Manah;x;
19388;208;21;12;Izki;x;
19389;38;201;12;Rawdah;x;
19390;38;221;44;Liwa;x;
19391;208;21;17;Batina;x;
19392;28;184;76;Julfar;x;
19393;38;221;47;Sharjah;x;
19394;208;21;13;Musandam;x;
19395;38;221;46;Kumzar;x;
19396;208;21;15;Kalba;x;
19397;208;21;14;Madhah;x;
19398;138;221;148;Al-Ain;x;
19399;38;221;48;Qawasim;x;
19400;38;221;45;Al-Qariyat;x;
19401;208;201;13;Bidbid;x;
19402;208;21;16;As-Sib;x;
19403;201;8;9;Tiwi;x;
19404;38;221;42;Al-Rafsa;x;
19405;132;60;35;Al-Hamuda;x;
19406;138;21;7;Al-Ashkharah;x;
19407;38;221;221;Bidiyah;x;
19408;155;21;5;Wadi-Indam;x;
19409;38;221;222;Khaluf;x;
19410;233;233;47;Muhut;x;
19411;38;221;41;Al-Kalban;x;
19412;218;5;19;Duqm;x;
19413;218;7;19;Quwayrah;x;
19414;33;221;35;Kish;x;
19415;208;2;66;Binakath;x;
19416;38;182;66;Suturkath;x;
19417;208;3;66;Hargankath;x;
19418;158;3;3;Chimkent;x;
19419;98;82;17;Wasij;x;
19420;157;32;13;Winkard;x;
19421;117;71;91;Sabat;x;
19422;117;117;96;Kurkath;x;
19423;117;71;93;Zarafshan;x;
19424;117;71;92;Haraqanat;x;
19425;117;117;91;Karwan;x;
19426;208;1;66;Jajistan;x;
19427;158;182;65;Tunkath;x;
19428;98;82;16;Biskath;x;
19429;157;33;13;Zandaramash;x;
19430;188;82;11;Kit;x;
19431;1;193;176;Jakarband;x;
19432;97;72;196;Gyaur-Kala;x;
19433;157;72;196;Toprak-Kala;x;
19434;227;71;3;Akchakhan;x;
19435;3;193;176;Ruzvand-Andarastan;x;
19436;2;193;176;Madra;x;
19437;97;71;196;Tok-Kala;x;
19438;26;51;76;Muji;x;
19439;26;52;76;Baren;x;
19440;53;123;96;Magkan;x;
19441;157;123;96;Zandana;x;
19442;157;122;97;Wardana;x;
19443;55;123;196;Kalif;x;
19444;117;71;95;Kandak;x;
19445;117;71;94;Qaryat al-Bukhariyyin;x;
19446;117;117;92;Dirizdah;x;
19447;157;122;98;Gikam;x;
19448;157;171;196;Bezda;x;
19449;117;117;93;Ribat Huwaran;x;
19450;157;122;96;Paykend;x;
19451;17;171;16;Miyan Kal;x;
19452;157;171;195;Arbinjan;x;
19453;57;171;195;Hudimankan;x;
19454;157;31;13;Madiyamgakat;x;
19455;218;218;83;Jerm-Yamgan;x;
19456;218;218;84;Raghistan;x;
19457;233;21;25;Kulyab;x;
19458;233;232;25;Wakhsh;x;
19459;233;21;23;Kafirnigan;x;
19460;233;21;24;Tirmidh;x;
19461;54;123;196;Sankardah;x;
19462;54;123;96;Hashimjird;x;
19463;158;182;66;Vahdat;x;
19464;227;71;17;Sahand;x;
19465;227;227;17;Ruyindiz;x;
19466;227;72;17;Kursara;x;
19467;227;73;17;Ganzak;x;
19468;57;227;96;Qarah Aghaj;x;
19469;244;244;213;Zahhak;x;
19470;244;214;21;Qarah Aghaj;x;
19471;118;89;166;Piranshahr;x;
19472;217;216;96;Shamiran;x;
19473;244;244;230;Tarom;x;
19474;213;82;213;Fuman;x;
19475;213;213;82;Masal;x;
19476;244;44;18;Khashm;x;
19477;244;244;111;Dakhil;x;
19478;158;44;166;Semiran;x;
19479;158;199;166;Qamchqay;x;
19480;244;244;231;Behestan;x;
19481;158;198;166;Marlik-Rudkhan;x;
19482;217;217;96;Siyaden;x;
19483;57;71;217;Qeydar;x;
19484;238;82;1;Alamut;x;
19485;58;18;66;Taleqan-Alamut;x;
19486;178;182;166;Lambesar;x;
19487;233;233;38;Alham;x;
19488;244;44;14;Sisangan;x;
19489;244;44;15;Milat;x;
19490;6;171;96;Farahabad;x;
19491;244;44;16;Miyandurud;x;
19492;233;233;35;Mihrawan;x;
19493;158;182;4;Niris;x;
19494;11;182;3;Baduspan-Rarem;x;
19495;11;182;4;Chamno;x;
19496;233;233;37;Firrim;x;
19497;244;44;17;Baduspan;x;
19498;233;233;36;Namiyat;x;
19499;58;9;166;Ramiyan;x;
19500;158;19;166;Minudasht;x;
19501;58;19;66;Kalaleh;x;
19502;244;244;112;Atrek;x;
19503;217;75;96;Atrek;x;
19504;58;5;166;Mishrian;x;
19505;248;5;166;Dahan;x;
19506;217;217;11;Maraveh;x;
19507;58;182;194;Iraj;x;
19508;217;72;96;Iraj;x;
19509;217;73;96;Kan;x;
19510;217;71;97;Mamuniyeh;x;
19511;233;233;33;Gol Khandan;x;
19512;233;233;34;Larijan-Lavij;x;
19513;158;182;5;Garmsar;x;
19514;228;182;9;Stonvand;x;
19515;58;182;6;Dehnamak;x;
19516;158;196;166;Saru;x;
19517;27;71;26;Sorkheh;x;
19518;213;214;213;Tafresh;x;
19519;158;182;194;Darwadh;x;
19520;158;182;193;Namak;x;
19521;213;3;66;Bahar;x;
19522;213;213;61;Razan;x;
19523;244;244;212;Kurijan;x;
19524;217;71;96;Razan;x;
19525;213;213;213;Alvand;x;
19526;213;213;66;Qahavand;x;
19527;57;227;91;Gerrus;x;
19528;117;89;166;Divandarreh;x;
19529;227;227;93;Ribat Kufan;x;
19530;197;71;99;Ahur;x;
19531;234;231;198;Zibad;x;
19532;157;71;113;Afriz;x;
19533;157;71;3;Tabas-e Masina;x;
19534;57;53;96;Zuzan;x;
19535;234;231;96;Sarbisheh;x;
19536;238;172;13;Deyhuk;x;
19537;37;71;37;Bannah;x;
19538;118;182;16;Murghab-Merv;x;
19539;237;237;4;Ribat Nasrak;x;
19540;237;71;5;Kushmaihan;x;
19541;237;72;5;Faz;x;
19542;17;71;226;Mahdiabad;x;
19543;228;182;7;Dandanqan-Talastana;x;
19544;227;227;91;Ukinah;x;
19545;227;227;92;Ushturmagak;x;
19546;227;3;93;Hawzan;x;
19547;3;227;96;Qasr Ahnaf;x;
19548;227;227;14;Araskan;x;
19549;227;227;15;Bahirabad;x;
19550;234;233;95;Rivsharan;x;
19551;187;71;69;Rivsharan;x;
19552;218;2;68;Maimanah;x;
19553;197;7;8;Guzgan;x;
19554;56;123;196;Malin;x;
19555;88;71;196;Ribat Afrigun;x;
19556;88;71;197;Guzgan;x;
19557;218;2;67;Balkhab;x;
19558;97;171;199;Ribat Karzwan;x;
19559;97;71;99;Kanjabad;x;
19560;97;171;198;Kashan;x;
19561;237;71;4;Ribat Baris;x;
19562;218;218;72;Khalaj;x;
19563;237;71;3;Qabr Giyat;x;
19564;57;231;96;Dastajirda;x;
19565;57;23;196;Sidra;x;
19566;57;123;196;Saman;x;
19567;157;157;36;Navida;x;
19568;228;4;35;Nava Vihara;x;
19569;218;218;76;Shulgara;x;
19570;187;31;36;Darah Sof;x;
19571;197;7;7;Marad;x;
19572;197;197;7;Balkhab;x;
19573;7;7;197;Kohistanat;x;
19574;233;232;27;Kaldar;x;
19575;187;31;35;Kilagai;x;
19576;233;232;26;Hazrat;x;
19577;128;193;25;Kapisa;x;
19578;218;218;74;Paitava;x;
19579;5;193;1;Lowgar;x;
19580;228;3;35;Guldara;x;
19581;138;121;133;Qalat-Wardak;x;
19582;38;121;133;Wardak;x;
19583;7;193;8;Behsud;x;
19584;6;193;1;Charikar;x;
19585;38;193;239;Paghman;x;
19586;198;93;75;Lamghan;x;
19587;57;51;196;Adinapur;x;
19588;57;52;196;Alishing;x;
19589;228;3;34;Hadda;x;
19590;238;31;31;Shibar;x;
19591;238;221;11;Kakrak;x;
19592;238;31;32;Yakawlang;x;
19593;218;82;82;Saighan;x;
19594;218;218;82;Kahmard;x;
19595;228;5;32;Kakrak;x;
19596;218;182;62;Anjuman;x;
19597;218;218;75;Jarbaya-Shotorak;x;
19598;38;193;238;Ghorband;x;
19599;228;5;35;Bagram;x;
19600;228;5;34;Bazarak;x;
19601;218;82;83;Ahangaran;x;
19602;218;218;71;Khinjan;x;
19603;218;218;81;Nahrin;x;
19604;57;54;196;Mastuj;x;
19605;57;55;196;Drosh;x;
19606;57;196;196;Asmar;x;
19607;238;13;2;Kunar;x;
19608;57;53;196;Pech;x;
19609;238;3;4;Kharv;x;
19610;198;9;76;Biskand;x;
19611;218;218;68;Meshkan;x;
19612;57;54;96;Rivand;x;
19613;157;183;96;Mallahah;x;
19614;198;182;1;Rukh;x;
19615;118;182;15;Roshtkhar;x;
19616;238;3;3;Malen;x;
19617;57;71;57;Rukh;x;
19618;58;8;166;Sanabad;x;
19619;187;71;16;Sahih;x;
19620;228;89;65;Shirvan;x;
19621;58;3;166;Buzanjird;x;
19622;58;4;166;Pishkamar;x;
19623;201;71;96;Pishkamar;x;
19624;217;51;96;Raz;x;
19625;58;7;166;Khabushan-Kalat;x;
19626;228;89;66;Quchan;x;
19627;58;182;9;Juwain;x;
19628;217;74;96;Jalal'aldin;x;
19629;198;8;76;Baihaq;x;
19630;78;182;76;Sankirdar;x;
19631;218;218;69;Khosrogerd;x;
19632;58;6;166;Khosrogerd-Rivand-Arghian;x;
19633;238;4;3;Bardeskan;x;
19634;13;238;3;Torshiz;x;
19635;37;71;36;Kundur;x;
19636;58;182;7;Darvar;x;
19637;58;182;8;Shahvar;x;
19638;18;82;166;Aseran;x;
19639;218;2;69;Meyami;x;
19640;158;197;166;Shahvar-Mehrnegar;x;
19641;193;21;8;Pasaband;x;
19642;193;193;7;Taywarah;x;
19643;7;193;7;Shahrak;x;
19644;187;71;67;Astarabyan;x;
19645;187;71;68;Awbah;x;
19646;193;193;8;Tagab;x;
19647;193;21;9;Baghran;x;
19648;237;38;96;Saghar;x;
19649;38;91;32;Waras;x;
19650;193;21;11;Chagcharan;x;
19651;193;193;11;Ishtarlay;x;
19652;193;21;12;Shahristan;x;
19653;187;71;12;Takinabad;x;
19654;193;193;12;Gizab;x;
19655;227;3;1;Awbeh;x;
19656;157;169;144;Karukh-Kushk;x;
19657;157;69;4;Zarghun;x;
19658;58;82;226;Haysar;x;
19659;58;82;227;Kuwashan;x;
19660;58;82;228;Babnah;x;
19661;233;71;96;Bashan-Herat;x;
19662;234;231;197;Bakharz;x;
19663;157;69;3;Ghoriyan;x;
19664;157;184;96;Nukdah;x;
19665;234;231;97;Zuzan;x;
19666;57;52;96;Farkird;x;
19667;57;71;56;Harkird-Salumak;x;
19668;234;232;95;Badghis;x;
19669;227;71;36;Kayf;x;
19670;227;227;96;Bamain;x;
19671;157;157;96;Adraskan;x;
19672;234;231;95;Zirkuh;x;
19673;217;52;96;Ghoriyan;x;
19674;57;71;55;Abiz;x;
19675;128;81;66;Jarun;x;
19676;28;81;66;Abarkawan;x;
19677;28;81;166;Namakdan;x;
19678;33;221;31;Bastak;x;
19679;1;2;237;Lavan;x;
19680;237;1;237;Dazuk;x;
19681;33;221;32;Khamir;x;
19682;233;221;32;Dezhgan;x;
19683;33;221;34;Bokht-Ardashir;x;
19684;237;2;237;Fin;x;
19685;18;80;166;Manjaniq;x;
19686;188;82;19;Bazir;x;
19687;58;82;246;Naghan;x;
19688;57;71;116;Gilkart;x;
19689;18;79;166;Sardan;x;
19690;248;41;16;Gardekan;x;
19691;197;71;98;Delijan-Zavaryan;x;
19692;58;182;193;Maranjaab;x;
19693;57;71;225;Qamsar;x;
19694;197;71;96;Badroud;x;
19695;218;2;66;Khalanjan;x;
19696;238;184;21;Khansar;x;
19697;238;84;21;Saman;x;
19698;57;71;226;Hafshejan;x;
19699;28;180;16;Remok;x;
19700;28;180;17;Bardsir;x;
19701;128;180;17;Mahan;x;
19702;227;11;96;Bardsir-Karistan;x;
19703;227;12;96;Mahan-Firzin;x;
19704;4;182;76;Shabjareh;x;
19705;157;187;96;Ganzarud;x;
19706;247;5;237;Rudhan;x;
19707;238;173;13;Chah Kuran;x;
19708;128;180;16;Bafq;x;
19709;57;71;54;Bir-Bar;x;
19710;57;71;8;Awarik;x;
19711;157;188;96;Katruwa;x;
19712;157;185;96;Hurmuz al-Malik;x;
19713;157;171;113;Baaft-Dashtab;x;
19714;157;171;3;Sang;x;
19715;247;4;237;Kurdakan;x;
19716;128;184;66;Walashgerd;x;
19717;157;71;13;Rahbur;x;
19718;238;3;66;Kashistan;x;
19719;237;3;237;Marzaqan;x;
19720;248;82;1;Qasrqand;x;
19721;197;71;97;Jaz-Murian;x;
19722;251;251;11;Bahu Kalat;x;
19723;251;21;13;Negur;x;
19724;248;82;3;Gabrik;x;
19725;248;82;2;Kufich;x;
19726;233;231;177;Darhafan;x;
19727;58;249;58;Barez;x;
19728;58;248;58;Bazman;x;
19729;58;82;199;Narmashir;x;
19730;158;82;199;Pahrag;x;
19731;128;183;66;Puhl-Pahrag;x;
19732;157;189;96;Kurk-Daristan;x;
19733;218;3;66;Kuwar;x;
19734;218;100;13;Runiz;x;
19735;38;72;21;Khafar;x;
19736;238;4;66;Maharlu;x;
19737;237;237;66;Kafrah;x;
19738;218;82;16;Siyag;x;
19739;33;221;36;Nawbandagan;x;
19740;237;4;66;Arjan;x;
19741;251;21;14;Gerash;x;
19742;233;231;176;Khonj;x;
19743;128;182;66;Guwaym;x;
19744;128;181;66;Khabr;x;
19745;247;247;55;Tarom;x;
19746;128;82;66;Haji-Abad;x;
19747;128;83;66;Purg;x;
19748;128;84;66;Fasa;x;
19749;38;71;21;Ij;x;
19750;177;71;7;Palangan;x;
19751;177;71;6;Chahak;x;
19752;177;171;6;Cheshmeh Shirin;x;
19753;177;171;7;Abadeh;x;
19754;218;82;13;Abruwan;x;
19755;248;42;16;Zeydun;x;
19756;33;221;37;Ramgerd;x;
19757;33;221;38;Abraj-Beyza;x;
19758;47;21;100;Arsanjan;x;
19759;147;21;100;Bakhtegan;x;
19760;38;71;22;Zarkan;x;
19761;237;237;67;Sepidan;x;
19762;208;21;33;Izadkhast;x;
19763;238;83;21;Abada;x;
19764;218;218;3;Farashband;x;
19765;218;3;218;Bardestan;x;
19766;218;82;15;Najiram;x;
19767;237;5;96;Qir;x;
19768;5;237;96;Kirand;x;
19769;218;218;66;Gor;x;
19770;48;183;76;Reishahr;x;
19771;251;21;15;Mehran;x;
19772;218;82;14;Asir;x;
19773;6;237;96;Kuran;x;
19774;211;237;96;Barab;x;
19775;1;1;237;Irahistan;x;
19776;138;21;116;Washuk;x;
19777;138;161;176;Chagai;x;
19778;138;161;106;Naalbandin;x;
19779;238;161;176;Rakhshan;x;
19780;138;21;115;Kech;x;
19781;251;222;16;Kokahdan;x;
19782;251;22;13;Kalmat;x;
19783;218;218;61;Baloch;x;
19784;218;33;33;Soran;x;
19785;187;171;14;Haozdar;x;
19786;187;71;15;Zaliq;x;
19787;157;186;96;Isbid;x;
19788;238;232;2;Hinglaj;x;
19789;251;222;17;Uthal;x;
19790;251;22;17;Somiani;x;
19791;251;22;16;Gondrani;x;
19792;251;22;15;Gajor-Basima;x;
19793;222;222;1;Budin-Surab;x;
19794;37;31;196;Wad;x;
19795;238;66;3;Kachhi;x;
19796;238;164;3;Mehrgarh;x;
19797;238;222;33;Kalat-Sewa;x;
19798;38;222;33;Nushki;x;
19799;222;21;222;Sarawan;x;
19800;187;171;13;Khawaj;x;
19801;187;171;12;Taq;x;
19802;187;71;14;Kuh-e Khwajeh;x;
19803;187;71;13;Jizah;x;
19804;208;21;27;Rudbar;x;
19805;238;21;127;Landay;x;
19806;208;21;26;Garmsir;x;
19807;187;171;96;Firuzqand;x;
19808;238;163;9;Paktika;x;
19809;238;3;9;Wazir;x;
19810;38;121;132;Nawur;x;
19811;238;163;8;Jaghatu;x;
19812;218;218;73;Gelan;x;
19813;198;71;96;Charkh;x;
19814;228;5;33;Tepe Sardar;x;
19815;193;21;176;Uruzgan;x;
19816;1;193;12;Ajristan;x;
19817;193;1;12;Malistan;x;
19818;193;193;9;Khakar;x;
19819;238;164;9;Paktya;x;
19820;247;247;253;Zurmat;x;
19821;208;21;23;Takinabad;x;
19822;187;71;66;Dartal;x;
19823;28;182;16;Mundigak;x;
19824;28;181;16;Qash;x;
19825;208;21;25;Arghistan;x;
19826;187;71;96;Kuhak;x;
19827;208;21;22;Jaldak;x;
19828;208;21;21;Argahandab;x;
19829;208;21;208;Tarnak;x;
19830;208;21;24;Zabulistan;x;
19831;238;162;176;Pul-Chaman;x;
19832;233;231;175;Sivistan;x;
19833;238;163;176;Walishtan;x;
19834;238;222;34;Kwatkot;x;
19835;238;164;6;Gambila;x;
19836;187;71;11;Zerok;x;
19837;234;232;9;Khattak;x;
19838;238;164;7;Torai;x;
19839;222;222;12;Paradan;x;
19840;218;182;66;Barkhan;x;
19841;218;182;61;Musakhel;x;
19842;52;108;78;Kaniguram;x;
19843;238;164;8;Wanna;x;
19844;158;82;196;Kalmand;x;
19845;138;11;176;Anarak;x;
19846;238;221;246;Nakhlak;x;
19847;238;221;13;Mafaza;x;
19848;238;171;13;Khur;x;
19849;128;85;66;Harat;x;
19850;128;185;66;Royan;x;
19851;158;82;195;Shir Kuh;x;
19852;143;82;198;Abarquh;x;
19853;251;22;14;Awaran;x;
19854;2;182;2;Poskam;x;
19855;157;221;98;Kargil;x;
19856;227;71;96;Phuktal;x;
19857;157;221;99;Zanskar;x;
19858;251;17;66;Garwhal;x;
19859;1;182;1;Shingshal;x;
19860;36;33;76;Brokpa;x;
19861;2;182;1;Misgar;x;
19862;136;33;76;Gojal-Burusho;x;
19863;36;32;76;Sarikol;x;
19864;36;31;76;Dafdar;x;
19865;2;182;166;Kanjut;x;
19866;198;82;96;Mastuj;x;
19867;36;34;76;Khik;x;
19868;198;82;91;Kohistan;x;
19869;36;35;76;Broghil;x;
19870;238;13;1;Gulmarg;x;
19871;227;71;93;Martanda;x;
19872;128;193;248;Suyyapur-Karnah;x;
19873;227;71;94;Kupwara;x;
19874;227;71;196;Huviskapura;x;
19875;227;13;15;Punch;x;
19876;128;193;249;Balakot-Bomba;x;
19877;157;221;96;Sazin;x;
19878;198;82;68;Mansehra;x;
19879;157;221;97;Amb;x;
19880;28;71;28;Jakhu;x;
19881;172;71;71;Ajnala;x;
19882;28;73;66;Bhati;x;
19883;117;71;194;Mong;x;
19884;228;72;66;Gujjar;x;
19885;228;143;175;Babbapura;x;
19886;128;43;75;Jalandhar;x;
19887;172;71;74;Nakodar;x;
19888;172;71;73;Dasuya;x;
19889;28;253;75;Nagarkot;x;
19890;128;45;75;Rahon-Mahilpur;x;
19891;218;7;75;Bilaspur;x;
19892;172;71;72;Nagarkot;x;
19893;228;203;45;Vallapura;x;
19894;228;13;15;Durgara;x;
19895;128;44;75;Trikuta;x;
19896;228;71;66;Khokhar;x;
19897;238;13;3;Mardan;x;
19898;4;193;176;Buner;x;
19899;36;22;76;Shergarh;x;
19900;198;82;92;Butkara;x;
19901;227;72;196;Swat;x;
19902;227;71;16;Malakand;x;
19903;198;182;91;Oddiyana;x;
19904;233;3;16;Rawalpindi;x;
19905;227;71;95;Jand;x;
19906;117;71;193;Waihind;x;
19907;198;82;93;Chach;x;
19908;178;12;166;Dhund;x;
19909;36;21;76;Sirsukh;x;
19910;238;218;238;Kohat;x;
19911;5;193;176;Oddiyana;x;
19912;198;82;67;Dina;x;
19913;78;12;166;Kahut;x;
19914;28;33;75;Nandnu;x;
19915;128;33;75;Khewra;x;
19916;117;71;196;Dinkot;x;
19917;228;2;0;Darsamand;x;
19918;218;218;77;Dawar;x;
19919;234;231;9;Karak;x;
19920;234;231;199;Kallur;x;
19921;178;5;6;Sitpur;x;
19922;228;193;195;Tank;x;
19923;228;1;0;Derajat;x;
19924;238;164;4;Tank-Kurram;x;
19925;18;3;176;Jandola;x;
19926;238;164;5;Darazinda;x;
19927;228;93;25;Taunsa;x;
19928;38;164;5;Zarkani;x;
19929;178;6;6;Khairpur;x;
19930;178;6;7;Dingarh;x;
19931;178;178;7;Rohi;x;
19932;28;193;29;Marot;x;
19933;228;73;66;Chugher;x;
19934;51;108;78;Fatehpur;x;
19935;128;34;75;Kallurkot;x;
19936;17;71;196;Warcha;x;
19937;117;71;195;Kallurkot-Janjua;x;
19938;28;253;74;Raikot-Ludhiana;x;
19939;251;16;66;Haritanaka;x;
19940;128;4;66;Khidrana;x;
19941;128;5;66;Punwar;x;
19942;2;2;202;Hisar;x;
19943;128;128;67;Jayantapuri;x;
19944;2;2;201;Kalibangan-Sodhal;x;
19945;28;74;66;Sirsa;x;
19946;128;2;66;Kharial;x;
19947;128;3;66;Sodhal;x;
19948;137;32;196;Malir;x;
19949;128;93;175;Thari;x;
19950;237;37;96;Naukot;x;
19951;138;21;114;Nagarparkar;x;
19952;138;21;113;Diplo;x;
19953;37;32;196;Kirthar;x;
19954;236;214;16;Amri;x;
19955;137;33;196;Kandhkot;x;
19956;237;33;96;Kalhora;x;
19957;237;34;96;Mohenjo_Daro;x;
19958;236;213;16;Kot Diji;x;
19959;57;171;1;Kashmor;x;
19960;171;171;1;Sui;x;
19961;237;35;96;Khetran;x;
19962;238;164;2;Budahah;x;
19963;238;164;176;Bugti;x;
19964;238;164;1;Marri;x;
19965;237;36;96;Kahan;x;
19966;251;254;17;Tanot;x;
19967;128;6;66;Lal Kot;x;
19968;251;14;66;Anangpur;x;
19969;128;128;66;Ahir;x;
19970;128;7;66;Gohana;x;
19971;251;15;66;Varana;x;
19972;251;12;66;Kapisthal;x;
19973;251;254;66;Prthudaka;x;
19974;28;72;28;Malerkotla;x;
19975;251;254;65;Sarva;x;
19976;27;71;28;Ropar;x;
19977;172;72;72;Kuninda;x;
19978;72;72;72;Solan;x;
19979;251;254;16;Stravani;x;
19980;254;3;176;Pugal;x;
19981;88;21;8;Barsalpur;x;
19982;138;2;2;Bhadra;x;
19983;138;2;3;Churu;x;
19984;128;9;75;Dhavalapuri;x;
19985;228;221;75;Tilpat;x;
19986;138;2;5;Alwar;x;
19987;138;2;4;Jhajjar;x;
19988;2;221;4;Rewari;x;
19989;88;51;11;Marwar;x;
19990;88;51;12;Bapini;x;
19991;1;254;176;Phalavardhika;x;
19992;2;254;176;Kotra;x;
19993;254;2;176;Viratra;x;
19994;88;21;9;Ramgarh-Ludrava;x;
19995;158;82;96;Pokhran;x;
19996;3;182;166;Gudamalani;x;
19997;228;5;16;Kotdwar;x;
19998;18;193;75;Dhampur;x;
19999;18;242;164;Chaneti;x;
20000;251;13;66;Kanakhala;x;
20001;18;242;165;Badrinath;x;
20002;198;12;12;Chandpur Garhi;x;
20003;58;144;36;Ieranto;x;
20004;58;144;35;Acri;x;
20005;58;144;34;Tarsia;x;
20006;58;144;134;Corigliano;x;
20007;58;144;135;Cutro;x;
20008;58;144;136;Anglona;x;
20009;58;144;137;Romilly;x;
20010;58;144;138;Provins;x;
20011;158;44;4;Faou;x;
20012;158;44;3;Corseul;x;
20013;158;244;4;Laz;x;
20014;58;44;4;Mezle;x;
20015;58;44;5;Briec;x;
20016;58;144;3;Ploerin;x;
20017;158;244;3;Racter;x;
20018;58;44;6;Châtelaudren;x;
20019;58;44;7;Sabran;x;
20020;58;44;8;Château-Arnoux;x;
20021;58;44;9;Thorenc;x;
20022;58;44;199;Saint-Auban;x;
20023;58;44;11;Cinarca;x;
20024;58;44;12;Cales;x;
20025;58;44;13;Pesto;x;
20026;58;244;1;Usingen;x;
20027;58;184;33;Humbach;x;
20028;58;244;2;Rheinfels;x;
20029;158;44;76;Hunfeld;x;
20030;176;77;56;Werngau;x;
20031;111;51;4;Schuttern;x;
20032;111;51;5;Schwarzach;x;
20033;111;51;6;Hallstadt;x;
20034;111;51;7;Feuchtwangen;x;
20035;111;151;8;Niederaltaich;x;
20036;111;151;9;Metten;x;
20037;111;151;7;Hasenried;x;
20038;111;51;8;Cruas;x;
20039;111;51;9;Lerins;x;
20040;111;52;9;Kaub;x;
20041;111;52;8;Simorre;x;
20042;111;52;7;Reome;x;
20043;111;52;6;Vitteaux;x;
20044;111;52;5;Saint-Andoche;x;
20045;200;200;33;Vif;x;
20046;200;200;34;Bolanden;x;
20047;16;159;16;Treport;x;
20048;16;158;16;Entrammes;x;
20049;16;157;16;Saosnois;x;
20050;16;57;116;Evron;x;
20051;16;57;117;Silley;x;
20052;16;156;16;Nonancourt;x;
20053;16;151;151;Senonches;x;
20054;16;151;11;Hauteville;x;
20055;76;91;91;Beaumont;x;
20056;76;91;92;Orbec;x;
20057;76;91;93;Lillebonne;x;
20058;76;91;94;Conteville;x;
20059;76;91;95;Vaudreuil;x;
20060;226;51;16;Lyre;x;
20061;216;216;16;Saint-Evroult;x;
20062;216;216;15;Merey;x;
20063;216;216;14;Brenneville;x;
20064;216;216;22;Drincourt;x;
20065;216;216;23;Longueville;x;
20066;216;216;24;Roche-Guyon;x;
20067;206;44;44;Acigne;x;
20068;226;3;88;Penwyth;x;
20069;226;3;133;Pydar;x;
20070;66;151;16;Buckfast;x;
20071;26;21;26;Balatonos;x;
20072;26;21;27;Seleucobelus;x;
20073;26;21;227;Darkush;x;
20074;26;221;227;Jisr Al-Hadid;x;
20075;26;221;27;Baghras;x;
20076;26;21;126;Venessa;x;
20077;26;221;226;Mataza;x;
20078;26;221;225;Sannabadae;x;
20079;26;222;222;Qalyub;x;
20080;26;111;222;Mashtul;x;
20081;26;222;223;Damanhur;x;
20082;216;21;22;Karyun;x;
20083;216;216;21;Canopus;x;
20084;216;216;20;Abu-Mena;x;
20085;216;21;21;Al-Shirak;x;
20086;170;51;16;Equilio;x;
20087;170;223;16;Torcello;x;
20088;170;225;76;Piove;x;
20089;4;51;246;Candiana;x;
20090;170;224;76;Adria;x;
20091;170;223;76;Oriago;x;
20092;170;224;16;Malamacco;x;
20093;36;51;186;Sant'Eufemia;x;
20094;206;221;76;Wemyss;x;
20095;206;221;77;Ross;x;
20096;206;3;77;Monmouth;x;
20097;207;3;177;Tintern;x;
20098;3;3;177;Irchenfield;x;
20099;196;3;33;Casnewydd;x;
20100;196;196;33;Machen;x;
20101;196;196;34;Skenfrith;x;
20102;58;44;196;Elfael;x;
20103;196;44;196;Radnor;x;
20104;196;45;196;Arvester;x;
20105;11;200;200;Clun;x;
20106;12;200;200;Hawarden;x;
20107;13;200;200;Maelor;x;
20108;13;200;13;Dinas Brân;x;
20109;13;200;14;Mechain;x;
20110;13;200;15;Caereinion;x;
20111;3;44;176;Mawddwy;x;
20112;133;133;1;Ardudwy;x;
20113;133;1;1;Gwyrfai;x;
20114;133;2;1;Hay;x;
20115;133;2;2;Stapleton;x;
20116;133;133;2;Kington;x;
20117;133;3;66;Neath;x;
20118;233;44;66;Penrhyn;x;
20119;233;44;61;Amgoed;x;
20120;233;44;62;Pencaer;x;
20121;5;5;66;Cennen;x;
20122;5;5;55;Cilgerran;x;
20123;5;5;56;Caerwedros;x;
20124;5;5;57;Mefenydd;x;
20125;5;5;58;Penweddig;x;
20126;5;55;55;Stowe;x;
20127;5;55;56;Axbridge;x;
20128;5;155;56;Harpetrew;x;
20129;55;55;57;Langport;x;
20130;155;55;55;Athelney;x;
20131;155;155;56;Montacute;x;
20132;155;55;56;Yeovil;x;
20133;5;195;5;Beynac;x;
20134;5;155;6;Mareuil;x;
20135;155;5;5;Bourdeilles;x;
20136;155;5;55;Cadouin;x;
20137;155;5;51;Chalosse;x;
20138;155;5;52;Gabardan;x;
20139;155;5;53;Cazaubon;x;
20140;155;155;5;Flaran;x;
20141;155;155;6;Lugues;x;
20142;155;155;155;Fleurance;x;
20143;5;155;155;Pardiac;x;
20144;155;5;15;Plaisance;x;
20145;155;5;17;Grande Sauve;x;
20146;155;5;16;Laplume;x;
20147;155;5;1;Rocamadour;x;
20148;155;155;76;Belves;x;
20149;155;155;77;Saint-Livrade;x;
20150;155;1;1;Verdelais;x;
20151;7;177;7;Substantion;x;
20152;7;178;7;Montech;x;
20153;7;179;7;Memleben;x;
20154;8;188;8;Itterburg;x;
20155;188;188;8;Frankenberg;x;
20156;8;8;188;Battenberg;x;
20157;188;8;8;Amanaburg;x;
20158;188;8;9;Immichenhain;x;
20159;244;244;8;Schwarzenborn;x;
20160;8;238;238;Kyricheim;x;
20161;9;238;238;Redwitz;x;
20162;238;8;8;Haiger;x;
20163;9;233;8;Steinfurt;x;
20164;9;233;233;Vreden;x;
20165;9;233;9;Velen;x;
20166;133;33;76;Westerstede;x;
20167;133;133;76;Rastede;x;
20168;133;33;77;Löningen;x;
20169;133;33;78;Oite;x;
20170;209;18;76;Wassenberg;x;
20171;229;11;11;Aspel;x;
20172;29;29;76;Gildegau;x;
20173;29;29;77;Werden;x;
20174;29;29;78;Elst;x;
20175;29;29;79;Warmond;x;
20176;29;29;88;Wangerland;x;
20177;29;29;99;Mullaghmast;x;
20178;206;206;206;Dungiven;x;
20179;44;51;76;Naas-Líamhain;x;
20180;44;52;76;Portnahinch;x;
20181;44;53;76;Baltinglass;x;
20182;44;54;76;Clonea-Mothel;x;
20183;44;154;176;Fermoy;x;
20184;44;154;177;Kilmallock;x;
20185;44;54;71;Blarney;x;
20186;233;151;76;Tipperary;x;
20187;233;51;76;Knockainey;x;
20188;233;111;33;Toomevara;x;
20189;211;3;76;Knockmoy;x;
20190;33;33;76;McDermott;x;
20191;199;199;9;Mayo;x;
20192;33;33;77;Loughrea;x;
20193;33;33;78;Rosclogher;x;
20194;33;33;79;Dunseveric;x;
20195;33;222;222;Clontuskert;x;
20196;33;33;55;Gurson;x;
20197;33;33;56;Sainte-Foy;x;
20198;233;33;33;Monségur;x;
20199;233;33;34;Queyran;x;
20200;187;187;3;Cairlinn;x;
20201;187;3;187;Threana;x;
20202;187;3;3;Mugdornd;x;
20203;188;188;66;Dunamon;x;
20204;188;188;65;Guaire;x;
20205;211;44;44;Arquata-Montemonaco;x;
20206;211;44;45;San Vittorino;x;
20207;211;44;46;Sant'Angelo;x;
20208;211;44;7;Santo Stefano;x;
20209;211;44;8;Pratalonga;x;
20210;211;44;9;Fabriano;x;
20211;211;211;14;Sant'Angelo;x;
20212;211;211;15;Montelabbate;x;
20213;211;211;16;Suasa-San-Lorenzo;x;
20214;11;2;211;Ostra;x;
20215;3;251;3;Rocca Contrada;x;
20216;222;222;33;Cingoli;x;
20217;222;225;3;Cerea;x;
20218;222;225;4;Marmirolo;x;
20219;222;225;5;Piadena;x;
20220;225;109;33;Pontevico;x;
20221;225;110;33;Camonico;x;
20222;111;44;111;Lodrone;x;
20223;225;5;5;Vangadizza;x;
20224;55;5;66;Plomin;x;
20225;55;5;65;Dvigrad;x;
20226;177;177;7;Fucecchio;x;
20227;217;7;7;Subbiano;x;
20228;217;7;8;Nipozzano;x;
20229;231;111;16;Cona;x;
20230;232;112;16;Ficarolo;x;
20231;239;112;16;Marlia;x;
20232;239;239;16;Bargiglio;x;
20233;110;40;30;Ramuscello;x;
20234;200;200;9;Spilimbergo;x;
20235;200;200;11;Lengberg;x;
20236;200;200;12;Malentein;x;
20237;202;202;13;Moycosquin;x;
20238;244;111;13;Donnagrenan;x;
20239;244;191;14;Tullyhogue;x;
20240;244;191;13;Belleek;x;
20241;244;191;12;Carrigaholt;x;
20242;244;191;11;Leixlip;x;
20243;244;191;21;Sperlonga;x;
20244;251;27;111;Merate;x;
20245;251;251;111;Gorgonzola;x;
20246;251;13;13;Casotto;x;
20247;251;13;14;Varzi;x;
20248;251;251;14;Zavattarello;x;
20249;251;14;14;Florentiola;x;
20250;251;14;15;Binasco;x;
20251;251;15;15;Brembio;x;
20252;251;15;16;Caravaggio;x;
20253;251;111;16;Bassignana;x;
20254;251;112;16;Masio;x;
20255;199;99;99;Pollentia;x;
20256;199;199;99;Clavesana;x;
20257;199;99;9;Bagienna;x;
20258;199;99;98;Gassino;x;
20259;199;98;98;Piossasco;x;
20260;111;233;233;Loano;x;
20261;233;111;111;Toirano;x;
20262;111;233;111;Vars;x;
20263;111;234;111;Demonte;x;
20264;233;111;21;Masino;x;
20265;233;161;21;Bard;x;
20266;233;161;22;Moreruela;x;
20267;233;161;23;Almaraz;x;
20268;233;161;24;Alija;x;
20269;233;1;24;Negrillos;x;
20270;233;111;44;Ardón;x;
20271;233;121;44;San-Marco;x;
20272;233;122;44;Rota;x;
20273;233;123;44;Caiatia;x;
20274;233;124;44;Sinuessa;x;
20275;233;125;44;Pantano;x;
20276;233;126;44;Faifoli;x;
20277;233;126;45;Graulhet;x;
20278;233;126;94;Vielmur;x;
20279;233;126;95;Caunes;x;
20280;55;200;99;Pissos;x;
20281;233;136;95;Cazeneuve;x;
20282;233;43;33;Sabres;x;
20283;233;146;95;Brassenx;x;
20284;233;146;77;Laharie;x;
20285;233;146;78;Montcucq;x;
20286;233;146;79;Veraire;x;
20287;233;136;79;Cancale;x;
20288;233;137;79;Lamballe;x;
20289;3;233;33;Hunaudaye;x;
20290;213;127;79;Samatan;x;
20291;213;137;79;Vernose;x;
20292;11;51;76;San Salvatore;x;
20293;12;51;76;Rabenstein;x;
20294;212;51;76;Forchheim;x;
20295;13;51;76;Zenna;x;
20296;14;51;76;Furth;x;
20297;15;51;76;Hersbruck;x;
20298;22;51;76;Velburg;x;
20299;116;21;76;Windsheim;x;
20300;116;22;76;Pleinfeld;x;
20301;116;23;76;Kranzberg;x;
20302;44;44;61;Höchstadt;x;
20303;222;222;66;Biberbach;x;
20304;44;44;62;Wertingen;x;
20305;44;44;66;Zusmarshausen;x;
20306;44;44;65;Heilbronn;x;
20307;44;44;67;Amorbach;x;
20308;44;144;67;Mildenburg;x;
20309;44;44;68;Lohrbach;x;
20310;44;44;69;Dilsberg;x;
20311;44;43;69;Bartenstein;x;
20312;44;43;68;Bernbeuren;x;
20313;44;43;67;Ammergau;x;
20314;44;43;66;Germering;x;
20315;44;43;65;Langenbach;x;
20316;44;43;64;Mowenheim;x;
20317;44;43;63;Ruppmannsburg;x;
20318;224;224;100;Ursberg;x;
20319;224;44;100;Haltenberg;x;
20320;224;224;111;Moringen;x;
20321;181;181;181;Hampton;x;
20322;181;181;2;Wealtham;x;
20323;181;181;3;Hwitegre;x;
20324;181;181;4;Woking;x;
20325;221;41;61;Biline;x;
20326;222;42;61;Kurjak;x;
20327;222;42;62;Podgorje;x;
20328;221;42;61;Zelengrad;x;
20329;222;43;61;Klokoč;x;
20330;222;43;62;Pisarovina;x;
20331;222;43;63;Glina;x;
20332;222;43;64;Majšperk;x;
20333;222;44;64;Središće;x;
20334;222;45;64;Mirna;x;
20335;222;222;11;Krsko;x;
20336;33;51;76;Vrbovec;x;
20337;99;51;76;Gerbstedt;x;
20338;99;52;76;Isen;x;
20339;99;53;76;Nagyboszormeny;x;
20340;22;51;36;Rungholt;x;
20341;196;53;76;Pellworm;x;
20342;196;52;76;Amrum;x;
20343;196;51;76;Horsbüll;x;
20344;22;51;26;Everschop;x;
20345;33;51;66;Alise;x;
20346;34;51;66;Lure;x;
20347;234;51;66;Montfaucon;x;
20348;235;51;66;Pouilly;x;
20349;235;52;66;Brancion;x;
20350;199;150;6;Glenne;x;
20351;190;50;76;Couches;x;
20352;4;51;76;Uxelles;x;
20353;99;99;76;Norges;x;
20354;122;51;76;Ancares;x;
20355;123;51;76;Ferreira;x;
20356;124;51;76;Quiroga;x;
20357;125;51;76;Brignais;x;
20358;133;51;76;Pesmes;x;
20359;134;51;76;Amous;x;
20360;22;151;76;Simaxis;x;
20361;39;11;76;Hulst;x;
20362;39;12;76;Bouvines;x;
20363;39;13;76;Saint-Amand;x;
20364;39;14;76;Oisy;x;
20365;122;53;76;Signy;x;
20366;122;54;76;Thiérache;x;
20367;244;204;7;Fervaques;x;
20368;133;33;36;Crèvecœur;x;
20369;153;33;36;Seu d'Urgell;x;
20370;44;51;46;Santa Cecília;x;
20371;221;51;76;Sollenberge;x;
20372;133;51;3;Uzès;x;
20373;211;201;33;Belcastel;x;
20374;211;202;33;Bourg;x;
20375;3;202;33;Espalion;x;
20376;4;202;33;Archiac;x;
20377;199;199;111;Bouteville;x;
20378;199;3;11;Merpins;x;
20379;199;4;11;Jarnac;x;
20380;199;5;11;Saint-Jean;x;
20381;177;51;76;Montmaur;x;
20382;177;52;76;Sassenage;x;
20383;177;53;76;Clermont;x;
20384;177;54;76;Bourgoin;x;
20385;177;177;76;Maubec;x;
20386;177;177;77;Saint-Donat;x;
20387;177;177;78;Thorrenc;x;
20388;177;50;76;Condrieu;x;
20389;177;112;76;Chapteuil;x;
20390;222;51;1;Caumont;x;
20391;222;51;2;Manosque;x;
20392;222;212;2;Châteaurenard;x;
20393;222;212;3;Peyrolles;x;
20394;222;212;4;Vernègues;x;
20395;253;13;11;Chalais;x;
20396;3;51;3;Flotte;x;
20397;4;51;4;Lescar;x;
20398;111;33;11;Tittmoning;x;
20399;111;133;11;Wildshut;x;
20400;111;133;12;Pöls;x;
20401;3;44;19;Črmljen;x;
20402;4;44;19;Saint Asaph;x;
20403;11;1;222;Reichersberg;x;
20404;217;17;7;Natternberg;x;
20405;217;217;217;Osterhofen;x;
20406;217;216;217;Regenstauf;x;
20407;203;3;1;Laaber;x;
20408;203;4;1;Rotthal;x;
20409;88;44;66;Rein;x;
20410;88;44;65;Bruck;x;
20411;33;144;66;Rancon;x;
20412;34;144;66;Solignac;x;
20413;35;144;66;Mévouillon;x;
20414;36;144;66;Martigues;x;
20415;229;44;3;Asmesnal;x;
20416;229;44;4;Yeltes;x;
20417;229;229;4;Fermoselle;x;
20418;122;60;6;Säckingen;x;
20419;122;61;6;Stuhlingen;x;
20420;3;199;66;Nordburg;x;
20421;199;3;15;Wienhausen;x;
20422;4;199;66;Nienover;x;
20423;155;44;155;Duderstadt;x;
20424;155;44;154;Adelebsen;x;
20425;44;48;66;Eisleben;x;
20426;229;229;9;Hallenburg;x;
20427;1;44;66;Ilmenau;x;
20428;111;111;112;Auma;x;
20429;111;111;113;Wasten;x;
20430;111;222;113;Hodenhagen;x;
20431;23;33;76;Barenburg;x;
20432;23;33;77;Bassum;x;
20433;211;51;76;Rahden;x;
20434;229;51;76;Werenwag;x;
20435;229;229;16;Mühlheim;x;
20436;229;229;17;Villingen;x;
20437;229;51;77;Friedingen;x;
20438;229;51;78;Urslingen;x;
20439;214;51;76;Winzingen;x;
20440;200;3;33;Eraclea;x;
20441;202;3;33;Bibione;x;
20442;33;51;24;Fehrbellin;x;
20443;34;51;24;Ten Goye;x;
20444;35;51;24;Beselare;x;
20445;203;203;76;Hasbruc;x;
20446;203;3;76;Therouanne;x;
20447;222;222;76;Avesnes;x;
20448;56;222;222;Mont-Saint-Éloi;x;
20449;244;221;222;Bilzen;x;
20450;244;222;222;Vise;x;
20451;233;251;1;Vedea;x;
20452;233;251;2;Ruse;x;
20453;233;251;3;Vetren;x;
20454;233;251;4;Golesh;x;
20455;233;251;5;Senti;x;
20456;233;251;6;Teberda;x;
20457;233;251;7;Tkhach;x;
20458;233;251;8;Maikop;x;
20459;233;251;9;Tamrida;x;
20460;232;251;9;Kalysan;x;
20461;232;151;9;Hajhir;x;
20462;232;251;8;Nait;x;
20463;232;151;8;Ghubbah;x;
20464;232;151;7;Kilmia;x;
20465;232;51;7;Samhah;x;
20466;209;88;19;Crannagh;x;
20467;88;88;88;Galmoy;x;
20468;88;88;89;Granard;x;
20469;89;88;88;Rathcline;x;
20470;211;88;88;Shrule;x;
20471;76;231;76;Clonbroney;x;
20472;111;51;76;Bunratty;x;
20473;111;52;76;Burren;x;
20474;111;53;76;Ibrickan;x;
20475;111;54;76;Skreen;x;
20476;111;55;76;Belderrig;x;
20477;111;56;76;Achill;x;
20478;111;57;76;Delvin;x;
20479;137;177;3;Methven;x;
20480;137;177;137;Birnam;x;
20481;137;137;137;Abernethy;x;
20482;136;137;137;Clackmannan;x;
20483;144;4;44;Cambuskenneth;x;
20484;137;137;136;Cupar;x;
20485;137;222;137;Margam;x;
20486;199;9;76;Boylagh;x;
20487;199;199;19;Banagh;x;
20488;199;9;75;Stranorlar;x;
20489;199;9;74;Fanad;x;
20490;199;9;73;Bredach;x;
20491;199;222;3;Carrickabraghy;x;
20492;199;222;4;Kinelarty;x;
20493;199;222;5;Carrigogunnell;x;
20494;211;222;3;Dalir;x;
20495;211;222;222;Laxárdalr;x;
20496;211;51;2;Mannin;x;
20497;211;52;2;Rahinnane;x;
20498;211;53;2;Coshmaing;x;
20499;211;54;2;Lixnaw;x;
20500;211;55;2;Moricq;x;
20501;189;44;1;Aughagower;x;
20502;189;44;2;Achonry;x;
20503;189;44;3;Innisfallen;x;
20504;189;44;4;Kilmacduagh;x;
20505;189;44;5;Roscam;x;
20506;189;44;6;Annaghdown;x;
20507;0;70;7;Inishbofin;x;
20508;0;71;7;Aughrim;x;
20509;1;71;1;Gamrie;x;
20510;2;44;22;Ardstinchar;x;
20511;2;44;23;Desnesmor;x;
20512;2;44;24;Carnwath;x;
20513;2;44;25;Moffat;x;
20514;58;144;16;Abila;x;
20515;158;124;66;Saidnaya;x;
20516;158;194;66;Arsal;x;
20517;58;144;26;Usaykhim;x;
20518;33;44;66;Rosscarbery;x;
20519;34;44;66;Kilmore;x;
20520;237;44;66;Drishane;x;
20521;236;44;66;Cahervagliar;x;
20522;36;44;66;Kealkill;x;
20523;35;44;66;Kinalea;x;
20524;33;177;1;Bonita;x;
20525;33;177;2;Kyptasia;x;
20526;233;177;2;Stephane;x;
20527;233;177;3;Zaliche;x;
20528;33;177;3;Amnias;x;
20529;33;177;4;Garios;x;
20530;33;177;5;Olous;x;
20531;233;177;5;Kromna;x;
20532;233;177;6;Sandarake;x;
20533;233;177;7;Hypius;x;
20534;233;177;177;Dadokome;x;
20535;1;44;231;Iskila;x;
20536;33;51;111;Torcy;x;
20537;36;51;196;Shibam-Say'un;x;
20538;36;51;197;Gosht;x;
20539;155;74;207;Kyaikkhami;x;
20540;66;63;185;Bilu;x;
20541;143;132;177;Lamaing;x;
20542;28;189;85;Rew;x;
20543;209;210;89;Kawkareik;x;
20544;168;192;58;Zartabyin;x;
20545;68;63;225;Kyondoe;x;
20546;228;63;23;Hlaingbwe;x;
20547;223;223;3;Donwun;x;
20548;208;200;200;Kyaiktiyo;x;
20549;11;243;5;Hpapun;x;
20550;223;77;4;Kamarmaung;x;
20551;228;93;36;Kyebogyi;x;
20552;190;41;58;Pasawng;x;
20553;133;165;175;Demoso;x;
20554;218;126;221;Loikaw;x;
20555;224;140;140;Hsihseng;x;
20556;228;93;35;Hsatung;x;
20557;50;68;149;shan_mountains;x;
20558;248;63;56;Bogo;x;
20559;168;163;185;Shwedaung;x;
20560;248;63;55;Nattalin;x;
20561;104;83;212;Oktwin;x;
20562;74;44;183;Khabaungkyo;x;
20563;178;63;78;Swa;x;
20564;28;193;177;Batia;x;
20565;168;163;5;Taungdwingyi;x;
20566;238;63;185;Peikthanomyo;x;
20567;73;196;200;Natmauk;x;
20568;168;63;225;Meiktilla;x;
20569;68;13;225;Pinle;x;
20570;228;63;185;Magwe;x;
20571;33;144;127;Salay;x;
20572;105;136;164;Myinkaba;x;
20573;44;183;142;Pinlaung;x;
20574;192;148;152;Namtok;x;
20575;174;109;68;Inleywa;x;
20576;239;179;206;Kalaw;x;
20577;213;199;19;Myelat;x;
20578;196;196;120;Shwebontha;x;
20579;186;156;137;Lawksak;x;
20580;183;140;123;Mong-Ping;x;
20581;179;94;90;Hopong;x;
20582;96;224;202;Kyaukse;x;
20583;104;201;157;Myitnge;x;
20584;68;223;185;Taungbyon;x;
20585;68;184;141;Mogok;x;
20586;208;101;181;Monglong;x;
20587;68;14;225;Remyo;x;
20588;215;149;171;Goteik;x;
20589;178;119;128;Hsipaw;x;
20590;127;110;113;Mongtung;x;
20591;149;37;45;Mongkung;x;
20592;228;93;174;Mayang Imphal;x;
20593;128;34;175;Moirang;x;
20594;199;191;3;Malun;x;
20595;48;63;185;Hpou;x;
20596;199;191;2;Mindon;x;
20597;168;193;185;Thapanyaung;x;
20598;198;9;9;Shwehle;x;
20599;5;243;6;Taungup;x;
20600;243;242;6;Cheduba;x;
20601;178;63;75;Kyaukphyu;x;
20602;238;9;9;Thaphanbin;x;
20603;199;222;6;Launggyet;x;
20604;248;233;3;Labutta;x;
20605;248;5;9;Ngapudaw;x;
20606;168;223;185;Ngwesaung;x;
20607;7;243;7;Kyaunggon;x;
20608;248;63;58;Danubyu;x;
20609;248;4;7;Kyonpyaw;x;
20610;5;243;5;Kanaung;x;
20611;222;252;185;Gwa;x;
20612;198;63;185;Kyeintali;x;
20613;89;86;210;Sidoktaya;x;
20614;176;120;80;Salin;x;
20615;148;176;80;Tanyaung;x;
20616;101;88;155;Pauk;x;
20617;73;88;130;Mindat;x;
20618;63;127;153;Htilin;x;
20619;199;191;4;Kamma;x;
20620;81;122;110;Myaing;x;
20621;91;151;194;Salingyi;x;
20622;178;63;77;Powundaung;x;
20623;228;223;11;Mingin;x;
20624;228;13;23;Tabayin;x;
20625;152;195;71;Mingun;x;
20626;135;186;167;Monywa;x;
20627;130;164;209;Shwebo;x;
20628;124;210;106;Malei;x;
20629;171;140;65;Falam;x;
20630;28;193;28;Hakha;x;
20631;131;66;27;Sunle;x;
20632;28;193;27;Kabaw;x;
20633;28;193;26;Tangkhul;x;
20634;19;13;13;Tagaung Mountains;x;
20635;21;171;163;Namhsan;x;
20636;235;185;186;Manton;x;
20637;28;193;25;Sak;x;
20638;126;142;55;Paungbyin;x;
20639;228;23;75;Kadu;x;
20640;128;93;36;Mu Myit;x;
20641;70;160;127;Pinlebu;x;
20642;168;63;85;Htigyaing;x;
20643;125;125;40;Indaw;x;
20644;172;103;172;Migon;x;
20645;144;39;144;Hkamti;x;
20646;156;35;126;Sinbo;x;
20647;213;58;203;Monyang;x;
20648;144;59;123;Indawgyi;x;
20649;128;93;37;Ganan;x;
20650;182;53;182;Homalin;x;
20651;39;109;144;Layshi;x;
20652;32;70;89;Lahe;x;
20653;21;75;47;Nanyun;x;
20654;136;139;230;Bumhpabum;x;
20655;103;105;178;Danai;x;
20656;239;102;218;Hpakant;x;
20657;213;111;164;Kamaing;x;
20658;213;58;96;Mong Kawng;x;
20659;168;103;178;Myitkyina;x;
20660;144;103;178;Waingmaw;x;
20661;92;99;151;Laizar;x;
20662;213;131;58;Banmaw;x;
20663;208;160;174;Shwegu;x;
20664;191;220;111;Mong-Mit;x;
20665;118;216;153;Shweli;x;
20666;38;163;95;Myataung;x;
20667;64;151;163;Yaxi;x;
20668;197;57;123;Zhan Da;x;
20669;200;66;32;Zhen'Xi;x;
20670;120;106;51;Sumprabum;x;
20671;178;134;103;Muang Khon;x;
20672;60;51;196;Triang Bang;x;
20673;199;183;129;Myitsone;x;
20674;178;163;103;Putao;x;
20675;160;154;131;Nogmung;x;
20676;76;135;206;Kawnglangphu;x;
20677;180;113;219;Koksang;x;
20678;45;149;88;Yang Wen Dun;x;
20679;200;179;32;Deang Wat;x;
20680;228;14;75;Tengchong;x;
20681;206;76;183;Mang Shuea;x;
20682;192;92;20;Mong Mao;x;
20683;170;227;194;Mang Bing;x;
20684;199;242;3;Taungtha;x;
20685;233;193;185;Ohn Hne;x;
20686;1;4;185;Vaan;x;
20687;4;223;4;Thongwa;x;
20688;223;76;4;Hmawbi;x;
20689;223;223;4;Hlegu;x;
20690;253;63;33;Laganpahun;x;
20691;98;63;185;Michen;x;
20692;168;63;185;Dalla;x;
20693;248;63;57;Maubin;x;
20694;199;222;7;Urittaung;x;
20695;178;163;76;Peroem;x;
20696;249;7;71;Kyauktaw;x;
20697;249;243;185;Paletwa;x;
20698;18;163;185;Tuipang;x;
20699;218;63;185;Bandarban;x;
20700;188;63;77;Kaptai;x;
20701;198;163;1;Lunglei;x;
20702;68;193;185;Sagarnaiya;x;
20703;28;193;235;Ikdala;x;
20704;228;2;16;Supaul;x;
20705;233;25;27;Koshi;x;
20706;3;223;3;Koch Bihar;x;
20707;68;63;205;Kokrajhar;x;
20708;68;63;204;Bijni;x;
20709;198;193;9;Barnagar;x;
20710;68;63;85;Pragyotisapura-Kajali;x;
20711;188;63;185;Dimarua;x;
20712;198;193;8;Durjaya;x;
20713;240;3;3;Samdhara;x;
20714;240;3;4;Kaliabar;x;
20715;241;103;185;Salagarh;x;
20716;28;93;245;Jorhat;x;
20717;243;103;185;Rangpur;x;
20718;228;213;11;Solaguri;x;
20719;28;193;245;Garhgaon;x;
20720;243;5;11;Sadiya;x;
20721;243;6;11;Matak;x;
20722;243;239;2;Dibrugarh;x;
20723;198;4;4;Lakhimpur;x;
20724;18;63;185;Ratnapur;x;
20725;243;239;1;Dhemaji;x;
20726;18;13;215;Dabaka;x;
20727;240;240;1;Karbi;x;
20728;198;4;5;Cachar;x;
20729;249;7;185;Kacha;x;
20730;198;4;6;Kohima-Zeme;x;
20731;18;13;183;Habiganj;x;
20732;138;240;185;Garo;x;
20733;240;3;5;Asibra;x;
20734;240;5;5;Khasi;x;
20735;240;240;21;Mairang;x;
20736;128;33;175;Mangang;x;
20737;228;93;175;Luwang;x;
20738;224;14;14;Jaintiapur;x;
20739;4;244;144;Jaintia;x;
20740;4;244;244;Jowai;x;
20741;249;63;185;Ao;x;
20742;243;244;6;Changlang;x;
20743;243;4;11;Tirap;x;
20744;169;169;185;Lhota;x;
20745;18;13;181;Doyang;x;
20746;68;194;185;Harikela;x;
20747;98;163;135;Bhola;x;
20748;133;63;185;Patuakhali;x;
20749;134;63;185;Bagerhat;x;
20750;148;63;185;Kamalanka;x;
20751;158;63;185;Nangalkot;x;
20752;128;31;175;Samtata;x;
20753;47;63;185;Agartala;x;
20754;46;63;185;Rangamati;x;
20755;138;63;185;Kailashahar;x;
20756;6;244;244;Kuki;x;
20757;249;6;185;Mizoram;x;
20758;5;244;244;Lushai;x;
20759;18;13;182;Netrokona;x;
20760;22;13;76;Sikaw;x;
20761;22;14;76;Thabeikkyin;x;
20762;22;15;76;Myitsone;x;
20763;110;134;173;Namhkan;x;
20764;22;16;76;Kyaukmyaung;x;
20765;251;251;4;Thulusdhoo;x;
20766;232;1;1;Ariadhoo;x;
20767;232;2;1;Alifushi;x;
20768;233;4;16;Vaavu;x;
20769;251;4;11;Utheemu;x;
20770;251;251;15;Uligan;x;
20771;219;21;24;Makunudhoo;x;
20772;128;123;185;Mulak;x;
20773;197;13;96;Rayigama;x;
20774;251;251;1;Matale;x;
20775;197;12;96;Ratnapura;x;
20776;197;14;96;Dedigama;x;
20777;251;3;3;Tangalle;x;
20778;197;11;96;Kalpitiya;x;
20779;251;251;2;Marichchukkaddi;x;
20780;251;2;2;Abhayagiri;x;
20781;251;2;3;Yapahuwa;x;
20782;28;193;178;Sukaratittha;x;
20783;168;21;174;Kadayam;x;
20784;219;21;21;Thiruchendur;x;
20785;219;21;23;Kayathar;x;
20786;219;219;21;Thoothukudi;x;
20787;219;219;22;Kamuthi;x;
20788;178;178;4;Kambam;x;
20789;178;21;4;Periyar;x;
20790;178;4;4;Palani;x;
20791;219;219;23;Kondarangi;x;
20792;226;26;26;Ayyalur;x;
20793;178;4;5;Kongu;x;
20794;190;53;76;Kodiveri;x;
20795;26;251;26;Erode;x;
20796;219;21;22;Maruthamalai;x;
20797;190;52;190;PozhilVaitchi;x;
20798;6;151;16;Krishnagiri;x;
20799;26;26;26;Thirukodimāda Chenkundrūr;x;
20800;26;27;26;Mazhavarnadu;x;
20801;178;5;5;Namakkal;x;
20802;26;252;26;Attappadi;x;
20803;208;208;19;Udyavara;x;
20804;208;81;19;Alupa;x;
20805;219;21;26;Venni;x;
20806;219;219;27;Kumbakonam;x;
20807;5;151;16;Vedaranyam;x;
20808;219;21;27;Ariyalur;x;
20809;219;21;25;Aathur;x;
20810;4;151;16;Chidambaram-Kadalur;x;
20811;219;219;26;Virudhachalam;x;
20812;178;5;178;Sholayar;x;
20813;168;168;3;Neyyar;x;
20814;38;168;3;Thenmala;x;
20815;178;21;3;Pathanapuram;x;
20816;26;127;26;Venadu;x;
20817;233;3;15;Kundapura;x;
20818;233;4;15;Gokarna;x;
20819;197;8;8;Panaji;x;
20820;228;151;16;Murdeshwar;x;
20821;228;152;16;Chandor;x;
20822;197;9;9;Janjira;x;
20823;197;9;8;Ratnagiri;x;
20824;193;129;134;Dahanu;x;
20825;33;129;134;Bansda;x;
20826;93;129;134;Dharampur;x;
20827;242;4;9;Vellore;x;
20828;208;208;24;Kolar-Begur;x;
20829;242;242;9;Aarani;x;
20830;208;67;66;Chengalpattu;x;
20831;190;51;76;Jambai;x;
20832;190;52;76;Jinji;x;
20833;190;51;190;Kalavai-Aarani;x;
20834;228;193;171;Mylapore;x;
20835;228;193;172;Mamallapuram;x;
20836;228;193;173;Takkaloma;x;
20837;7;151;16;Candragiri;x;
20838;208;208;23;Suragiri;x;
20839;133;182;66;Indukurupeta;x;
20840;208;66;67;Krishnapatnam;x;
20841;21;23;179;Kadapa;x;
20842;208;63;66;Renandu;x;
20843;21;24;179;Cumbum;x;
20844;233;29;27;Nallamala;x;
20845;233;29;28;Dhanyakataka;x;
20846;208;67;67;Kandukura;x;
20847;233;29;29;Kondavidu;x;
20848;233;231;29;Tenali;x;
20849;233;3;17;Kardikal;x;
20850;21;21;179;Raichur;x;
20851;21;21;178;Pattadakal;x;
20852;208;208;18;Dharwad;x;
20853;208;82;18;Sonda;x;
20854;208;82;19;Gadag;x;
20855;208;82;16;Masur-Banavasi;x;
20856;208;208;16;Kudligi-Hirekerur;x;
20857;21;22;179;Adavani;x;
20858;208;85;19;Belum;x;
20859;208;208;22;Atmakur;x;
20860;242;242;7;Ballari;x;
20861;208;62;66;Nidugallu;x;
20862;242;242;6;Vijayanagara;x;
20863;208;83;19;Adoni;x;
20864;208;84;19;Sandur;x;
20865;226;26;27;Kurugodu;x;
20866;208;208;17;Ikkeri;x;
20867;208;82;17;Keladi-Bagalkot;x;
20868;26;26;227;Magadi;x;
20869;26;26;228;Belapura;x;
20870;198;72;66;Sosavur;x;
20871;5;222;66;Belur;x;
20872;26;26;226;Nilgiri;x;
20873;209;209;7;Kurin;x;
20874;209;7;7;Dastgerdan;x;
20875;198;73;66;Pattamundai;x;
20876;133;22;135;Anandapur;x;
20877;133;24;135;Jajpur;x;
20878;133;23;135;Utkala;x;
20879;133;21;134;Baripada;x;
20880;238;3;2;Bahalda-Chaibasa;x;
20881;33;21;33;Kumritar;x;
20882;33;21;34;Haripurgarh;x;
20883;133;125;135;Keonjhar;x;
20884;133;25;135;Kamakhyanagar;x;
20885;3;211;3;Pal-Lahara;x;
20886;229;229;5;Bajrakot;x;
20887;38;229;5;Bonaigarh;x;
20888;38;229;229;Bamra;x;
20889;38;229;228;Sundargarh;x;
20890;218;211;4;Sabar;x;
20891;218;211;5;Kharia;x;
20892;133;125;133;Ratu;x;
20893;2;163;185;Singrauli;x;
20894;18;223;185;Beohari;x;
20895;128;32;175;Dudhinagar;x;
20896;218;4;11;Paharia;x;
20897;233;28;27;Gourigarh;x;
20898;38;229;227;Raigarh;x;
20899;133;21;135;Achanakmar;x;
20900;128;94;75;Katni;x;
20901;233;26;27;Jamui;x;
20902;218;4;3;Laugram;x;
20903;218;211;3;Gokul;x;
20904;68;195;185;Kapilmuni;x;
20905;21;25;179;Caritra;x;
20906;229;6;6;Baudhgarh;x;
20907;229;5;6;Asurgarh-Mahakantara;x;
20908;228;3;16;Kalingapatnam;x;
20909;28;193;176;Pavurallakonda;x;
20910;242;242;8;Junagarh;x;
20911;228;93;7;Bastar;x;
20912;228;93;8;Pushkari;x;
20913;28;193;237;Jagdalpur;x;
20914;4;171;34;Sukma;x;
20915;28;193;175;Nandapur;x;
20916;228;93;9;Jeypore;x;
20917;188;21;16;Chindaka;x;
20918;188;211;16;Indravati;x;
20919;8;211;16;Wainganga;x;
20920;187;31;34;Venkatapuram;x;
20921;133;127;133;Mahanadi;x;
20922;133;128;133;Bhilai;x;
20923;233;27;27;Barnawapara;x;
20924;133;129;133;Sarangarh;x;
20925;233;129;133;Jonk;x;
20926;229;21;111;Padmapur;x;
20927;133;126;133;Balangir;x;
20928;5;155;5;Terasinga;x;
20929;38;229;226;Bikramkhol;x;
20930;229;5;5;Kharligarh;x;
20931;5;5;229;Kalahandi;x;
20932;8;211;22;Wardha;x;
20933;218;3;3;Kundina;x;
20934;8;211;19;Kalam;x;
20935;218;3;4;Pauni;x;
20936;18;1;176;Panar;x;
20937;188;21;17;Sundarnagar;x;
20938;58;15;66;Barman;x;
20939;58;13;66;Bareli;x;
20940;208;82;94;Narmadapuram;x;
20941;58;12;66;Nimad;x;
20942;158;82;94;Harda;x;
20943;128;8;75;Vatsa;x;
20944;197;14;92;Bhuragarh;x;
20945;197;171;92;Hamirpur;x;
20946;68;33;185;Baraundha;x;
20947;158;82;95;Suktimati;x;
20948;18;224;185;Hateshwarnath;x;
20949;218;225;185;Bharhut;x;
20950;248;63;185;Sonbhadra;x;
20951;228;2;15;Maunath;x;
20952;228;223;75;Kathiraon;x;
20953;233;24;27;Sarlahi;x;
20954;251;254;13;Dhorpatan;x;
20955;208;208;29;Bardiya;x;
20956;208;22;29;Kanchanpur;x;
20957;208;27;29;Sugauna-Samastipur;x;
20958;233;233;28;Tirabhukti;x;
20959;233;233;29;Licchavi;x;
20960;208;28;29;Kotigama;x;
20961;233;233;27;Kesaria;x;
20962;233;23;27;Naya;x;
20963;251;18;11;Pipphalivana;x;
20964;251;254;11;Tanakpur;x;
20965;208;21;29;Kaliali;x;
20966;251;254;12;Tikapur;x;
20967;18;194;75;Budaun;x;
20968;18;242;166;Tilokpur;x;
20969;208;24;29;Pilibhit;x;
20970;228;193;175;Chaupala;x;
20971;18;242;167;Samkasya;x;
20972;208;208;28;Mahodaya;x;
20973;20;208;29;Tirwa;x;
20974;208;26;29;Waneshwar;x;
20975;228;93;75;Ugu;x;
20976;28;193;75;Sitapur;x;
20977;228;4;16;Khairabad;x;
20978;128;95;75;Bhitaura;x;
20979;128;96;75;Kaushambi;x;
20980;128;193;75;Amethi;x;
20981;228;94;75;Faizabad;x;
20982;228;193;75;Jagdishpur;x;
20983;208;25;29;Lakhimpur-Puranpur;x;
20984;38;251;176;Saryupara;x;
20985;38;208;29;Nanpara;x;
20986;228;222;75;Basti;x;
20987;208;23;29;Balrampur;x;
20988;172;72;73;Besnagar;x;
20989;88;21;4;Ashta;x;
20990;88;21;5;Suthaliya;x;
20991;179;179;176;Kumbhraj;x;
20992;88;21;6;Ramgarh;x;
20993;88;21;3;Jirapur;x;
20994;68;163;225;Champaner;x;
20995;3;151;16;Jhabua;x;
20996;168;63;45;Mandapika;x;
20997;254;4;176;Banswara;x;
20998;88;51;13;Mewar;x;
20999;118;21;114;Shirpur;x;
21000;58;14;66;Nimar;x;
21001;248;182;2;Burhanpur-Yawal;x;
21002;248;182;3;Jalgaon;x;
21003;128;93;75;Nandurbar-Lata;x;
21004;95;128;134;Laling;x;
21005;233;129;134;Navasarika;x;
21006;238;221;35;Jambusar;x;
21007;28;183;76;Khambhalia;x;
21008;238;221;34;Kalyanpur;x;
21009;118;21;112;Wankaner;x;
21010;238;21;33;Ambran;x;
21011;238;221;33;Jodiya;x;
21012;38;121;112;Bhadresar;x;
21013;138;21;112;Anjar;x;
21014;238;221;36;Pachham;x;
21015;238;21;35;Kandla;x;
21016;238;21;34;Adesar;x;
21017;238;21;37;Lakhpat;x;
21018;238;221;37;Koteshwar;x;
21019;238;21;36;Banni;x;
21020;118;21;113;Savar;x;
21021;238;222;35;Godhra;x;
21022;228;157;16;Modasa;x;
21023;198;82;66;Devgarh;x;
21024;158;82;67;Ratangarh;x;
21025;88;51;14;Mandalgarh;x;
21026;198;13;14;Jahazpur;x;
21027;88;21;7;Nimola;x;
21028;188;151;176;Chambal;x;
21029;198;12;13;Lawah;x;
21030;198;12;14;Nainwah;x;
21031;18;242;66;Tonk;x;
21032;158;82;166;Deoli;x;
21033;128;97;75;Simhapaniya;x;
21034;197;171;91;Bhitarwar;x;
21035;85;217;129;Khuldabad;x;
21036;248;12;1;Jhodga;x;
21037;248;182;1;Elapura;x;
21038;85;15;8;Prabhavati;x;
21039;85;15;228;Pishtapura;x;
21040;8;211;21;Akola;x;
21041;85;15;7;Washim-Vakataka;x;
21042;85;15;229;Punaka;x;
21043;85;15;129;Chakan;x;
21044;194;129;134;Harishchandragad;x;
21045;85;16;129;Pawar;x;
21046;195;129;134;Malegaon;x;
21047;95;129;134;Baglana;x;
21048;58;216;169;Kaulas-Molangur;x;
21049;58;216;69;Udgir;x;
21050;8;211;18;Ashmaka;x;
21051;85;17;129;Jamkhed;x;
21052;208;65;66;Tuljapur;x;
21053;208;66;66;Barshi;x;
21054;208;64;66;Omerga;x;
21055;21;21;176;Hedimba;x;
21056;18;82;196;Bagavi;x;
21057;21;21;177;Sannati;x;
21058;198;211;34;Bhonagir;x;
21059;198;211;33;Alvanpalli;x;
21060;198;21;33;Kovilakonda;x;
21061;188;152;176;Sirpur;x;
21062;188;21;18;Manikdrug;x;
21063;233;231;28;Kondapalli;x;
21064;58;216;66;Konasamudram;x;
21065;58;216;167;Vemulavada;x;
21066;58;16;66;Balkonda-Basar;x;
21067;58;216;67;Kotgiri;x;
21068;58;216;168;Laknavaram;x;
21069;187;171;34;Cherla;x;
21070;5;171;34;Katukuru;x;
21071;233;231;27;Denduluru;x;
21072;3;182;66;Nagayalanka;x;
21073;26;227;26;Eluru;x;
21074;28;193;236;Yanaon;x;
21075;26;27;27;Koringa;x;
21076;26;227;27;Mosala;x;
21077;218;227;185;Prahaladanapura;x;
21078;218;228;185;Sirohi;x;
21079;198;63;225;Dhanera;x;
21080;158;82;66;Khari;x;
21081;218;226;185;Panchapur;x;
21082;3;51;116;Taung Kalat;x;
21083;3;52;116;Myotha;x;
21084;76;52;116;Thakyin;x;
21085;76;53;116;Pinle;x;
21086;76;53;222;Mahlaing;x;
21087;76;53;223;Myinsaing;x;
21088;76;51;116;Mandalay;x;
21089;16;201;76;Isthmia;x;
21090;16;202;76;Piada;x;
21091;16;203;76;Lyrkeia;x;
21092;16;204;76;Lakhipur;x;
21093;231;213;71;Kiradu;x;
21094;231;213;72;Malani;x;
21095;231;213;73;Stravani;x;
21096;231;214;76;Gaeliat;x;
21097;231;214;75;Nalchik;x;
21098;3;51;131;Chegem;x;
21099;229;11;76;Malkar;x;
21100;229;12;76;Majar;x;
21101;229;13;76;Dargavs;x;
21102;229;229;76;Kistetia;x;
21103;58;44;190;Tarbisu;x;
21104;58;44;191;Cius;x;
21105;154;32;48;Taihe;x;
21106;255;153;51;Yangbi;x;
21107;177;143;109;Dali;x;
21108;255;230;0;Fengyu;x;
21109;109;177;120;Shuang Lang;x;
21110;28;83;76;Wase;x;
21111;18;182;66;Xizhou;x;
21112;50;149;123;Yunnan;x;
21113;206;55;45;Shang Cheng;x;
21114;221;45;155;Binchuan;x;
21115;187;187;81;Ji Zu;x;
21116;139;124;215;Kainan;x;
21117;148;25;43;Nanjian;x;
21118;200;130;174;Midu;x;
21119;255;51;83;Lung Dung;x;
21120;203;6;0;Mouzhou;x;
21121;129;25;148;Baozhou;x;
21122;112;168;128;Dayao;x;
21123;203;97;0;Shisang;x;
21124;149;88;50;Sufu;x;
21125;43;203;0;LuBy;x;
21126;34;142;75;Shuangbai;x;
21127;63;139;136;Xuchu;x;
21128;203;49;144;ZiWu;x;
21129;145;116;127;YiDu;x;
21130;203;0;58;Moutong;x;
21131;28;83;75;Luobo;x;
21132;28;83;72;Shaxi;x;
21133;210;31;19;Baisha;x;
21134;28;83;74;Katou;x;
21135;28;83;73;Dayan-Lijiang;x;
21136;240;99;89;Maso;x;
21137;149;79;50;Chengji;x;
21138;98;202;216;Lugu;x;
21139;228;83;76;Yongning;x;
21140;171;0;203;Kun Ming;x;
21141;255;151;51;Songwai;x;
21142;142;46;42;Fugong;x;
21143;228;15;75;Nomu;x;
21144;200;130;146;Lanxi;x;
21145;255;51;159;Yunlong;x;
21146;219;151;50;Liuku;x;
21147;142;102;42;Yongchang;x;
21148;167;127;127;Mang Chang;x;
21149;190;184;135;Shengxiang;x;
21150;209;111;118;Guangyi;x;
21151;42;110;142;Dang Biong;x;
21152;228;13;75;Changning;x;
21153;36;144;34;Linxiang;x;
21154;188;156;69;Yun Xian;x;
21155;109;66;83;Tuonan;x;
21156;221;39;66;Khiang Lang;x;
21157;139;195;223;Man Kueng;x;
21158;221;172;39;Qang Ying;x;
21159;149;50;142;Yinsheng;x;
21160;209;70;70;Wenjing;x;
21161;48;214;218;Mengtong;x;
21162;34;90;144;Zhenyuan;x;
21163;191;47;223;Kokang;x;
21164;47;213;223;Hsenwi;x;
21165;35;122;128;Lashio;x;
21166;156;234;224;Kutkai;x;
21167;175;151;244;Panghseng;x;
21168;200;164;130;Huichuan;x;
21169;185;232;235;Hopang;x;
21170;213;90;51;Muli-Litang;x;
21171;16;3;216;MangChang;x;
21172;16;4;216;Fengqing;x;
21173;16;5;216;WoLu;x;
21174;16;6;216;Dayao;x;
21175;199;122;3;Shanju;x;
21176;3;211;111;Huaping;x;
21177;76;151;116;Ninglang;x;
21178;76;152;116;Luobang;x;
21179;206;11;38;Luogong;x;
21180;7;3;176;Ruku;x;
21181;16;41;196;UtiriPale;x;
21182;193;3;11;Yuli;x;
21183;193;3;12;Hoxud;x;
21184;113;193;12;Bagrax;x;
21185;113;192;12;Arsi;x;
21186;16;251;76;Kaidu;x;
21187;193;3;44;LopNor;x;
21188;216;11;36;Wensu;x;
21189;216;11;37;Awat;x;
21190;216;211;37;Kalpin;x;
21191;216;211;36;Bay;x;
21192;216;211;35;Muzart;x;
21193;216;211;34;Qunbak;x;
21194;22;81;186;Kuli;x;
21195;22;221;1;Akhvakh;x;
21196;211;51;3;Shuraozen;x;
21197;144;91;76;Beth Bgash;x;
21198;144;91;77;Ramgad;x;
21199;144;91;78;Jayagada;x;
21200;88;144;166;Chyorny;x;
21201;89;144;166;Lazia;x;
21202;87;144;166;Tapanta;x;
21203;86;144;166;Xalxal;x;
21204;85;144;166;Torikos;x;
21205;84;144;166;Utash;x;
21206;83;144;166;Samkarsh;x;
21207;82;144;166;Kbaade;x;
21208;81;144;166;Shule;x;
21209;80;144;166;Kashyar;x;
21210;80;244;166;Artush;x;
21211;22;244;76;Kerait;x;
21212;21;4;248;Uriankhai;x;
21213;23;4;126;Salianchuan;x;
21214;24;244;180;Tarqan;x;
21215;25;4;218;Ulan Nor;x;
21216;26;244;13;Quxuewur;x;
21217;28;244;126;Wangji;x;
21218;27;4;76;Lanrhaelun;x;
21219;29;4;180;Shalantu;x;
21220;255;111;40;Tihuquan;x;
21221;126;168;77;Miechuan;x;
21222;112;134;236;Shouxiangcheng;x;
21223;107;140;232;Chengwei;x;
21224;108;41;236;Shunhuadu;x;
21225;20;38;240;Wenchi;x;
21226;118;38;232;Anlechuan;x;
21227;119;38;236;Lanchi;x;
21228;33;195;96;Mingsha;x;
21229;217;38;248;Weiruhe;x;
21230;115;38;240;Huining;x;
21231;16;38;244;Wulan;x;
21232;14;38;236;Lanzhou;x;
21233;79;96;16;Longgoubao;x;
21234;12;38;248;Didao;x;
21235;13;38;232;Hezhou;x;
21236;193;102;16;Kenuo;x;
21237;177;108;217;Binglingsi;x;
21238;28;182;4;Lazikou;x;
21239;28;182;3;Xagdom;x;
21240;248;3;66;Gakog;x;
21241;48;82;46;Youganning;x;
21242;48;82;47;Gerqen;x;
21243;38;82;166;Liqian;x;
21244;231;11;116;Sergelen;x;
21245;4;14;4;gobi_desert;x;
21246;4;15;4;Lingwu;x;
21247;4;16;4;Guzang;x;
21248;99;7;99;Kistani;x;
21249;9;179;1;Darial;x;
21250;199;199;18;Dzau;x;
21251;99;8;99;Angusht;x;
21252;199;8;99;Marta;x;
21253;99;17;99;Iskark;x;
21254;99;16;99;Simsir;x;
21255;99;23;99;Mecha;x;
21256;99;24;99;Yelets;x;
21257;99;25;99;Tesha;x;
21258;99;26;99;Morsha;x;
21259;99;33;99;Vagar;x;
21260;99;34;99;Flakstad;x;
21261;99;35;99;Reisa;x;
21262;99;36;99;Salangen;x;
21263;99;37;99;Fold;x;
21264;199;37;199;Bothin;x;
21265;199;37;99;Fauske;x;
21266;99;38;99;Skjerstad;x;
21267;199;38;199;Saltdal;x;
21268;199;39;199;Gildeskal;x;
21269;99;41;99;Torgar;x;
21270;199;41;199;Harmr;x;
21271;99;42;99;Ambapuram;x;
21272;99;51;99;Mulaka;x;
21273;76;3;31;Pasangan;x;
21274;76;3;32;Dahan;x;
21275;76;3;33;Taft;x;
21276;76;3;34;Naryn;x;
21277;76;3;35;Selja;x;
21278;76;3;36;Kinn;x;
21279;76;3;136;Sunnfjörður;x;
21280;76;3;37;Midhordaland;x;
21281;76;11;37;Austrvollr;x;
21282;76;11;36;Mostr;x;
21283;76;11;21;Varachan;x;
21284;76;11;22;Gamri;x;
21285;76;11;23;Zichia;x;
21286;76;11;24;Hereti;x;
21287;76;11;25;Qobustan;x;
21288;76;11;26;Shirvan;x;
21289;32;11;76;Matsnaberd;x;
21290;32;12;76;Parisos;x;
21291;232;12;76;Zakam;x;
21292;232;11;76;Norberd;x;
21293;32;13;76;Mahkanaberd;x;
21294;232;13;76;Haghartsin;x;
21295;32;213;76;Akhtala;x;
21296;32;214;76;Tsurtav;x;
21297;232;14;76;Copa;x;
21298;232;15;76;Vahagni;x;
21299;232;16;76;Vardzia;x;
21300;34;44;16;Mokvi;x;
21301;34;44;17;Gagari;x;
21302;34;44;18;InalKuba;x;
21303;34;44;19;Vinjar;x;
21304;34;44;21;Eidsvoll;x;
21305;234;44;21;Nes;x;
21306;234;244;21;Hurdal;x;
21307;34;44;22;Hadeland;x;
21308;234;244;22;Hringisakr;x;
21309;34;44;23;Slidre;x;
21310;34;44;24;Vefsn;x;
21311;34;44;25;Veiga;x;
21312;234;44;25;Alost;x;
21313;234;44;26;Fosnes;x;
21314;234;44;27;Leka;x;
21315;234;44;28;Lygnir;x;
21316;234;44;29;Lengjuvík;x;
21317;234;41;21;Alfarheimr;x;
21318;37;44;16;Ramkola;x;
21319;37;44;17;Sonhat;x;
21320;137;44;17;Thagaon;x;
21321;137;44;16;Partabpur;x;
21322;137;44;15;Surguja;x;
21323;137;44;14;Gangpur;x;
21324;37;44;18;Porahat;x;
21325;37;44;19;Rairakhol;x;
21326;11;144;96;Altanbulag;x;
21327;11;144;95;Bulungkol;x;
21328;11;144;94;Tydal;x;
21329;111;144;94;Staurin;x;
21330;111;144;95;Meldal;x;
21331;243;189;22;Magam;x;
21332;21;91;76;Bugna;x;
21333;22;91;76;Kanfat;x;
21334;222;91;76;Kubar;x;
21335;46;51;196;Lotin;x;
21336;46;52;196;Kayit;x;
21337;46;53;196;Sambalut;x;
21338;46;54;196;Astrakhan;x;
21339;46;55;196;Goz Regeb;x;
21340;146;55;196;Taflien;x;
21341;146;54;196;Baaluk;x;
21342;146;53;196;South Butana;x;
21343;146;52;196;ToLus;x;
21344;146;51;196;Golluj;x;
21345;226;72;16;Barentu;x;
21346;226;73;16;Wegera;x;
21347;226;74;16;Metekel;x;
21348;226;75;16;Karkoj;x;
21349;226;76;16;Dangeil;x;
21350;166;61;66;Waram;x;
21351;216;61;66;Rosso;x;
21352;216;216;66;Trarza;x;
21353;216;216;67;Mbane;x;
21354;173;173;76;Nder;x;
21355;173;173;77;Lambaye;x;
21356;173;73;77;Baol;x;
21357;16;222;96;Diander;x;
21358;173;88;77;Ndiambour;x;
21359;173;88;76;Gandiol;x;
21360;16;222;97;Brakna;x;
21361;46;41;76;Aleg;x;
21362;16;51;246;Karamysh;x;
21363;219;51;96;Ukek;x;
21364;219;51;97;Zoa;x;
21365;219;51;98;Maina;x;
21366;219;51;99;Cheremshan;x;
21367;217;51;99;Sviyaga;x;
21368;196;21;46;Radonezh;x;
21369;196;21;47;Kupavna;x;
21370;196;221;47;Peremyshl;x;
21371;196;21;48;Lopasnya;x;
21372;196;21;49;Borovsk;x;
21373;196;221;48;Vereya;x;
21374;196;22;44;Yuryevets;x;
21375;196;23;44;Makariev;x;
21376;16;191;76;Suwarat;x;
21377;235;51;56;Luxor;x;
21378;235;52;56;Qasr el-Banat;x;
21379;235;53;56;Kom_Ahmar;x;
21380;235;54;56;Girga;x;
21381;235;55;56;Shutb;x;
21382;235;111;56;Saqiyat;x;
21383;148;198;178;Suluntah;x;
21384;216;3;41;Huining;x;
21385;216;3;42;Thak;x;
21386;216;3;43;Tegarama;x;
21387;200;200;3;Khalis;x;
21388;200;200;4;Aiwana;x;
21389;200;200;5;Kutha;x;
21390;16;11;76;Kučin;x;
21391;228;212;11;Varnakova;x;
21392;228;212;12;Varasova;x;
21393;228;212;13;Ezeros;x;
21394;228;212;14;Phalara;x;
21395;228;212;16;Kapraina;x;
21396;228;12;16;Skripou;x;
21397;228;212;17;Opous;x;
21398;228;212;15;Itea;x;
21399;207;207;1;Slonsk;x;
21400;207;207;2;Kiniec;x;
21401;207;44;2;Deszczno;x;
21402;207;44;1;Chojna;x;
21403;207;44;3;Czelin;x;
21404;207;44;4;Witnica;x;
21405;1;44;116;Marsā al-Kabīr;x;
21406;58;114;116;Marsā Madakh;x;
21407;2;44;116;Tafna;x;
21408;188;182;14;Dimimma;x;
21409;18;114;66;Girumu;x;
21410;18;114;67;Upiya;x;
21411;18;114;68;Kazeka;x;
21412;18;114;69;Mahikawati;x;
21413;18;114;169;Jawhar;x;
21414;18;114;166;Sondai;x;
21415;18;114;11;Kalyan;x;
21416;18;134;66;Lalin;x;
21417;243;233;3;Atienza;x;
21418;243;133;3;Moron;x;
21419;118;24;66;Ucero;x;
21420;188;84;86;Kerlés;x;
#21421;58;44;66;;x;
#21422;58;44;66;;x;
#21423;58;44;66;;x;
#21424;58;44;66;;x;
#21425;58;44;66;;x;
#21426;58;44;66;;x;
#21427;58;44;66;;x;
#21428;58;44;66;;x;
#21429;58;44;66;;x;
#21430;76;51;76;;x;
#21431;76;51;76;;x;
#21432;76;51;76;;x;
#21433;76;51;76;;x;
#21434;76;51;76;;x;
#21435;76;51;76;;x;
#21436;76;51;76;;x;
#21437;76;51;76;;x;
#21438;76;51;76;;x;
#21439;76;51;76;;x;
#21440;76;51;76;;x;
#21441;76;51;76;;x;
#21442;76;51;76;;x;
#21443;76;51;76;;x;
#21444;76;51;76;;x;
#21445;76;51;76;;x;
#21446;76;51;76;;x;
#21447;76;51;76;;x;
#21448;76;51;76;;x;
#21449;76;51;76;;x;
#21450;76;51;76;;x;
#21451;76;51;76;;x;
#21452;76;51;76;;x;
#21453;76;51;76;;x;
#21454;76;51;76;;x;
#21455;76;51;76;;x;
#21456;76;51;76;;x;
#21457;76;51;76;;x;
#21458;76;51;76;;x;
#21459;76;51;76;;x;
#21460;76;51;76;;x;
#21461;76;51;76;;x;
#21462;76;51;76;;x;
#21463;76;51;76;;x;
#21464;76;51;76;;x;
#21465;76;51;76;;x;
#21466;76;51;76;;x;
#21467;76;51;76;;x;
#21468;76;51;76;;x;
#21469;76;51;76;;x;
#21470;76;51;76;;x;
#21471;76;51;76;;x;
#21472;76;51;76;;x;
#21473;76;51;76;;x;
#21474;76;51;76;;x;
#21475;76;51;76;;x;
#21476;76;51;76;;x;
#21477;76;51;76;;x;
#21478;76;51;76;;x;
#21479;76;51;76;;x;
#21480;76;51;76;;x;
#21481;76;51;76;;x;
#21482;76;51;76;;x;
#21483;76;51;76;;x;
#21484;76;51;76;;x;
#21485;76;51;76;;x;
#21486;76;51;76;;x;
#21487;76;51;76;;x;
#21488;76;51;76;;x;
#21489;76;51;76;;x;
#21490;76;51;76;;x;
#21491;76;51;76;;x;
#21492;76;51;76;;x;
#21493;76;51;76;;x;
#21494;76;51;76;;x;
#21495;76;51;76;;x;
#21496;76;51;76;;x;
#21497;76;51;76;;x;
#21498;76;51;76;;x;
#21499;76;51;76;;x;